/*
SQLyog Ultimate v12.09 (64 bit)
MySQL - 8.0.20 : Database - competiton
*********************************************************************
*/

/*!40101 SET NAMES utf8 */;

/*!40101 SET SQL_MODE=''*/;

/*!40014 SET @OLD_UNIQUE_CHECKS=@@UNIQUE_CHECKS, UNIQUE_CHECKS=0 */;
/*!40014 SET @OLD_FOREIGN_KEY_CHECKS=@@FOREIGN_KEY_CHECKS, FOREIGN_KEY_CHECKS=0 */;
/*!40101 SET @OLD_SQL_MODE=@@SQL_MODE, SQL_MODE='NO_AUTO_VALUE_ON_ZERO' */;
/*!40111 SET @OLD_SQL_NOTES=@@SQL_NOTES, SQL_NOTES=0 */;
CREATE DATABASE /*!32312 IF NOT EXISTS*/`competiton` /*!40100 DEFAULT CHARACTER SET utf8mb4 COLLATE utf8mb4_unicode_ci */ /*!80016 DEFAULT ENCRYPTION='N' */;

USE `competiton`;

/*Table structure for table `admin` */

DROP TABLE IF EXISTS `admin`;

CREATE TABLE `admin` (
  `admin_id` int NOT NULL AUTO_INCREMENT COMMENT '管理员唯一ID',
  `name` varchar(50) NOT NULL COMMENT '管理员姓名',
  `email` varchar(100) NOT NULL COMMENT '管理员邮箱（唯一登录账号）',
  `password` varchar(255) NOT NULL COMMENT '登录密码（bcrypt哈希存储）',
  PRIMARY KEY (`admin_id`),
  UNIQUE KEY `email` (`email`)
) ENGINE=InnoDB AUTO_INCREMENT=2002 DEFAULT CHARSET=utf8mb4 COLLATE=utf8mb4_0900_ai_ci COMMENT='管理员信息表';

/*Data for the table `admin` */

insert  into `admin`(`admin_id`,`name`,`email`,`password`) values (7,'系统管理员1','admin@admin.com','$2a$10$sNSX16ckqLIGW/WwBiXOAupdnbRUxCbF3pfo5iTQgeUDSoMhCw4Ey'),(2001,'超级管理员','superadmin@admin.com','$2a$10$m4ubWPTMpYle9yhbbj2rO..mZGiF.UcfXcr4ATH4QIGJFVIPO.9k6');

/*Table structure for table `announcement` */

DROP TABLE IF EXISTS `announcement`;

CREATE TABLE `announcement` (
  `announcement_id` int NOT NULL AUTO_INCREMENT COMMENT '公告唯一ID',
  `admin_id` int NOT NULL COMMENT '发布管理员ID（外键关联admin表）',
  `title` varchar(200) NOT NULL COMMENT '公告标题',
  `content` text CHARACTER SET utf8mb4 COLLATE utf8mb4_0900_ai_ci NOT NULL COMMENT '公告正文（文本内容）',
  `created_at` datetime DEFAULT CURRENT_TIMESTAMP COMMENT '发布时间（UTC时间）',
  PRIMARY KEY (`announcement_id`),
  KEY `announcement_ibfk_1` (`admin_id`),
  CONSTRAINT `announcement_ibfk_1` FOREIGN KEY (`admin_id`) REFERENCES `admin` (`admin_id`) ON DELETE CASCADE ON UPDATE CASCADE
) ENGINE=InnoDB AUTO_INCREMENT=7 DEFAULT CHARSET=utf8mb4 COLLATE=utf8mb4_0900_ai_ci COMMENT='系统公告表';

/*Data for the table `announcement` */

insert  into `announcement`(`announcement_id`,`admin_id`,`title`,`content`,`created_at`) values (1,2001,'系统维护通知','为提升系统性能，将于 2024-03-15 00:00 至 03:00 进行数据库升级，期间服务可能出现短暂中断。','2024-03-10 14:30:00'),(2,2001,'竞赛报名截止提醒','2024年春季编程大赛报名将于 2024-03-20 23:59 截止，请未提交的学生尽快完成报名。','2024-03-18 09:15:00'),(3,2001,'获奖名单公示','2023年全国数学建模竞赛获奖名单已发布，请登录系统查看详情。附件：<a href=\"/files/awards.pdf\">下载链接</a>','2024-03-22 16:00:00'),(4,2001,'账号安全升级公告','	为全面提升平台安全防护能力，防范日益复杂的网络攻击风险，现面向全体用户启动​​账号安全强化专项行动​​。根据国家网络安全等级保护2.0标准及教育行业数据安全规范要求，所有用户（含学生、教师、管理员）须于2025年6月1日24:00前完成密码更新操作​​。逾期未完成者，账号将暂时冻结直至密码重置。\r\n\r\n​​1.操作指引​​\r\n​​密码修改路径​​\r\n通过「我的-密码修改」完成操作。\r\n​​2.密码强度要求​​\r\n长度不少于8位，需包含大写字母、小写字母、数字及特殊符号（如!@#$%^&*）。\r\n禁止使用连续字符（如123456）、简单重复（如aaaaaa）或与用户名关联的弱密码。\r\n3.定期更换密码\r\n建议每90天更新一次，历史密码不重复使用。\r\n​​4.技术支持与例外处理​​\r\n若遗忘密码，请联系系统管理员SystemAdmin@swan.edu或者到网络安全中心提交工单。\r\n因科研任务、竞赛评审等特殊原因需延长处理的用户，请于5月25日前提交书面申请至网络安全中心（security@swan.edu）。\r\n信息安全关乎每位师生的权益，感谢您为构建可信赖的学术环境贡献力量！\r\n\r\n​​网络安全领导小组​​\r\n2025年5月8日','2025-05-08 11:31:04'),(5,2001,'新功能上线通知','竞赛管理系统新增「团队报名」功能，支持学生自由组队参赛，详情参见使用指南。','2025-05-10 10:31:04'),(6,2001,'欢迎来到竞赛管理系统','测试公告','2025-05-16 23:08:31');

/*Table structure for table `competition` */

DROP TABLE IF EXISTS `competition`;

CREATE TABLE `competition` (
  `competition_id` int NOT NULL AUTO_INCREMENT COMMENT '竞赛唯一ID',
  `title` varchar(200) NOT NULL COMMENT '竞赛标题',
  `description` text COMMENT '竞赛详细描述（富文本内容）',
  `host_unit_id` int NOT NULL COMMENT '主办单位ID（外键关联host_unit表）',
  `responsible_department_id` int NOT NULL COMMENT '责任院系ID（外键关联department表）',
  `level_id` int NOT NULL COMMENT '竞赛等级ID（外键关联competition_level表）',
  `signup_start_time` datetime NOT NULL COMMENT '报名开始时间（UTC时间）',
  `signup_end_time` datetime NOT NULL COMMENT '报名结束时间（UTC时间）',
  `competition_start_time` datetime NOT NULL COMMENT '竞赛开始时间（UTC时间）',
  `competition_end_time` datetime NOT NULL COMMENT '竞赛结束时间（UTC时间）',
  `status` enum('pending','available','active','ended','') CHARACTER SET utf8mb4 COLLATE utf8mb4_0900_ai_ci DEFAULT 'pending' COMMENT '竞赛状态（由触发器根据时间自动更新）',
  `admin_creator_id` int DEFAULT NULL COMMENT '管理员创建者ID（外键关联admin表，与teacher_creator_id二选一）',
  `teacher_creator_id` int DEFAULT NULL COMMENT '教师创建者ID（外键关联teacher表，与admin_creator_id二选一）',
  `created_at` datetime DEFAULT CURRENT_TIMESTAMP COMMENT '创建时间（UTC时间）',
  PRIMARY KEY (`competition_id`),
  KEY `idx_competition_status` (`status`),
  KEY `competition_ibfk_1` (`host_unit_id`),
  KEY `competition_ibfk_2` (`responsible_department_id`),
  KEY `competition_ibfk_3` (`level_id`),
  CONSTRAINT `competition_ibfk_1` FOREIGN KEY (`host_unit_id`) REFERENCES `host_unit` (`host_unit_id`) ON DELETE CASCADE ON UPDATE CASCADE,
  CONSTRAINT `competition_ibfk_2` FOREIGN KEY (`responsible_department_id`) REFERENCES `department` (`department_id`) ON DELETE CASCADE ON UPDATE CASCADE,
  CONSTRAINT `competition_ibfk_3` FOREIGN KEY (`level_id`) REFERENCES `competition_level` (`level_id`) ON DELETE CASCADE ON UPDATE CASCADE
) ENGINE=InnoDB AUTO_INCREMENT=1015 DEFAULT CHARSET=utf8mb4 COLLATE=utf8mb4_0900_ai_ci COMMENT='竞赛信息表';

/*Data for the table `competition` */

insert  into `competition`(`competition_id`,`title`,`description`,`host_unit_id`,`responsible_department_id`,`level_id`,`signup_start_time`,`signup_end_time`,`competition_start_time`,`competition_end_time`,`status`,`admin_creator_id`,`teacher_creator_id`,`created_at`) values (1001,'2024年江苏省大学生程序设计竞赛','面向全省高校的ACM-ICPC赛制编程比赛，三人组队参赛。',1,2,4,'2025-05-12 11:35:41','2025-05-31 11:35:51','2025-06-20 11:35:56','2025-07-31 08:36:02','available',2001,NULL,'2025-05-10 11:36:27'),(1002,'2025年ACM国际大学生程序设计竞赛','全球最具影响力的大学生计算机编程赛事，三人一组在5小时内解决10-12个算法问题，考验算法设计与编码能力',1,1,1,'2025-05-16 12:57:02','2025-06-20 12:57:09','2025-08-01 12:57:15','2025-12-31 12:57:20','available',2001,NULL,'2025-05-17 12:57:33'),(1003,'2025年全国大学生广告艺术大赛','中国最大的高校广告创意竞赛，设置平面、视频、动画、互动等多个类别，命题来自企业真实需求',1,8,2,'2025-05-16 12:58:15','2025-06-30 12:58:25','2025-07-01 12:58:34','2025-12-31 12:58:37','available',2001,NULL,'2025-05-17 12:58:58'),(1007,'2025年全国大学生机械创新设计大赛','机械工程领域的创新竞赛，每届设定不同主题，要求提交实物作品并完成现场演示和答辩',2,5,2,'2025-06-17 00:00:00','2025-07-17 23:59:59','2025-09-17 00:00:00','2025-12-17 23:59:59','pending',NULL,NULL,'2025-05-17 13:29:49'),(1008,'2025年中国大学生服务外包创新创业大赛','聚焦服务外包领域的创新创业赛事，命题来自企业真实需求，强调解决方案的商业可行性',1,7,3,'2025-06-17 00:00:00','2025-07-17 23:59:59','2025-10-17 00:00:00','2025-12-17 23:59:59','pending',NULL,NULL,'2025-05-17 13:50:54'),(1009,'2025年秋季校园篮球赛','2025年秋季校园篮球赛是由XX大学体育部与学生会联合主办、各院系体育部和校篮球社协办的一项大型体育赛事，将于2025年9月15日至10月20日每周三、六下午在校体育馆和室外篮球场举行。本届赛事以\"青春无畏，逐梦篮途\"为主题，面向全校本科生和研究生开放报名，旨在通过篮球运动增强学生体质、促进院系交流、丰富校园文化生活。比赛设置男子5v5全场、女子3v3半场以及师生混合趣味赛等多个组别，赛程分为9月15-30日的预选赛、10月8-15日的淘汰赛和10月20日的总决赛三个阶段。参赛者可通过院系组队或自由组队方式报名，每队5-12人，个人报名者将由组委会协助组队，报名截止日期为2025年9月5日。赛事奖励丰厚，除冠亚季军团队将获得奖杯和800/500/300元奖金外，还设有MVP球员、最佳得分王等个人奖项，所有完赛队员均可获得校庆限量版运动手环。本届比赛将严格遵循国际篮联最新规则，由专业裁判团队执裁，确保赛事公平公正，为全校师生呈现一场精彩纷呈的篮球盛宴。',3,4,5,'2025-06-17 00:00:00','2025-09-01 23:59:59','2025-09-15 00:00:00','2025-10-21 23:59:59','pending',NULL,NULL,'2025-05-17 15:10:20'),(1010,'2025年校园金融模拟大赛','2025年校园金融模拟大赛是由XX大学经济学院主办的虚拟投资竞赛，将于10月10日至11月10日举行。比赛采用真实股市数据模拟交易环境，参赛者可以个人或组队（每队不超过3人）形式参与，通过为期一个月的投资操作，最终按投资收益率进行排名。赛事旨在通过实战模拟培养参赛者的金融分析能力、风险管控意识和投资决策水平，为对金融投资感兴趣的同学提供实践平台。优秀选手将获得经济学院颁发的获奖证书及实习推荐机会，表现突出的团队还将有机会参加全国金融模拟大赛。',3,7,5,'2025-05-29 00:00:00','2025-09-30 23:59:59','2025-10-10 00:00:00','2025-11-10 23:59:59','available',NULL,NULL,'2025-05-17 15:17:37'),(1011,'2025年全国大学生集成电路创新创业大赛','全国大学生集成电路创新创业大赛是指由工业和信息化部人才交流中心主办的，面向全国大学生的集成电路领域专业竞赛。这个比赛旨在服务集成电路产业发展需求，提升我国集成电路产业人才培养质量，打造产学研用协同创新平台。参赛学生通过完成特定的赛题，展示其在数字与SoC设计、频与模拟芯片设计、国产处理器与芯片应用以及FPGA设计与应用等方向的创新能力和实践水平。\n\n具体来说，全国大学生集成电路创新创业大赛具有以下特点：\n\n参赛要求：学生自行组队，每队1-3人。根据团队成员的学历层次，分为本科生组（A组）和研究生组（B组）。\n\n赛道类别：包括频与模拟芯片设计、数字与SoC设计、国产处理器与芯片应用、FPGA设计与应用等多个赛道，每个赛道都有具体的企业赞助和赛题设定。\n\n重要时间节点：比赛通常在1月份发布赛题，3月中旬完成报名。中期检查、分区决赛和总决赛分别在6月、7月和8月进行。\n\n参赛价值：获奖对本科生的保研、考研面试等有重要影响，同时有助于提升学生的创新实践能力、工程素质和团队协作精神。\n\n指导与准备：指导老师在比赛中扮演关键角色，帮助学生进行文献分析、创新解决方案的提出和实验结果的呈现。参赛学生需要有扎实的专业基础，如FPGA、嵌入式设计等，以及一定的学术论文撰写能力。',1,2,2,'2025-05-15 00:00:00','2025-07-17 23:59:59','2025-08-17 00:00:00','2025-12-17 23:59:59','available',NULL,NULL,'2025-05-17 20:56:18'),(1012,'2025年校园电竞联赛','025年校园电竞联赛是由校学生会与体育部联合主办的官方电子竞技赛事，将于10月15日至11月30日每周六在校园电竞馆举行。本届联赛设置《英雄联盟》（5v5召唤师峡谷）、《王者荣耀》（5v5王者峡谷）和《CS2》（5v5爆破模式）《无畏契约》（5v5爆破模式）四大主流电竞项目，面向全体在校生开放报名，每个项目限报32支战队。赛事采用\"小组循环赛+双败淘汰制\"的赛程体系，所有比赛均配备专业级设备与OB直播系统，确保竞技公平性。组委会特别设立总价值超2万元的奖金池，各项目冠军战队将获得1500元奖金及定制外设套装，亚军、季军分别奖励800元和500元，所有参赛选手均可获得校级体育学分加分。赛事期间还将同步举办\"电竞解说大赛\"和\"cosplay表演赛\"等周边活动，为校园电竞爱好者提供多元展示平台。本届联赛旨在通过规范化赛事推动校园电竞文化健康发展，培养团队协作与竞技精神，所有比赛均严格遵循\"绿色电竞\"原则，严禁代打、作弊等违规行为，违规者将取消参赛资格并通报批评。',3,4,5,'2025-05-10 00:00:00','2025-06-17 23:59:59','2025-09-17 00:00:00','2025-12-17 23:59:59','available',NULL,NULL,'2025-05-17 21:23:23'),(1013,'​2025全国大学生动物科学技能大赛​','由教育部主办的动物科学领域权威赛事，涵盖动物遗传育种、营养饲料、疾病防控等方向，参赛者需完成实验操作、案例分析及现场答辩，旨在提升学生实践创新能力。',1,3,2,'2025-05-10 00:00:00','2025-07-18 23:59:59','2025-09-18 00:00:00','2025-12-18 23:59:59','available',NULL,NULL,'2025-05-18 14:47:38'),(1014,'​​2025年“丝路杯”省级高校外语综合能力竞赛​','本届竞赛以“跨文化沟通与区域服务”为主题，涵盖​​多语种口译、商务谈判模拟、外宣文案写作、一带一路文化解说​​四大模块，采用“AI+专家”双评审机制，初赛为线上语言能力测试（含听力、翻译、跨文化案例分析），复赛增设虚拟仿真情境任务（如国际会议同传、跨境电商纠纷调解），决赛要求团队完成省级外事项目的全流程方案设计并答辩。赛事对接省级翻译人才库，优胜者将获得涉外企业实习推荐及省级外语能力认证证书，旨在培养兼具语言能力、专业素养和国际视野的新时代外语人才。',5,6,4,'2025-05-01 00:00:00','2025-08-19 23:59:59','2025-10-19 00:00:00','2026-03-19 23:59:59','available',NULL,NULL,'2025-05-19 18:13:33');

/*Table structure for table `competition_level` */

DROP TABLE IF EXISTS `competition_level`;

CREATE TABLE `competition_level` (
  `level_id` int NOT NULL AUTO_INCREMENT COMMENT '竞赛等级唯一ID',
  `level_name` varchar(20) CHARACTER SET utf8mb4 COLLATE utf8mb4_0900_ai_ci NOT NULL COMMENT '等级名称（如校级C/省级A/国家级A）',
  PRIMARY KEY (`level_id`),
  UNIQUE KEY `level_name` (`level_name`)
) ENGINE=InnoDB AUTO_INCREMENT=6 DEFAULT CHARSET=utf8mb4 COLLATE=utf8mb4_0900_ai_ci COMMENT='竞赛等级字典表';

/*Data for the table `competition_level` */

insert  into `competition_level`(`level_id`,`level_name`) values (2,'国家级A'),(3,'国家级B'),(1,'国际级'),(5,'校级C'),(4,'省级A');

/*Table structure for table `department` */

DROP TABLE IF EXISTS `department`;

CREATE TABLE `department` (
  `department_id` int NOT NULL AUTO_INCREMENT COMMENT '院系唯一ID',
  `name` varchar(100) NOT NULL COMMENT '院系名称（如计算机学院）',
  `contact` varchar(50) DEFAULT NULL COMMENT '院系联系方式（电话/邮箱）',
  PRIMARY KEY (`department_id`)
) ENGINE=InnoDB AUTO_INCREMENT=10 DEFAULT CHARSET=utf8mb4 COLLATE=utf8mb4_0900_ai_ci COMMENT='院系信息表';

/*Data for the table `department` */

insert  into `department`(`department_id`,`name`,`contact`) values (1,'计算机学院','contact@cs.edu'),(2,'电子工程学院','contact@ee.edu'),(3,'动物科学学院','AS@Swan.edu'),(4,'体育科学学院','SS@Swan.edu'),(5,'机械工程学院','me@example.com'),(6,'外语学院','fl@swan.edu'),(7,'经济管理学院','eco@swan.edu'),(8,'艺术设计学院','AD@swan.edu'),(9,'马克思主义学院','Marx@Swan.edu');

/*Table structure for table `host_unit` */

DROP TABLE IF EXISTS `host_unit`;

CREATE TABLE `host_unit` (
  `host_unit_id` int NOT NULL AUTO_INCREMENT COMMENT '主办单位唯一ID',
  `name` varchar(100) NOT NULL COMMENT '主办单位全称（如中国计算机学会）',
  PRIMARY KEY (`host_unit_id`),
  UNIQUE KEY `name` (`name`)
) ENGINE=InnoDB AUTO_INCREMENT=7 DEFAULT CHARSET=utf8mb4 COLLATE=utf8mb4_0900_ai_ci COMMENT='主办单位信息表';

/*Data for the table `host_unit` */

insert  into `host_unit`(`host_unit_id`,`name`) values (3,'学校教务处'),(1,'教育部'),(5,'湖南省教育厅'),(2,'科技协会'),(6,'长沙市教育局');

/*Table structure for table `registration` */

DROP TABLE IF EXISTS `registration`;

CREATE TABLE `registration` (
  `registration_id` int NOT NULL AUTO_INCREMENT COMMENT '报名记录唯一ID',
  `student_id` int NOT NULL COMMENT '学生ID（外键student表）',
  `competition_id` int NOT NULL COMMENT '竞赛ID（外键competition表）',
  `status` enum('pending','approved','rejected') DEFAULT 'pending' COMMENT '审核状态（pending待审核/approved已通过/rejected已拒绝）',
  `teacher_approver_id` int DEFAULT NULL COMMENT '审批教师ID（外键关联teacher表，未审批时为空）',
  `created_at` datetime DEFAULT CURRENT_TIMESTAMP COMMENT '报名时间（UTC时间）',
  `team_id` int DEFAULT NULL COMMENT '队伍ID（外键team表）',
  PRIMARY KEY (`registration_id`),
  KEY `idx_registration_status` (`status`),
  KEY `1` (`student_id`),
  KEY `2` (`competition_id`),
  KEY `3` (`teacher_approver_id`),
  KEY `4` (`team_id`),
  CONSTRAINT `1` FOREIGN KEY (`student_id`) REFERENCES `student` (`student_id`) ON DELETE CASCADE ON UPDATE CASCADE,
  CONSTRAINT `2` FOREIGN KEY (`competition_id`) REFERENCES `competition` (`competition_id`) ON DELETE CASCADE ON UPDATE CASCADE,
  CONSTRAINT `3` FOREIGN KEY (`teacher_approver_id`) REFERENCES `teacher` (`teacher_id`) ON DELETE CASCADE ON UPDATE CASCADE,
  CONSTRAINT `4` FOREIGN KEY (`team_id`) REFERENCES `team` (`team_id`) ON DELETE CASCADE ON UPDATE CASCADE
) ENGINE=InnoDB AUTO_INCREMENT=10035 DEFAULT CHARSET=utf8mb4 COLLATE=utf8mb4_0900_ai_ci COMMENT='竞赛报名记录表';

/*Data for the table `registration` */

insert  into `registration`(`registration_id`,`student_id`,`competition_id`,`status`,`teacher_approver_id`,`created_at`,`team_id`) values (10000,2023020701,1001,'approved',502006,'2025-05-11 18:59:26',10000),(10001,2023020702,1001,'approved',502006,'2025-05-11 19:26:40',10000),(10002,2023020703,1001,'approved',502006,'2025-05-11 19:26:53',10000),(10008,2023020704,1001,'approved',502006,'2025-05-13 22:42:51',10004),(10013,2023010199,1001,'approved',502066,'2025-05-15 07:21:12',10005),(10014,2024080009,1003,'approved',508001,'2025-05-17 21:44:28',10006),(10015,2024080010,1003,'approved',508001,'2025-05-17 21:45:08',10006),(10016,2024080011,1003,'approved',508001,'2025-05-17 21:45:46',10006),(10017,2024080013,1003,'approved',508001,'2025-05-17 22:50:13',10006),(10018,2024080013,1003,'rejected',508001,'2025-05-17 22:50:33',10006),(10019,2023020004,1011,'approved',502066,'2025-05-17 23:04:56',10007),(10021,2023020005,1011,'approved',502066,'2025-05-17 23:08:35',10007),(10022,2023020006,1011,'approved',502066,'2025-05-17 23:14:34',10007),(10023,2021010001,1002,'approved',501004,'2025-05-18 22:07:22',10010),(10024,2021010002,1002,'approved',501004,'2025-05-18 22:08:08',10010),(10025,2021010003,1002,'approved',501004,'2025-05-18 22:08:47',10010),(10026,2022040027,1012,'approved',504001,'2025-05-18 22:10:09',10011),(10027,2022040028,1012,'approved',504001,'2025-05-18 22:11:01',10011),(10028,2022040029,1012,'approved',504001,'2025-05-18 22:11:30',10011),(10029,2022040030,1012,'approved',504001,'2025-05-18 22:11:55',10011),(10030,2022040031,1012,'approved',504001,'2025-05-18 22:12:40',10011),(10031,2022060022,1014,'approved',506020,'2025-05-19 21:15:18',10012),(10032,2023060036,1014,'rejected',506020,'2025-05-19 21:22:24',10012),(10033,2023060041,1014,'approved',506020,'2025-05-19 21:23:09',10012),(10034,2023010199,1014,'pending',506020,'2025-05-24 22:37:41',10012);

/*Table structure for table `score` */

DROP TABLE IF EXISTS `score`;

CREATE TABLE `score` (
  `score_id` int NOT NULL AUTO_INCREMENT COMMENT '成绩记录唯一ID',
  `team_id` int NOT NULL COMMENT '队伍ID（外键team表）',
  `teacher_id` int NOT NULL COMMENT '录入教师ID（外键teacher表）',
  `award_level` enum('一等奖','二等奖','三等奖','优胜奖') NOT NULL COMMENT '获奖等级',
  `certificate_path` varchar(255) DEFAULT NULL COMMENT '获奖证书文件路径（如OSS地址）',
  `created_at` datetime DEFAULT CURRENT_TIMESTAMP COMMENT '录入时间',
  PRIMARY KEY (`score_id`),
  KEY `idx_score_award` (`award_level`),
  KEY `score_ibfk_1` (`team_id`),
  KEY `score_ibfk_2` (`teacher_id`),
  CONSTRAINT `score_ibfk_1` FOREIGN KEY (`team_id`) REFERENCES `team` (`team_id`) ON DELETE CASCADE ON UPDATE CASCADE,
  CONSTRAINT `score_ibfk_2` FOREIGN KEY (`teacher_id`) REFERENCES `teacher` (`teacher_id`) ON DELETE CASCADE ON UPDATE CASCADE
) ENGINE=InnoDB AUTO_INCREMENT=8 DEFAULT CHARSET=utf8mb4 COLLATE=utf8mb4_0900_ai_ci COMMENT='竞赛成绩表（按队伍评级）';

/*Data for the table `score` */

insert  into `score`(`score_id`,`team_id`,`teacher_id`,`award_level`,`certificate_path`,`created_at`) values (4,10000,502006,'三等奖','/static/images/score/1747285625378_10000.jpg','2025-05-14 16:56:53'),(6,10005,502066,'一等奖','/static/images/score/1747589587841_10005.jpg','2025-05-19 00:23:32'),(7,10012,506020,'一等奖','/static/images/score/1747662798530_10012.jpg','2025-05-19 21:53:18');

/*Table structure for table `student` */

DROP TABLE IF EXISTS `student`;

CREATE TABLE `student` (
  `student_id` int NOT NULL AUTO_INCREMENT COMMENT '学生唯一ID',
  `name` varchar(50) NOT NULL COMMENT '学生姓名',
  `department_id` int NOT NULL COMMENT '所属院系ID（外键关联department表）',
  `email` varchar(100) NOT NULL COMMENT '学生邮箱（唯一登录账号）',
  `password` varchar(255) NOT NULL COMMENT '登录密码（bcrypt哈希存储，长度至少60字符）',
  PRIMARY KEY (`student_id`),
  UNIQUE KEY `email` (`email`),
  KEY `student_ibfk_1` (`department_id`),
  CONSTRAINT `student_ibfk_1` FOREIGN KEY (`department_id`) REFERENCES `department` (`department_id`) ON DELETE CASCADE ON UPDATE CASCADE
) ENGINE=InnoDB AUTO_INCREMENT=2024090056 DEFAULT CHARSET=utf8mb4 COLLATE=utf8mb4_0900_ai_ci COMMENT='学生信息表';

/*Data for the table `student` */

insert  into `student`(`student_id`,`name`,`department_id`,`email`,`password`) values (2021010001,'郑玉',1,'21zhengy1@swanstu.edu','$2a$10$47vM8aQnCVaTubBBTvlfHueyVV.rncZHHiOxfwJA/2mC4F6wiZUFy'),(2021010002,'李莉',1,'21lil2@swanstu.edu','$2a$10$Xo2Mnag0/y1pD8zpm7Wjwug6dz6B0NSWVcJCsTrbN8T8ydkbKarTu'),(2021010003,'杨玉珍',1,'21yangy3@swanstu.edu','$2a$10$BXArMa5YtM0tvSp0Nxyveuj5kjJo6ap3MYL0EJaM1wWPkru1JHyku'),(2021010004,'丁海燕',1,'21dingh4@swanstu.edu','$2a$10$Osu9pqcqsncxtuKz8FbTZOQjtm7yTPySvlmxwwyHQruYuqO/PoXlG'),(2021010005,'项俊',1,'21xiangj5@swanstu.edu','$2a$10$8bz.bUbxWmJUi9lbDo1RZeXs/JRMC9zwoIfUxfXyHg2H1XE4xtzIG'),(2021010006,'段桂珍',1,'21duang6@swanstu.edu','$2a$10$.2Rq9iOnV5kYOG/Cn2SuA.qK2Y0B1RSZmq1VTy4X0xFfkDS9vEWfq'),(2021010007,'黄晨',1,'21huangc7@swanstu.edu','$2a$10$tZbg1snWEMc/FRTeTjQW4uKCi1EYmOimTlZd47pSVEu/JpCOvQaim'),(2021010008,'严博',1,'21yanb8@swanstu.edu','$2a$10$j854Okljwr2EeRwuOeCWVOMcO3uYFdS50TdXMPLWWnP.i9qMeGLk2'),(2021010009,'赵婷婷',1,'21zhaot9@swanstu.edu','$2a$10$TytdJWHN8EdH7MBomgrJ7eWM.6S4rDXZ9Vm7HZfUBTwdfQ8H91R3C'),(2021010010,'易明',1,'21yim10@swanstu.edu','$2a$10$aGUJUnzyLgskpBDpyHSfPu2orwdHgLv8wMrr48laGPeHMSoTtjc/G'),(2021010011,'刘丽娟',1,'21liul11@swanstu.edu','$2a$10$5O80JRbYKVYII33oIBshzeMcCLPzl8fIUIkIcYVZ8qOmossCU5lOS'),(2021010012,'赵辉',1,'21zhaoh12@swanstu.edu','$2a$10$4.R4zL3sE4nFtMhtmZoxUebc16adyrJwCrcEKHzCOfnn3JjPbR36K'),(2021010013,'王鹏',1,'21wangp13@swanstu.edu','$2a$10$W4jknKH4CpolismnmP1Rj./4l89nNdRZuhb0ZlB9RBDvU3Si.yTSa'),(2021010014,'张梅',1,'21zhangm14@swanstu.edu','$2a$10$ikkxirj6I.fbIjO5fCQsy.y81ra2kJvqEhgJEfoKhhwdoSw8LzhCS'),(2021010015,'赵淑华',1,'21zhaos15@swanstu.edu','$2a$10$XO9PXb91oF9RiMnSv6E6rekKWOqQI8X42QVfalb9VyspP8UV/eC8i'),(2021010016,'曹凤兰',1,'21caof16@swanstu.edu','$2a$10$eLJhmDwJOjQC90XAh/r6Ru47EZJt9H5nBWH9VVvtC5qn8mfwvQmmO'),(2021010017,'黄娜',1,'21huangn17@swanstu.edu','$2a$10$Lpa0kq6h4uE8pMftzrIwvuoBNJYHm3Yv0CcKLzo9/Cv.ymrEEciSe'),(2021010018,'魏倩',1,'21weiq18@swanstu.edu','$2a$10$YhH7nJ4eI.3KNtNnHZUggehTJTB18tpBrR0OtBa3sK/RrzSXjQe/.'),(2021010019,'段东',1,'21duand19@swanstu.edu','$2a$10$x16bnTft7B8loR0xlgNyOeWv.veYHlSqDKrt3UUS34ocCqvFp9yPO'),(2021010020,'曾峰',1,'21cengf20@swanstu.edu','$2a$10$T1.90cxASb0snURjcejMGuLhqaHRjElN50LXkuym1x8PiwduniQbG'),(2021010021,'袁丽丽',1,'21yuanl21@swanstu.edu','$2a$10$pmctlInB00jHFGqQxceIG.gEegsoMR3DnnLgl9wg5V9tpJqMC81uu'),(2021010022,'杨建平',1,'21yangj22@swanstu.edu','$2a$10$VvHjafkKn.klMJ9WqkAsRuYi7Y1rR8gojhelf2YH4.Z2LZjWMjsIq'),(2021010023,'方小红',1,'21fangx23@swanstu.edu','$2a$10$41FGc7yCRHWUQtYJNChi5eFReDiCjHv.4oPlXjTSSHNpdO0QWFdPi'),(2021010024,'徐婷',1,'21xut24@swanstu.edu','$2a$10$SYk1HRb3sGD4AjVNTxMIFOx4IUbVNXWhCZnHW83t1BtPDaBSoWhxO'),(2021010025,'李宇',1,'21liy25@swanstu.edu','$2a$10$oUbp3xtFWj4t5O6/qOM3duRjJCAEySB0/U4rf/C2ySY/zSrIta1fO'),(2021010026,'王洋',1,'21wangy26@swanstu.edu','$2a$10$A4Y.v.qHKsFwuCqxt.nSjOqvAne93wS3YEwj/6pNfkMw1H5UctqXS'),(2021010027,'何建平',1,'21hej27@swanstu.edu','$2a$10$V0Wy/7gpjIaB.UD/trLgXO3U9NMjK/RivzPVKguDWlQh870fRbFjy'),(2021010028,'郑玉兰',1,'21zhengy28@swanstu.edu','$2a$10$xU/oteTf2xH9w.PwOdVkYu5moGa/NOyDKF/mVUVHS5vP0fwze9M2q'),(2021010029,'周桂芝',1,'21zhoug29@swanstu.edu','$2a$10$R3LiLdJDFTPtLizEFO2zPOUwPgZW4Q2VvS8Zmpnvu7vEJ3gqs16zy'),(2021010030,'黄成',1,'21huangc30@swanstu.edu','$2a$10$DuMOPvp3g9fVRmWfnXh6eu1XKRqaEtsYi0FTnb2CLPgT0msb1/dPe'),(2021010031,'胡小红',1,'21hux31@swanstu.edu','$2a$10$xCwypPsTk7ZiTfp5osEDCux345qPd/niTMFekx6iDWypbEd65ZPVG'),(2021010032,'张兰英',1,'21zhangl32@swanstu.edu','$2a$10$xzryb3AuGE00CreamCNnXOd4MPUGVFTo8NNcpziiVcOrwMXWgGQ7i'),(2021010033,'罗丽娟',1,'21luol33@swanstu.edu','$2a$10$zcrAGlzxZL3RzFNmwhvAYOFu3fWjnOuhfRPm8xAg/Zx.84L.KWce.'),(2021010034,'王欢',1,'21wangh34@swanstu.edu','$2a$10$fSZjaFYs.ttsemLkosRabexhSapt7QLgh572YLRvrqq46dwp9veEe'),(2021010035,'骆冬梅',1,'21luod35@swanstu.edu','$2a$10$avL5BrDf4tfYJ91Fg65RKOG5qtNxDC9XLPU//O9Z.4VvDYsDe4ceK'),(2021010036,'孙桂香',1,'21sung36@swanstu.edu','$2a$10$bJhLrwG88HvWHFgRhPzLG.L2XgbVu.Gou6vYoDzl6wHnruF7L0/M.'),(2021010037,'罗东',1,'21luod37@swanstu.edu','$2a$10$kr6GUc8VRWT4J7Gj2OobDuOdNvcnDLEeEs2o02IS/b/5H4KWdJT9W'),(2021010038,'鲍建国',1,'21baoj38@swanstu.edu','$2a$10$2Q9safrI5cTxIlirKAfFDOw./qGyulaW83dCRlfjttdmK8.TkzpUq'),(2021010039,'张辉',1,'21zhangh39@swanstu.edu','$2a$10$IvW3IXW7wAz4f7FdA1c29.tBtjVaooLWb3UDpOWZS5idBLqJ7GWVO'),(2021010040,'施秀兰',1,'21shix40@swanstu.edu','$2a$10$tNMaJUid/7rWX1pMAHOufu20T1faYTB6iW3Rbehl31ufFFiPmPcxS'),(2021010041,'王淑华',1,'21wangs41@swanstu.edu','$2a$10$76OwhgI0crrkHBK8r/t6duTzg3yGfPd20boolGJhyNEwZnwtlkmOS'),(2021010042,'郭阳',1,'21guoy42@swanstu.edu','$2a$10$yktSPwuoByN3kYs/lWjXkOi8PEZ/AcYLVoKfl.H0no0hAhrWb615u'),(2021010043,'董春梅',1,'21dongc43@swanstu.edu','$2a$10$A/ouRsjKkXtztJeiAfa4le2Wp6mq9MNq8oBguC7sOrUmBNivDa0su'),(2021010044,'王慧',1,'21wangh44@swanstu.edu','$2a$10$pFiuPQDc6t2WaSsgmO1V0.0nZ6aCdGiTVQ.UvIAum3xROnjVUurQu'),(2021010045,'刘丹丹',1,'21liud45@swanstu.edu','$2a$10$r2EMd.UO/A0Z5OOBvQtHNuD0Plkb0ttGaQ/4VSkCiCQx8xMwbeo3e'),(2021010046,'孔桂英',1,'21kongg46@swanstu.edu','$2a$10$bCP4YDv641rYfEkNrXySvuqkI18cF5EQk9nhebXu1ED5tuZERiOhe'),(2021010047,'陈鹏',1,'21chenp47@swanstu.edu','$2a$10$VH9Js.pdwT/kKqynNbPL2u8/u10kQuXJqvqVK86O1n8brJ0NplmSm'),(2021010048,'袁文',1,'21yuanw48@swanstu.edu','$2a$10$wZprMaRpK8tzS8aMekYerugo73ivYraDPU/LbWdrcB0PdW9iR2IUG'),(2021010049,'张阳',1,'21zhangy49@swanstu.edu','$2a$10$7Q86Wv4GhESbnwHvzaCGiu3LU5gwTW1WaIzNRAZ2UgMV8wCuhCzMa'),(2021010050,'黄芳',1,'21huangf50@swanstu.edu','$2a$10$S2Z7Mqfy.f1NXGHveOHO0OIP32FZMVNKw2Dk7abItywZ8azmtf1L6'),(2021010051,'赵静',1,'21zhaoj51@swanstu.edu','$2a$10$1d7HB8pvKfYMEsVik12QGOvh2qAqAlIg52MAzynvNMtsWh5BBWABq'),(2021010052,'张桂芝',1,'21zhangg52@swanstu.edu','$2a$10$.pdGyRCHQKRmLdKsNURVl.CRrD./5brm7QjByW6dI/kDRU0aIB7z6'),(2021010053,'王玉兰',1,'21wangy53@swanstu.edu','$2a$10$UcFPDLmKKwE4hihWz.MH7.QOKYymF/KqfQBtOCNB6NZJ5rnmv2.Ki'),(2021010054,'吕健',1,'21lvj54@swanstu.edu','$2a$10$kxsrwk.ATGCPYmCpoCg3JOjHpQ7wbjXc0CY/6gem7nym2GJC1EsCy'),(2021010055,'王红梅',1,'21wangh55@swanstu.edu','$2a$10$0x/b6v/VQEJwz8UdfcTP8.Tq9W8Ul9GU3Egx6ZZ6owTMKkP/hOcZG'),(2021010701,'张三',1,'student1@example.com','$2a$10$s7QCqqAP4.Oqu1tjhNIY0.KpYDELcJmuif3SWSNWRGZ2uIAA/fMwy'),(2021010705,'李四',1,'student2@example.com','$2a$10$s7QCqqAP4.Oqu1tjhNIY0.KpYDELcJmuif3SWSNWRGZ2uIAA/fMwy'),(2021010706,'王五',2,'student3@example.com','$2a$10$s7QCqqAP4.Oqu1tjhNIY0.KpYDELcJmuif3SWSNWRGZ2uIAA/fMwy'),(2021020001,'陶秀芳',2,'21taox1@swanstu.edu','$2a$10$Oa6MXfNBZ2dKiKX8cHgoIeezKsQH8YteGxMimBwlLQoS6VK.A39Im'),(2021020002,'袁桂珍',2,'21yuang2@swanstu.edu','$2a$10$8TJoDY/tB2wr33QTg5V4nuyBJ02faTMB0/Y5f3oMDAfEbO6icGqse'),(2021020003,'罗娜',2,'21luon3@swanstu.edu','$2a$10$hx8ALbL.67kuJZ0Np6YsgOSetdTOyDwAh7MyLU8OcSDU2hBtkyxuW'),(2021020004,'苏琳',2,'21sul4@swanstu.edu','$2a$10$2kgPEXKjj7H5nQKBMKqXLeoSPRnOcXFn.pHBm8NvhfkMf6.jsxzTK'),(2021020005,'陈玲',2,'21chenl5@swanstu.edu','$2a$10$2L2R9tKjttubCngWhFn1tunrzTYIRzPEbCDeiCUHeF.rvTk4S25fC'),(2021020006,'万璐',2,'21wanl6@swanstu.edu','$2a$10$5CUoGb/JWiSJAKN8qRo5DekjbrLxeMWziQAs/R06BkDWcQ5OU8FDa'),(2021020007,'刘婷',2,'21liut7@swanstu.edu','$2a$10$FfbCs4HhTPqLIFcrNOnG4u8hKPVZBnU4lu56m18a/3rxJpdlSiMLK'),(2021020008,'赵霞',2,'21zhaox8@swanstu.edu','$2a$10$IGRnUeX2pgDEeY1Shx03gufMwBt7AKPw5oM6SFnb95ic3dsjfWQ0q'),(2021020009,'徐亮',2,'21xul9@swanstu.edu','$2a$10$BwNv9sFSf4WSGaU8jmLYuuC4xTAgah3y8jt7fbl5MjZWy9J.us8nK'),(2021020010,'姜颖',2,'21jiangy10@swanstu.edu','$2a$10$l4EQclVNMWMp14izevRidexQGVGZQvHmGNDgtvCs3M9PylbD9nQFe'),(2021020011,'刘金凤',2,'21liuj11@swanstu.edu','$2a$10$SlqK/CcL8lNSGDTqSo2s8uZJ3slR5AqmPqW3kXrsuceTD5uEcOX5.'),(2021020012,'陈晨',2,'21chenc12@swanstu.edu','$2a$10$FswHYhvoPWAQBW4YxTPNiu.Gd/fA3zyqyrwI2JQSNurfr6g4N4nZe'),(2021020013,'宋建军',2,'21songj13@swanstu.edu','$2a$10$Hc6CrIOqzhHdau3zo7jD3OgjRPN8GQr7bodazJuG00wkKSPKyr3VG'),(2021020014,'华英',2,'21huay14@swanstu.edu','$2a$10$Wbp6gyl9JIzK0T76GflsyuShZQhxnyYHTJoFQ5C.2PYk9DdNNGdji'),(2021020015,'傅璐',2,'21ful15@swanstu.edu','$2a$10$hHV2woCaa4FlKua.ZJREHu3n4WIzrnqDoftqIcs2fcGhaIvtKCVc.'),(2021020016,'申坤',2,'21shenk16@swanstu.edu','$2a$10$w.i8if/Mki31pHndzIMufuUQ6sI14trKFLO20b829xNfRJNTb7jge'),(2021020017,'区秀荣',2,'21qux17@swanstu.edu','$2a$10$eeqlSMDxNzRnF33pESB/hewcVLUcjiaub3sE7rCU0YVrUbruC8tZ6'),(2021020018,'黄秀芳',2,'21huangx18@swanstu.edu','$2a$10$4kLrF2xRXH9Wq8CSnWcyiOyqkAqFs06KrlTGZo5o3JC3JmTh2Lm66'),(2021020019,'张龙',2,'21zhangl19@swanstu.edu','$2a$10$q0tjK7awjixRSV3uSBgkcOs/mfmDzCa2x0JdyUhuf9iQ/ksw.WTj.'),(2021020020,'季辉',2,'21jih20@swanstu.edu','$2a$10$me0bm2RkCTAsoUcvp52iq.tlejdgu5fAtgYv/lvzUA4FML5Dc3EDu'),(2021020021,'林娜',2,'21linn21@swanstu.edu','$2a$10$FmjDIk/3VrH9HfDV9osVDOYGi/e35cUZOOqG2qKcaQ/Fz1RtvlWWC'),(2021020022,'李小红',2,'21lix22@swanstu.edu','$2a$10$aL8rqrgr3UB92E5mIsvdSe9sKhYCjkPedJcvVuePweFcEEN1pp1CK'),(2021020023,'陈亮',2,'21chenl23@swanstu.edu','$2a$10$EgJO9GhhmxO3syhv0Q0hxeUB.YU5n8bpv57cAvpb9t/DNCTmhGCou'),(2021020024,'王柳',2,'21wangl24@swanstu.edu','$2a$10$nnI5mzJ4jhkyHWxjfe.OaezP5obJjmuXwNHoByrk7d.J05dyw9mOa'),(2021020025,'刘丽丽',2,'21liul25@swanstu.edu','$2a$10$df/9GPWMGKKEcj7Epxg89eNMisgTs7bdnoWWXOTBIDOLppiSF42NC'),(2021020026,'宁帅',2,'21nings26@swanstu.edu','$2a$10$AsFwj99OMLC5DEifOeA4Z.6aQbKC9LPG4dN5pCx4.62gX8M2dQOQ2'),(2021020027,'全东',2,'21quand27@swanstu.edu','$2a$10$lc8c4MTeJkVf5iEM6Pr9OOdXk.kEKL9MeCPQg.CcRy9cRWqBsKh/m'),(2021020028,'王刚',2,'21wangg28@swanstu.edu','$2a$10$Kx4ahxgnzSgMHW2tBvfYB.rZcCd8lRxANQp8R5B.B7vZsp0aFlFla'),(2021020029,'陈春梅',2,'21chenc29@swanstu.edu','$2a$10$btm9GkNB3lO2WpoaEXLdf.Hd2MoJsPbQXemV4hRNqXJhHbYd6e5N6'),(2021020030,'林晨',2,'21linc30@swanstu.edu','$2a$10$cKs0u6RWkvyS6s1UfgfEU.dVWNJ/Tymt4IQRhIMPTGKkPgv9GSvGS'),(2021020031,'詹桂芝',2,'21zhang31@swanstu.edu','$2a$10$dRF4OMf3ORWfrTlBDj6CaOPNH36wYd50.H5gjZnRag9YortTlzhY.'),(2021020032,'彭龙',2,'21pengl32@swanstu.edu','$2a$10$WJGjMrEJazt1sWAf5uw/euCOfwe6MlmXK7vB09hYnk5oHzyPKVtP6'),(2021020033,'李丽丽',2,'21lil33@swanstu.edu','$2a$10$Yp7dswvEwcJq5.UyN9Biz.EnyI69BfklGuSJ5OPHD2NuteudEWECq'),(2021020034,'赵红梅',2,'21zhaoh34@swanstu.edu','$2a$10$BHuvHBqKzZ5xj45HfJzL8eLF.Th9f0TKWshMcfKRGkMZBALFNLGD6'),(2021020035,'邓红梅',2,'21dengh35@swanstu.edu','$2a$10$aVdrdeUUrvqpIdXVjnPboeWxg1Nyk59u1MCcmopiuk.5enzZmq5Ii'),(2021020036,'宋帆',2,'21songf36@swanstu.edu','$2a$10$XjZmMqSH5uzGSlSpIJBU.uwMq5gNi8is8ZIX0Nps9ZnSvMZ0WIAB6'),(2021020037,'张英',2,'21zhangy37@swanstu.edu','$2a$10$nZPYb11PGZdNZvaY0gpYKOnmoLXc0GU0c3BPgvLxLtlwWr2iZkc8S'),(2021020038,'田利',2,'21tianl38@swanstu.edu','$2a$10$GLhXq3M4fSwJJ83Jl2vjpePXfQimoXOix3qPGP6oOkxP9ontvoCZC'),(2021020039,'钟红',2,'21zhongh39@swanstu.edu','$2a$10$3vOM3wCV5ncEHfuOU4MEy.Cj//3JuXqCOzjgnNFCcepo6Ry61vk/e'),(2021020040,'曹红霞',2,'21caoh40@swanstu.edu','$2a$10$gNn8VZAsEoTlYPOKTW55Se1.gZ9fE8OAhQ4REZR54dXZrm1zD6NMu'),(2021020041,'姚玉梅',2,'21yaoy41@swanstu.edu','$2a$10$ryBM4aLNJEsbENEjfdmLVu.w.qgIBxlosdNQ/YAdbkElMZmxy91uu'),(2021020042,'李兰英',2,'21lil42@swanstu.edu','$2a$10$qSQMNYM8A6eTNUnmyJlAi.LxZtR6jzDKXLoRGkPhqOutuT/b.F06W'),(2021020043,'萧凤兰',2,'21xiaof43@swanstu.edu','$2a$10$UXZ099hqUQINRSAhfv7t5e6iwsifXcwHHfcXJavl7CDQ/2bzoolTi'),(2021020044,'张秀芳',2,'21zhangx44@swanstu.edu','$2a$10$GrQAe7davj0f3/.yoz5Qu./mfzmjgiL9Ct/vGlNv1QqAOs/Tp5K..'),(2021020045,'周博',2,'21zhoub45@swanstu.edu','$2a$10$XUMVk1m8AykFBm3H0gzf4efF3T2YmrXuQMveXmTLZWi0WOD8PnE56'),(2021020046,'罗志强',2,'21luoz46@swanstu.edu','$2a$10$sD8XEzqh1HGe7rSmSOUCc.UBehWVr.OFIPtkmAOfOZlJ77rg8.dcW'),(2021020047,'曾柳',2,'21cengl47@swanstu.edu','$2a$10$D4pUq6KLgHhoFYJJ8jhtz.ilb7AUZzju9kOvlDb4zGLWMpe8/ZlbG'),(2021020048,'鞠帆',2,'21juf48@swanstu.edu','$2a$10$ZBgq8ZG0pZHJ0iFKjmzXEOgZ4CrqqotYd5xkIfBveWKgi0ewF9rQi'),(2021020049,'巫秀华',2,'21wux49@swanstu.edu','$2a$10$qCbpg4l35a/y00eNYHGdse.yx.vStJ0LN1aECUYkiSMP7LThZS032'),(2021020050,'汪帆',2,'21wangf50@swanstu.edu','$2a$10$tNjoRQz1kz0WfnUjPtkcQui400ddQ3EvaYk/Xla2DvjNRnFP9.aSa'),(2021020051,'贾淑华',2,'21jias51@swanstu.edu','$2a$10$Z0pNN4cEH7Dn9SMKfyMOGOqnEDq0ElbNt3hXk/oAs39ZIMjYMVIma'),(2021020052,'贺丽华',2,'21hel52@swanstu.edu','$2a$10$1fAZRnom/EoqKaPDhHP/m.hnvrw/43TTdmxoteGy4Sa/VQA5mgrfy'),(2021020053,'张红',2,'21zhangh53@swanstu.edu','$2a$10$I2pj5IoQ7JR2Lt2M.iUjVutq4HdDWV3b48dsosv5DpOYNBMZIsp.6'),(2021020054,'任凯',2,'21renk54@swanstu.edu','$2a$10$L34rPY5HRSffK34PKHWIAOhtFd41Ue5O.NMgvop1BaIR.GxQ8RP/i'),(2021020055,'王浩',2,'21wangh55_1@swanstu.edu','$2a$10$hLa7AzHjAlf8cou7sAAvnebJPf9v5DQUrQoLGhqoqS9aSakaC43Sa'),(2021030001,'高军',3,'21gaoj1@swanstu.edu','$2a$10$.L6wcbnbvfYtnneD2NJQSOAAgwObT3/c2wffA86h1Zjq5HfGv8uIO'),(2021030002,'杨龙',3,'21yangl2@swanstu.edu','$2a$10$OwKt4VAyFnmdLwy2aFYim.2cWBXiexgJcL50JvRKFMBXdfQMkIKRu'),(2021030003,'吴琳',3,'21wul3@swanstu.edu','$2a$10$ESmneVnmzDh2SSbt44EMY.q4EgHesEVNyw.R5anz62O258He1wJna'),(2021030004,'曹兵',3,'21caob4@swanstu.edu','$2a$10$UftuoGWX.XyXC/v.1D1.5.UR4sOR1h/1ugnZyaq8sJuHmXeJVx4yO'),(2021030005,'方玉华',3,'21fangy5@swanstu.edu','$2a$10$WVNQnEWR4hbDQFn7vH5O2umRkSnlGZNM3URhjPwYOiVEvCW0ZvTmK'),(2021030006,'姚丽娟',3,'21yaol6@swanstu.edu','$2a$10$HBJeL7F.NQiHnjk1GRAgI.KtIdCtPGwMfH7g6bd.ptIAHUcJeXiO6'),(2021030007,'黄琴',3,'21huangq7@swanstu.edu','$2a$10$4pdgAbifydPJJ7BFnXmmkurgTxhYXILgLiv7qlxtfnSinBJU6Zr8y'),(2021030008,'郭斌',3,'21guob8@swanstu.edu','$2a$10$UvS.G5cTqhLfSSetSMKcxOaCJoE9ZgE/2jJ2URsH9XOzABdNFmEsm'),(2021030009,'翟淑华',3,'21dis9@swanstu.edu','$2a$10$1jb1Y7jV.9zrE6Hmz8IFYOFDGdxp8btoc2gK6soPfCwkByonN05w6'),(2021030010,'傅秀珍',3,'21fux10@swanstu.edu','$2a$10$EX.OgRfUk/zulLW9T285E.ERcYqIi.mkf211uEuVJGyVU95xiBagW'),(2021030011,'张飞',3,'21zhangf11@swanstu.edu','$2a$10$rrYthIgZagNlR2wojGp2oO4YHtBVeg7AnRSamiwp/E.BdiTrGnC9W'),(2021030012,'陶桂花',3,'21taog12@swanstu.edu','$2a$10$nOIiEqASc/dfnpe4u6Hy8.FNP4HcfZIF3320apgys/gj8xczgQVC.'),(2021030013,'李冬梅',3,'21lid13@swanstu.edu','$2a$10$tRIwkuid5ibx2yw7y6dim.C2OWAdHdWBUKReb2bSSYVaObyfBqXLq'),(2021030014,'王阳',3,'21wangy14@swanstu.edu','$2a$10$OpAZq4fFzhvY6YtriPsmjOgWIoM51o.EcaxUYa.jEdO.2y/DmRpTe'),(2021030015,'王燕',3,'21wangy15@swanstu.edu','$2a$10$wz6dieuElKTuoYiipvyV5O43aRWWUUpWM/iQaWuePiUdQ56yMchY6'),(2021030016,'李宁',3,'21lin16@swanstu.edu','$2a$10$gHb/jgvejG6ETOsD3Xe.k.XyHLhzmNn3E8h5MRhio4YcX4OUiUqfy'),(2021030017,'刘琴',3,'21liuq17@swanstu.edu','$2a$10$te5XVlaAIss27daO9n6Om.VxCFMTOpIu3M3DxHT04ju5EdRlrd3m.'),(2021030018,'杨倩',3,'21yangq18@swanstu.edu','$2a$10$NpdEHIn3SnEIRsADOnKW3eY3MLTtX6ualXGv6wkInwZgbnC2fi.gy'),(2021030019,'王桂英',3,'21wangg19@swanstu.edu','$2a$10$v6IjTjN6NuZllpYgpERdROylElag7gV86etd7Pp4i5JIJxAlgZwDG'),(2021030020,'王丹丹',3,'21wangd20@swanstu.edu','$2a$10$jVDDHgOdOLmoFjA2A38acOKV8pO2O0kb1HLdH0WULRRq4EVHG0iUm'),(2021030021,'沈娜',3,'21shenn21@swanstu.edu','$2a$10$q5VvBXQ2rX91p5hpQnMrSOx7FGF3Ehx5F74uhWK7U8xfVXABrfc1i'),(2021030022,'欧玉兰',3,'21ouy22@swanstu.edu','$2a$10$8qQ3r23O759CFW93oh7cg.LnYY1p9u.rRO3QYF9EBUxm6DEF4DL9O'),(2021030023,'朱莉',3,'21zhul23@swanstu.edu','$2a$10$osfOgqiRaUUdOd826lK03.QkWCTrdo4/FqiRvERNqDM8jB3sEV/2i'),(2021030024,'吕丹丹',3,'21lvd24@swanstu.edu','$2a$10$4AuXKh8T2TFFcAvEImfCEeZzoeZDAvuy6crLRx6MbvNQcR09zdEt.'),(2021030025,'王莉',3,'21wangl25@swanstu.edu','$2a$10$G0rmGSxzS7B/s3hkyL9jZuPCXFW1XfvuebglL.6GI29XBTRShw/by'),(2021030026,'段凤兰',3,'21duanf26@swanstu.edu','$2a$10$oEtN9SW80VvmXKbv46vYvufzk7lczCNDkaZwxI6qujdAPIi4go/r2'),(2021030027,'张秀兰',3,'21zhangx27@swanstu.edu','$2a$10$1bXXupAAS5FQPxcP2cQJqur8gxqBw4G3Ufk8s2eXZUamquf9062Se'),(2021030028,'车雪',3,'21chex28@swanstu.edu','$2a$10$.lQaq1LzFIOkjYjjCG28quOOj7B3aj3yRy.QXHt5ikM4LOPIXUSDG'),(2021030029,'范秀华',3,'21fanx29@swanstu.edu','$2a$10$7uPEEYCQVCJWiA8zdnH7Xeee6mlJjsZ8CirvwLVAQG07.w.vc.wom'),(2021030030,'郑云',3,'21zhengy30@swanstu.edu','$2a$10$1nS1gOpK4mKww1nrp29bL.WlpDIpqvNyFlgiBMLATBDcOTkVr4h66'),(2021030031,'吴柳',3,'21wul31@swanstu.edu','$2a$10$TQUwh6lvv6OSHMYyzhGr.eZY8viWRiqu8xc/mVp61JYvKGMiAE2vG'),(2021030032,'张俊',3,'21zhangj32@swanstu.edu','$2a$10$3qPf3M.Liy53Ho5W0Emng.JaqPx5Ck0Sp33W2H1qzC.FtBlPTrSLK'),(2021030033,'全秀云',3,'21quanx33@swanstu.edu','$2a$10$j48Y0I4G/Nt6ZeMzoy8eNO9fJNMtHTbb1KA3CScqdSPUQo8NNiRam'),(2021030034,'苑秀英',3,'21yuanx34@swanstu.edu','$2a$10$vNCQn.DereEVeLTrroPC/OhvjS2Vfr9tZwKeZbCJ84ubYIk33PING'),(2021030035,'陈淑华',3,'21chens35@swanstu.edu','$2a$10$cFfcYc/ihADG.oP4iyop/en5eQoM.G7taQgadJr4W4TlNsDNHzfWy'),(2021030036,'杨宁',3,'21yangn36@swanstu.edu','$2a$10$nxEdmirpOcWjRVmmMjE9guPDUDZNVB5FDytOQHYJGT9O.ibnYkqWe'),(2021030037,'王莹',3,'21wangy37@swanstu.edu','$2a$10$AZbSu0.mX.lpyA3T04U4V.59IIUwCxf.nxkwTcm3eeWU869ZQkWPu'),(2021030038,'毛玉珍',3,'21maoy38@swanstu.edu','$2a$10$HDwQQy3uNCU7kPkzmqCn1u0Zu5/TICDjJmLh3ShStVUKdFa6Yj1Oi'),(2021030039,'高鹏',3,'21gaop39@swanstu.edu','$2a$10$L/BvfVSZkoVICPTT/vFqfuKqHaXIuHY49XdeFFZlxVm2lzV8dN9xe'),(2021030040,'刘倩',3,'21liuq40@swanstu.edu','$2a$10$spKyM5ywShvrvX3ypp5ByeHSQle6RoKiPGLir0kEHsV0SmW/VWfYe'),(2021030041,'蒋秀珍',3,'21jiangx41@swanstu.edu','$2a$10$J9X/Y4GEp6rAH8v/Y4540eG5rTl6M7eHdEV7OL982jLiQY7N0KYz.'),(2021030042,'杨秀珍',3,'21yangx42@swanstu.edu','$2a$10$1FcWs/tJSxi33K6YxTbBP.xxnUh7VYK8lnMja0gPiMjB70RJ8jLhy'),(2021030043,'马建华',3,'21maj43@swanstu.edu','$2a$10$jpvH3oGEniUaFJ72s1ZuOOPGw5RQeG7B0paF1BVWRmSkiZ33Y2z2K'),(2021030044,'黄玉兰',3,'21huangy44@swanstu.edu','$2a$10$ZsmaoAuQhtqb30Bi4IyJz.ajeoMeY5ZpPqkIAhqgdLTDr/S6nUyaK'),(2021030045,'刘飞',3,'21liuf45@swanstu.edu','$2a$10$ayOdH2yJWmyjvc1w5BctDOnQtHhNTzD4i8BIVxTuMKePOQkbKAYqG'),(2021030046,'林玉华',3,'21liny46@swanstu.edu','$2a$10$LwhCnsWvIb1nrP0b3xWpeeHnqjBL3Tp0Bo4ATxIe6A9xNGukE/4ma'),(2021030047,'张浩',3,'21zhangh47@swanstu.edu','$2a$10$7ssuBNuCbp2FGO9bOSJNku.4dSnA5j9rDDZwiXqL.Cyef2vvfWtwK'),(2021030048,'周超',3,'21zhouc48@swanstu.edu','$2a$10$9sqCbczhazZgk.SzjmItAe8a4NXL5lq/c30s8JQy2yToQGJPzcfca'),(2021030049,'杨晶',3,'21yangj49@swanstu.edu','$2a$10$Tsu3buXFYR6ePEDW2JB6v.ZWs1uyFrkCn.TuxplTROnYKK7t33Yga'),(2021030050,'程建国',3,'21chengj50@swanstu.edu','$2a$10$OXevRF.OZr31RqmTyTo5setP89QUTjLuvBzq6w6nDl43t1aMrsMNS'),(2021030051,'胡兵',3,'21hub51@swanstu.edu','$2a$10$zIb6tWCvTLgiDT6mroHpI.hkVcihXsJoX7Q6ZjepnHeT46sJB0kbe'),(2021030052,'劳慧',3,'21laoh52@swanstu.edu','$2a$10$pEhY1DBfebBATuz7WmunAeWRkXKH3WFkkLl1holelgKE99wsPjk3C'),(2021030053,'邓慧',3,'21dengh53@swanstu.edu','$2a$10$A2bI3XilIjdjQDI/aEdIfevag9UbjqkabvKYbinBV1xbaKArWn3ZG'),(2021030054,'欧博',3,'21oub54@swanstu.edu','$2a$10$PQVlRpzRzubZG5SOTBCHLekYIdAPqhHfxa0RfEorqwXAlvp4b.LpK'),(2021030055,'关红梅',3,'21guanh55@swanstu.edu','$2a$10$ck4GCyBz90Jv9W59wFThWuEcZ1qfIQb5ufYgNFQK/vT96TPtn3XHe'),(2021040001,'刘成',4,'21liuc1@swanstu.edu','$2a$10$ELF6A/9cIfX3fliVhFN/4eaxPiZySarICmwoQPGY7qgu3P.pNon7W'),(2021040002,'吴桂英',4,'21wug2@swanstu.edu','$2a$10$ARLF6oKrNQI3wjDHygbSx.4CdBAifE3HxVM6xBFO8jzxSWRyhEgV2'),(2021040003,'郝莹',4,'21haoy3@swanstu.edu','$2a$10$3tNucFkg79HTzgt0vt29keJcQpSht0LXLkht9xFNJVeRnmNRLuNR2'),(2021040004,'李琴',4,'21liq4@swanstu.edu','$2a$10$aKI86wisV1GHksYDBZ6JbeG4hhg5ux2pyqg4ULQsu0lPWToi2bJ/q'),(2021040005,'陈淑英',4,'21chens5@swanstu.edu','$2a$10$X6SSwYru8d4V1fVHLo9Q1edeoiJDFZS85OAIxDVrOuqtwrz0B26sy'),(2021040006,'曹秀华',4,'21caox6@swanstu.edu','$2a$10$wOFvegN.GYfpqNASiJRkZO4k2k7YVe0C63/yGXC27Imh0fQPejvd2'),(2021040007,'朱伟',4,'21zhuw7@swanstu.edu','$2a$10$K4CXYa6YdiVoB.skDEdbguiwYlHotktM46ddXM76204sMaR4xbIRe'),(2021040008,'蔡艳',4,'21caiy8@swanstu.edu','$2a$10$UO8KqE3sinTpZpDC1Vuym.N5I8sFw/yX1QKkB1Y7BJKIKBoDqWMpK'),(2021040009,'葛萍',4,'21gep9@swanstu.edu','$2a$10$LYYwFNjiydedcBBUChbsmOlS1IT3uUEIUN/6Kg/gaqldJMWmNjW4q'),(2021040010,'裴宁',4,'21pein10@swanstu.edu','$2a$10$4tyIdRImAiYWHG3ui0KDHOxQfyXgq4zAI.P51X0OibE7qJOqKPHhi'),(2021040011,'曹想',4,'21caox11@swanstu.edu','$2a$10$WXKA1ed6SZDG3C8o0dsMEeS7e5gc0Gr7bpd0Kz3fVQqpTYZhsvWKC'),(2021040012,'蒋利',4,'21jiangl12@swanstu.edu','$2a$10$fp13DDvJhUFRooDkkiGRhOecetmq2axgIgmM2dmahlAjr9ch2HMAW'),(2021040013,'查静',4,'21chaj13@swanstu.edu','$2a$10$lMwNCNBOuTjifI3nrkfghuZeR5cH8.WW5hqFFcJmPh5GzPEOtPNe2'),(2021040014,'万俊',4,'21wanj14@swanstu.edu','$2a$10$Pt4UpSFdh7yC87kTNL/1oObbKuioWj6pVk0dVOSNbKylMauyk9TKy'),(2021040015,'张兵',4,'21zhangb15@swanstu.edu','$2a$10$bRhHN9J6cZFtaRgLlSicPOTDfX2pMmp3dOvKsK7DAiwDmmU5ufvQG'),(2021040016,'朱雪梅',4,'21zhux16@swanstu.edu','$2a$10$72tiNl4AnS6YWnQKQ2Sdiev95VZDk/DIaV69npEzZh54Mf/oiyevq'),(2021040017,'邹玉华',4,'21zouy17@swanstu.edu','$2a$10$whhnqEcLuxArwK1hMcFaU.Hb7OOVfQ7W9CPy9tIe1DGUXvEDCzuVK'),(2021040018,'叶伟',4,'21yew18@swanstu.edu','$2a$10$ba6VLmieSHe4KZSw.lQXaeiTaFyFLQQcUnVpq5HGpAL8r0bhkQqE2'),(2021040019,'何旭',4,'21hex19@swanstu.edu','$2a$10$BDrFrP2ADXahb7yOYIV9SeXvF8VtPg8msDEeZ1PSPxIVNDUMDy30a'),(2021040020,'刘明',4,'21lium20@swanstu.edu','$2a$10$Ct6KdqyN4MgZ3O12D84LLudvYc5imb8uzOmbafcyA7tSmjjP50J0S'),(2021040021,'黄桂荣',4,'21huangg21@swanstu.edu','$2a$10$E4s4hETdg6STvYDOAeI8BeZ1YfSCEOxTOvjQZAGxuBLEYmLb//V6W'),(2021040022,'李阳',4,'21liy22@swanstu.edu','$2a$10$QwP1XdhVCQdSwK0ZV5947.W7U2MWhbiwora/1cxBqlr7EmeH6wKg.'),(2021040023,'马健',4,'21maj23@swanstu.edu','$2a$10$vkwclabJmy3/nxsgYffiL.qxTKtZQUoWMRDirooQahiLbD20Xtabq'),(2021040024,'吴龙',4,'21wul24@swanstu.edu','$2a$10$/03XxhVxjcLeqxxasbRiY.HzOoQK2QEoniwsuxYrJvIf6CoMZ6/E2'),(2021040025,'段倩',4,'21duanq25@swanstu.edu','$2a$10$ZrEtCH9mOk6jeL.BpEW9sO.hT5./YjBfAxiCDNXb33fB/r8WBCv8K'),(2021040026,'刘旭',4,'21liux26@swanstu.edu','$2a$10$gRVctQxpTepy7aL.FrsNj.J/zWPNs5RoN96J4ersOwEbiOaCH/syu'),(2021040027,'周磊',4,'21zhoul27@swanstu.edu','$2a$10$Wokphzwhv9812b0jJQAx3Owvpc9hnX39mP2jjJcL/LTXzU.4pdkGK'),(2021040028,'刘玉',4,'21liuy28@swanstu.edu','$2a$10$.NXDAAbjwN/kGVqd9ho0WO7djJMw5voiXLgWsff1iXp/.iqStYPki'),(2021040029,'陈梅',4,'21chenm29@swanstu.edu','$2a$10$D23SU4viVip6SIFQGk4J5OIqD/Qv84liZqreObfZjbH61Oqofk7Em'),(2021040030,'王荣',4,'21wangr30@swanstu.edu','$2a$10$QrmMNeZd0GXi7A8svclWmevW1kxLmjADfyklDJWccBJRa8qoiOIsC'),(2021040031,'李丹丹',4,'21lid31@swanstu.edu','$2a$10$W0zCpHrn/7lkhGp1HyHpLOdKKfgxJtEYJH90dgBbNpTwLwFWl.pQ.'),(2021040032,'杜秀珍',4,'21dux32@swanstu.edu','$2a$10$8loFysI2MRRxK5255AJJouhoVseVEYymkmhJgVlkAWq6S78.rF5V6'),(2021040033,'潘刚',4,'21pang33@swanstu.edu','$2a$10$imgQh2RIXC150yg7d4cLneLQS27d5D8Qwz6K8yzgrgQ6fIb/GavBm'),(2021040034,'郑莉',4,'21zhengl34@swanstu.edu','$2a$10$PHw6D56bsVFzLwDY8XDEdO3D1m9Ypcd7IV.Wtl/xeYQTKFCGUeH/.'),(2021040035,'卢璐',4,'21lul35@swanstu.edu','$2a$10$oeYbLhHUim4tGb2CvR1fWOhj.TM8AWP8L4lSoyJCwPH4TQrY8pwIm'),(2021040036,'王强',4,'21wangq36@swanstu.edu','$2a$10$YBMfq1Fdil9ZYYROhH/zeOKjJYpBjtvy6vcXW/a1MVGgNV3TbjBw6'),(2021040037,'杨楠',4,'21yangn37@swanstu.edu','$2a$10$LK5X7zUb6G6jRMIFd7LRiOeY8aQyoTVQ0d0R3qsV228quXcO.WtBC'),(2021040038,'白勇',4,'21baiy38@swanstu.edu','$2a$10$kcaEjiIsE/0ka9XgFV.Y9uuNJKnsaaZSBug7VhgRT4Afokk9F6Rcu'),(2021040039,'仲建华',4,'21zhongj39@swanstu.edu','$2a$10$dlqanTCFnECWvP8VSc8RaOOF0CmO2VjdS6ohjhsDsMC5QfiC2B5hm'),(2021040040,'郑利',4,'21zhengl40@swanstu.edu','$2a$10$TA8Pkv4eNfus8SM5PbVwReF3C7WCaoxfyHq3DPFmCPKC93BE39G/q'),(2021040041,'赵岩',4,'21zhaoy41@swanstu.edu','$2a$10$XBbdExLkp6x7nlOwVsVSgu1z1o/A0jFx9IpoLWsCPC1Gd95lof6Zq'),(2021040042,'金浩',4,'21jinh42@swanstu.edu','$2a$10$ODNFLcDN3rTg2ppjH..CwOaEfSqdfAkjtrfznCc3.JZUIJkxzRWky'),(2021040043,'蔡荣',4,'21cair43@swanstu.edu','$2a$10$O9pfljzSYQdn8wVKxzO0..c5rti0l12rS6z69bXL8lvhYiokLyqO6'),(2021040044,'赖健',4,'21laij44@swanstu.edu','$2a$10$x05RxT/iHWT1Uqo9JL34qee0PKz3CdOspmo/1bmhr1spClJDYGKgK'),(2021040045,'白霞',4,'21baix45@swanstu.edu','$2a$10$pzS1DHJUB934LlXTqqDQpe1DfyDPLVDjwrcZELl33J5xoHh9j6ao6'),(2021040046,'熊桂英',4,'21xiongg46@swanstu.edu','$2a$10$v0/g.WYhlFnEGolDccKW6.FyMJGrqMaJ2m2i/footxgVubLM3Ijtm'),(2021040047,'罗阳',4,'21luoy47@swanstu.edu','$2a$10$Kp8/iPQA.FtviwqOty.xYulgbrEZcxwqxjaV4BNsdTpOGSx2thPc.'),(2021040048,'何帆',4,'21hef48@swanstu.edu','$2a$10$45X0970ABJ8QCbhoYxgL2O/XxshMwHontEHbl71I9DWEGnis7kAEe'),(2021040049,'庞超',4,'21pangc49@swanstu.edu','$2a$10$Dnu12o8gkM4q7wQbqYCVN.cax68w88Bzes1qTQnQktCPEfnazgH6.'),(2021040050,'林强',4,'21linq50@swanstu.edu','$2a$10$95LsxNIYIl6bZQpMhg456eWiDf6L1.E/hGzX2yHBRztrjeAAWG6FC'),(2021040051,'李淑兰',4,'21lis51@swanstu.edu','$2a$10$k1U4z1mgXVVh0tKTdNW9xOgFnfmv3p65jJ72QswGEN2xoVPIPOgXe'),(2021040052,'陈雷',4,'21chenl52@swanstu.edu','$2a$10$/BB9oCICMCAi/hHJHmrt7O3m07zfC.czCzHThdRffC9HnoNinefae'),(2021040053,'郭亮',4,'21guol53@swanstu.edu','$2a$10$1X0Rd4l6MsXKlWXlpABI.eZVG.71DboXUk4G2UlluKfkUZGBx5E6q'),(2021040054,'徐秀英',4,'21xux54@swanstu.edu','$2a$10$3xdJnxCjBozQ2s.pTDMDv.g78RJmh7mv/uzMNhmoAPpdmXToNs2rC'),(2021040055,'劳娟',4,'21laoj55@swanstu.edu','$2a$10$WLS4n3xnpVlYalZEV/ZAHeJhA6ab4ScJbMQwDqJ4W4O.VBimawmiC'),(2021050001,'高婷婷',5,'21gaot1@swanstu.edu','$2a$10$d3KpFEJPsALaR4cdiUXITOTFsmxJoOEK82YQbqWmpKUlgosdVJ6lm'),(2021050002,'罗艳',5,'21luoy2@swanstu.edu','$2a$10$AXZsWiI7IyfOE20BKQ99Y.VQJvPKuYT2UNlv4oLycFY8Pc2OWteFa'),(2021050003,'邱小红',5,'21qiux3@swanstu.edu','$2a$10$1VZDNNXwGcm7f4ii9pzTle97RPU2HQxFuX8yWueAu2W/U536d5Wk2'),(2021050004,'杨瑞',5,'21yangr4@swanstu.edu','$2a$10$/NXPAMSKZnQYQFq3eCXkLewdL.CJ9lpHRrcC0y4xSiL7f9vuZUZ1u'),(2021050005,'邓玉华',5,'21dengy5@swanstu.edu','$2a$10$UbhzeJjApaxjuJbqbWq7ee.aeug4TpCTTYcUnmYksLkHFUa0WUzty'),(2021050006,'王秀珍',5,'21wangx6@swanstu.edu','$2a$10$a.Duvy8KL6diUOY79l0G.ef/RhRPRKi75qyRjSKNytjurGHVAsnya'),(2021050007,'李晶',5,'21lij7@swanstu.edu','$2a$10$lG3BxDwlpFnLzc53rgQCFeE7YicaflFUaHFospz.E5iKFy7YTNAr6'),(2021050008,'陈萍',5,'21chenp8@swanstu.edu','$2a$10$La2DdqQicsxVaoCWv96/fOk0ecMOHUt53sI7xp/grLKpA4CoB6VP.'),(2021050009,'叶洋',5,'21yey9@swanstu.edu','$2a$10$JdMwlndGY/51N8BluxSJEOJ1IlJdlMKzjLF22Z5zb7QRuthOXLMTC'),(2021050010,'马秀珍',5,'21max10@swanstu.edu','$2a$10$KYKvEsI6DTrRE.QCJ84/b.oiLHJm6WwTCqhfrW8qQFOXmjZFqzmju'),(2021050011,'徐兵',5,'21xub11@swanstu.edu','$2a$10$AWbavXcds4duE6qnQacAQOd9tgWXGeUFmgtFoT6pVJ9/Mn6ek0trG'),(2021050012,'杨云',5,'21yangy12@swanstu.edu','$2a$10$64pNq6smesiy03zGp139KO5ytAAxV0KHMV2wHMfJeyZ6Uvza0VmH6'),(2021050013,'朱冬梅',5,'21zhud13@swanstu.edu','$2a$10$bSZ0EtYkB7iUnc37ipFqsefyG2LTP1HYBb3MVRX5kvV6LrgM1ZajK'),(2021050014,'陈丽娟',5,'21chenl14@swanstu.edu','$2a$10$Qj6UdQvY00893ZapDVuokOFG2dwIJgbLAwiTjYaBx1YPf4pZgMkBC'),(2021050015,'张丽华',5,'21zhangl15@swanstu.edu','$2a$10$zCmDd8vOj3OInywXd1s3Z.vcm2H3Wtk6I0yJgi8DOzl1zF2djK1aO'),(2021050016,'李燕',5,'21liy16@swanstu.edu','$2a$10$K46TanN8PRMK.q10mMYBr./U3grZT.CD1AOFWg8pVhQOMtyLXdcL.'),(2021050017,'孙畅',5,'21sunc17@swanstu.edu','$2a$10$ypxpzugB1eKCpqGXcVCTvOhgVsIuDncMcUsMa4QvK5wy5lOevSIou'),(2021050018,'王梅',5,'21wangm18@swanstu.edu','$2a$10$4iYus8R6Blo0SJ.Hk9BBZOfx5Pk.SP/36CE6MHgp1/7p6W4vdUcxO'),(2021050019,'张帆',5,'21zhangf19@swanstu.edu','$2a$10$WGook.2Wm8T0HXokiVwZleycqE35/clQHGpadgCxQPfZVbobQNnge'),(2021050020,'宋凤英',5,'21songf20@swanstu.edu','$2a$10$PonlM8cB/R5iWtZv1SvHhewaqOMPYJD8AoLxhd1IEsBKO9XbeXSIW'),(2021050021,'孙英',5,'21suny21@swanstu.edu','$2a$10$Qo6/wesJDjcBSshpYLpHpegcziLGsbCE2RseL1.InvLlbZsOOXZSK'),(2021050022,'陈凯',5,'21chenk22@swanstu.edu','$2a$10$8OohpmA/pOs71aOqS/eDOuM4Qu91e2KkAISOkmFAAbgef65KO2fxS'),(2021050023,'彭飞',5,'21pengf23@swanstu.edu','$2a$10$WVmLo9h5uhkISMQzhlBNLeHuUUADR11B33rtEK/i/g9WmTE00uN7W'),(2021050024,'刘兵',5,'21liub24@swanstu.edu','$2a$10$p/2qqxLvU1QjPiKDha/vOejVU.Fs5rjuXdnjqBMK2ONpVeg3EPglW'),(2021050025,'赵莉',5,'21zhaol25@swanstu.edu','$2a$10$VnDSQiB9sEazNrwHy1EZx.AMzbJdzWrwQ0LK.NXHdTIgWkylClz5O'),(2021050026,'王晨',5,'21wangc26@swanstu.edu','$2a$10$veVRQz2u4QorT8RoYELlCenmM2qMLdCVRfHXXuoUhbTvqKkJRs5jO'),(2021050027,'金琴',5,'21jinq27@swanstu.edu','$2a$10$so2QZMSBHriyTzvdbMTHqO9cCHnVdiEoYzSdsye/1ya46bUwrgUCi'),(2021050028,'甘娜',5,'21gann28@swanstu.edu','$2a$10$eK/NR3WQqwhnXdcp9xKfuOMzzhubKua.0qTxS/1wd8TJbyERExjbS'),(2021050029,'方红',5,'21fangh29@swanstu.edu','$2a$10$asrLNKvbU7WBH69JM8dUO.w5.SqyROGwYd.Ggj/R8ZQiWHntmmhBK'),(2021050030,'彭秀珍',5,'21pengx30@swanstu.edu','$2a$10$9Od.mkmM5JEEtjWBPpCuhuY9kKKUtsoDQOsky6NEruvq71lKU1URq'),(2021050031,'郑凤兰',5,'21zhengf31@swanstu.edu','$2a$10$rpTyDO2JGsdc6mQ60WSLe.ZKJqJNwnx447uTYj7Hz1W02BitACQK2'),(2021050032,'钟利',5,'21zhongl32@swanstu.edu','$2a$10$T16HaXL43.FzWhSk1ush5Os2Td2pnzVpfE5Y9XU.GYBGow4GiU1.O'),(2021050033,'谢秀梅',5,'21xiex33@swanstu.edu','$2a$10$a7IFVQghay843lRYvj6XguSw7h9MVt3Utoqqsnb71FKmbZrM3gTZq'),(2021050034,'王秀华',5,'21wangx34@swanstu.edu','$2a$10$tq66G4bvdWPQ34RcUrYIMumGcZU4DqwCdD9kKrYxvt8frBxYIKNQe'),(2021050035,'傅梅',5,'21fum35@swanstu.edu','$2a$10$K6UJ76WAgEZOZWLa1Kqax.kuS9/uW..QWq6eyEeUPALdqAHVYvkMO'),(2021050036,'徐想',5,'21xux36@swanstu.edu','$2a$10$WY4EgY1RSPvzVO2uivSII.qGXbDLlptAlIQZbvjFiiQ8vSfF1mEh6'),(2021050037,'许文',5,'21xuw37@swanstu.edu','$2a$10$SY/eXZmApuSKEGn/sZHXLeWp36dyMaw65l3cf0VN1XzqNDvxxmJpu'),(2021050038,'康志强',5,'21kangz38@swanstu.edu','$2a$10$Si281jcS9fONhiCAs16SFOeTkvdPQXBwQazWryB865TWGEYlvqOLe'),(2021050039,'江莹',5,'21jiangy39@swanstu.edu','$2a$10$3xWuX7XB4xDjATAf9J994OkcXL.unDNZKHUeJ5NeWiatvb8jNS386'),(2021050040,'晏欣',5,'21yanx40@swanstu.edu','$2a$10$AVy2INY7b6fhm07jscZoRenZQPt2Ye9b87IhR0BmCeXwsvvLcN89e'),(2021050041,'钱勇',5,'21qiany41@swanstu.edu','$2a$10$HpLx59RWMlodF/HdsY6Q9.GGKaaeRH/0ydKVAi9MZq0Qmh2TggPha'),(2021050042,'崔建军',5,'21cuij42@swanstu.edu','$2a$10$NXjdzXDItDtdIeeR7X55kO4SHhEWVjQCRLmrNjmex/BjC7NPIvTyu'),(2021050043,'程琳',5,'21chengl43@swanstu.edu','$2a$10$PSItxBt42hbF6rhpOLz9c.gV7QI1SU.hDqGRBcE9z50J4vDH8xI8O'),(2021050044,'张云',5,'21zhangy44@swanstu.edu','$2a$10$x6BKPoqv2urVvvJ.JOGmR..FraDbliF/AbMJF8ct6p4YqluRi6a8.'),(2021050045,'邓洁',5,'21dengj45@swanstu.edu','$2a$10$jqGqZn5kYY1d0pWT5CUT9ezgldh16twh7/6RRuu84NYjldocpGOD.'),(2021050046,'邵兰英',5,'21shaol46@swanstu.edu','$2a$10$3DOtq7EHQNQ2h4hvDi7iauonyd1n4I7vVaah5rh8xhDMtulEQgkP6'),(2021050047,'汤英',5,'21tangy47@swanstu.edu','$2a$10$eZ2/43gdnViUymNDLq1azeiiw8SfTaZRvjIX4/zwkoZSPWFWlcUlK'),(2021050048,'赵秀芳',5,'21zhaox48@swanstu.edu','$2a$10$qqzQlPdqr3M0Czo9SBYM9O1NPu1sUGIHEh0heTZowNCbTrb7cOCeu'),(2021050049,'熊飞',5,'21xiongf49@swanstu.edu','$2a$10$HSYgyacl44YvF2h8hbXbyOhB1MOITLxvoSb5AWP6bXUJT6N8Ll70a'),(2021050050,'蓝桂香',5,'21lang50@swanstu.edu','$2a$10$yl3ArVLab3duYWJHcgMmceVPz5tjipyqi00dumER629QXBlKGNsaS'),(2021050051,'周彬',5,'21zhoub51@swanstu.edu','$2a$10$wpEd1V1pnDqcNMqDjXBKYeZyI.zaCARMZhTYIiPqBEFE9/gzuo24C'),(2021050052,'刘俊',5,'21liuj52@swanstu.edu','$2a$10$XH77zz3oOzqdsWZ.SWwOs.WObEoQWtDoa6EFNoIiVn60uoyClBzhq'),(2021050053,'张敏',5,'21zhangm53@swanstu.edu','$2a$10$32QFijoize7ewQx3Jx7/cO/l3HR4tTUXVggfn71poB67CYsNKGfom'),(2021050054,'刘宇',5,'21liuy54@swanstu.edu','$2a$10$CiK/qGPBaKCGmSHjXi3rHuFmwqm6ecGYtwEMOZfK3iMo52ytcL7KO'),(2021050055,'姚亮',5,'21yaol55@swanstu.edu','$2a$10$Hwq/cfwbOfA8tdNMl/b7UegwRLs1MHBeqWeiDVboR99tIa7a.m/vW'),(2021060001,'符英杰',6,'21fuy1@swanstu.edu','$2a$10$C5ERmnTcqZ8SmaSmE6Pt2eb3f9c/YE9DaZtxCT.zuO8aYCz31Leg6'),(2021060002,'伍楠',6,'21wun2@swanstu.edu','$2a$10$7vHQa9veVg/bOP6VM/MUl.6Bj2VMZ.ITr1R7xSGISiK0ghyVcl7gG'),(2021060003,'唐杨',6,'21tangy3@swanstu.edu','$2a$10$RfX7qJ7gvSKT79kibUaQEepCCObABwD4nmDabRSz..Nv3g/uLw5dO'),(2021060004,'邓雪',6,'21dengx4@swanstu.edu','$2a$10$6lsxcqUnH3Ax5zhe7XbkRuUxjFI/J7qQ1sCOmzb6B10QW0D6iCrW6'),(2021060005,'张洋',6,'21zhangy5@swanstu.edu','$2a$10$QJ5jJw1/C7omAw3.stUQxukzEN3/eeGNlGAj8AajFjkzUGcrgCoNu'),(2021060006,'李建华',6,'21lij6@swanstu.edu','$2a$10$DMXHTr8YDcnfka.iNQEMjOsh/FGMmO9BwQdX4GkQtsBqwul8td4cS'),(2021060007,'施成',6,'21shic7@swanstu.edu','$2a$10$xym/FxsbsM7ePNipRzTX1OQqiIxXcwcs3s3pvcXWiyY/P83TRJWpK'),(2021060008,'唐婷',6,'21tangt8@swanstu.edu','$2a$10$Gxqisug71zKTIifdaeHa9eAN4b2z0PYXy5HS/XPEvkFWG5tq/v.wK'),(2021060009,'陈英',6,'21cheny9@swanstu.edu','$2a$10$yTzgKA4XN4Xf2Ao.gTcCqON0Mb5Xbq5cZLGNY0jOE2TThNg/PIkM.'),(2021060010,'李桂芝',6,'21lig10@swanstu.edu','$2a$10$LBQX69WG2acL9VyDpWKyl.40O32KNBpNYkP9gpqbDR8Hb/LeKBd6.'),(2021060011,'刘雷',6,'21liul11_1@swanstu.edu','$2a$10$vHbeXHtJWVCec5tILHrqXOf7I0O3yNqV4BhSbRXZZNX3GMbnMGKK6'),(2021060012,'马平',6,'21map12@swanstu.edu','$2a$10$9qDMc8mKwt5huOgWddALcOxnPUcrrCW.ZmGe0wtEobfmeL0DCIZAS'),(2021060013,'赵峰',6,'21zhaof13@swanstu.edu','$2a$10$1rf4P8kXhhFi.T1y4Hu7X.Nh4frxxMSAue4RT5emjgu/bL4dlXzGK'),(2021060014,'涂坤',6,'21tuk14@swanstu.edu','$2a$10$vfS.HouJRbT1Kd9XiF.lGeghG7OwPuVkotJP3B0p2uwd91PNAFIc6'),(2021060015,'陈海燕',6,'21chenh15@swanstu.edu','$2a$10$72xDeFKg3ms1uSAmZBV23u/bnaTJVwqkbOfOtsAloBd4095sf4PC6'),(2021060016,'柯林',6,'21kel16@swanstu.edu','$2a$10$xmChvpW1xqQa5NQnzq9NHeokJNjzcSAQrqUwYMXhVDYo0kc3ivSbq'),(2021060017,'余秀英',6,'21yux17@swanstu.edu','$2a$10$efDcToYJtRzcI5anWsLz5.wovnXHEoxgGSl4iS1VVNb/MsQhzS/1a'),(2021060018,'王超',6,'21wangc18@swanstu.edu','$2a$10$uJLpDxXTK.LNuJW0GnGnwemVgh77QIiqAMfUb7i9/DkQS1S4Mfm..'),(2021060019,'罗勇',6,'21luoy19@swanstu.edu','$2a$10$GnUcTTWyKZaxrt0A2kFuCOElVh.1Xij0IS1acSn3SNdf02nKjfH6a'),(2021060020,'李秀英',6,'21lix20@swanstu.edu','$2a$10$B1TxiiNudi3IWYHjE6rSgO1A0OOUAm7veN8J33tJiJwHRA1o86kzm'),(2021060021,'陆桂英',6,'21lug21@swanstu.edu','$2a$10$X/ISPefJI5M7YlA.yY0NOOWFuccwj0/.M8T3VlF27AVSuFYgnNVSm'),(2021060022,'周健',6,'21zhouj22@swanstu.edu','$2a$10$IjYRT3lCaieNNrKTtttVoOdrLLzajLWCc/hb44JORZTmm23sf1HQG'),(2021060023,'程秀兰',6,'21chengx23@swanstu.edu','$2a$10$627RSdw7Ddvr063tgD.wg.nIZAist9czEsE.u5OPVWYWg4.WyU9WG'),(2021060024,'徐兰英',6,'21xul24@swanstu.edu','$2a$10$9FkN.uCHJVtAEp/O/o72HuzDYo8N7U85YtlmLFInqyJ1ErCK7P/ve'),(2021060025,'黄文',6,'21huangw25@swanstu.edu','$2a$10$iAbLhJVCLEc5AP.9jBPbcuQB1ncLcgQZ4ZQ4ncwgqoplBQ0E6vs3C'),(2021060026,'刘瑞',6,'21liur26@swanstu.edu','$2a$10$07xkPlANX/0KATh5BMw6GuSPFKqaSvgrkfYqzdft/6pWi9cQ.Oj/y'),(2021060027,'冉刚',6,'21rang27@swanstu.edu','$2a$10$xK707okPyNtfIUGWJsIOXOMOK2RoPcElzYxVPmx3fZ5ouTf7beel.'),(2021060028,'邵红霞',6,'21shaoh28@swanstu.edu','$2a$10$si.ixKgly8ugdHus4YIGN.Rkp47KksLibjeYUafbF4QEWSwysIRJa'),(2021060029,'赵东',6,'21zhaod29@swanstu.edu','$2a$10$9See6agEknzECsbEm1YXJ.Q3jSxk.GW5nY82bvBAPDT/hsGpYj1je'),(2021060030,'杨婷',6,'21yangt30@swanstu.edu','$2a$10$IVp0FFlThUfNarco.DnU.eSRXV0/xCuAoTaWrObtpBlCx5XHq5tom'),(2021060031,'李成',6,'21lic31@swanstu.edu','$2a$10$SnNOY5LxqgBZlfjenFqZAOSjukF/lucUf2TuIwzwkJ7JVKOcCdKx2'),(2021060032,'蒋欣',6,'21jiangx32@swanstu.edu','$2a$10$/lJ50OmK2ZH0wAxxyq2iJOKUfAqHXno/e6Vet1KfqoU28X.AwbseC'),(2021060033,'庞秀兰',6,'21pangx33@swanstu.edu','$2a$10$ungcpmVb9JvNnUnvf5pIRuJ5HWl0V60/W8HsT6OkrOBqPHYY.IANy'),(2021060034,'张杰',6,'21zhangj34@swanstu.edu','$2a$10$ou2xNRa9chCy8d.GZQfdZeUZc1YkCPRWVvPVKwEwPGQ/Qt9qAVLiG'),(2021060035,'黄洋',6,'21huangy35@swanstu.edu','$2a$10$uU6/4LFjYC3gLGT41rN6oe1UTRMtvl8MwBb3ifxLZHknlzggl9AAy'),(2021060036,'韩莹',6,'21hany36@swanstu.edu','$2a$10$d/sjxa9ehvYeIYm19H84w.791nIl1.uzl2HcjAnrlO2SitFkjZeSq'),(2021060037,'高淑珍',6,'21gaos37@swanstu.edu','$2a$10$Be1Mj0xVsKvGkhj50eNRgOjNCyLWXvfyZV4mrSrdK1Agvalc7Oxwy'),(2021060038,'杨凤兰',6,'21yangf38@swanstu.edu','$2a$10$0CUh/jAfzdqypFM72GwsNO/OiF8yzwqVoB.4ZjQIAudDRizGvhxqm'),(2021060039,'赵彬',6,'21zhaob39@swanstu.edu','$2a$10$T2cte0byCOdSy7OVlcDwz.DiHUeaB7fW1LOMi.hTGOneDFTRkge6u'),(2021060040,'全岩',6,'21quany40@swanstu.edu','$2a$10$qvlPsqiRStu121HZXXARA.Kq35oGtcKfwyUHp4p8NvULaTjcC.HKS'),(2021060041,'何桂荣',6,'21heg41@swanstu.edu','$2a$10$oaP6F2vjtgwJpbQKBg0SY.oxOKwU.lF3wz64M7otWlZgzqQQiKV5K'),(2021060042,'何冬梅',6,'21hed42@swanstu.edu','$2a$10$IuIMWQg2MVqwbed3G1cmMOpt/.Nk5JEYeVHrqc/hTLLoDzsHWU3vO'),(2021060043,'朱婷',6,'21zhut43@swanstu.edu','$2a$10$bzLDAHzqrRyvkd9soOrkbemU1P9jMbCWvCeuJWCX.lzdysfEsJfiu'),(2021060044,'程红梅',6,'21chengh44@swanstu.edu','$2a$10$e3Dz6N04/b3RzfPl8G0lEe87qZcVJaXqErQpzgvCOvi927O1afGcy'),(2021060045,'尚柳',6,'21shangl45@swanstu.edu','$2a$10$R0qbe9Uf.WBfZ9zX2rZGl.Jr2nguagEEzeeMN3MoJb8R082kiPia2'),(2021060046,'朱军',6,'21zhuj46@swanstu.edu','$2a$10$zlpI1vU.EdDx1gOkwvDyjO75QHEcSt0lZCnLYDCNmkKhP2xvKM2fa'),(2021060047,'唐淑兰',6,'21tangs47@swanstu.edu','$2a$10$zcXKYjTKfgsPT0tE.tPrm.ZOVLhNMwKbXxvCyDQ1jjhKEHekXEIoq'),(2021060048,'蒲倩',6,'21puq48@swanstu.edu','$2a$10$edUQxortbV4G38gE6V.Iaeh4Tp90FZcfWserK9oITfumwObcr5Z8u'),(2021060049,'赵磊',6,'21zhaol49@swanstu.edu','$2a$10$CBHJz4f4yFrJ09WexEIGlu001YSaveYdAfFHHJvxW5rzQ7nlxklnm'),(2021060050,'云建国',6,'21yunj50@swanstu.edu','$2a$10$I8f0esPNBiUEKSDWXGiVi.ceQvYHo3TCwUuQ4GcwRE1948oHJRD66'),(2021060051,'陈楠',6,'21chenn51@swanstu.edu','$2a$10$fc1hPD8M08TWXjJ.fRy4P.PvlgpJ5dK0yqKwLEdXySUBMUSxTT7Yq'),(2021060052,'王丽娟',6,'21wangl52@swanstu.edu','$2a$10$TodqcWkabGOK0Vfn624v4.EToyBFDr5kknC8o/MvrfNWAd2/4zI9S'),(2021060053,'朱淑英',6,'21zhus53@swanstu.edu','$2a$10$8FXAzM7rfCijT.RxMXARmugL0iq8rPJhjU3/RkC61M7gpe.6DlFV.'),(2021060054,'黎辉',6,'21lih54@swanstu.edu','$2a$10$hBZiyDjM9Aa15RRy03OtPejOkr8Wz0zWVPjLWftJwiXSpwdwiAyVu'),(2021060055,'张岩',6,'21zhangy55@swanstu.edu','$2a$10$zxSuWuKVNsGuIF8wXq6wzu04xyAcFOlj9azghBHLTecsP.0QgKwCK'),(2021070001,'洪军',7,'21hongj1@swanstu.edu','$2a$10$1DeO4gVYwmtCIV0sXHhX5OEkzjRrx/y7gYibf/Czh7PwEwCOrlTWm'),(2021070002,'邓丽娟',7,'21dengl2@swanstu.edu','$2a$10$J0S6933jnXEbQhZbVM7cKekGq5faOh7C7xL0RvpO.3hdB34hOkIPm'),(2021070003,'赵红',7,'21zhaoh3@swanstu.edu','$2a$10$gr5eeQWfe5jC2J0Nz0jqjOYyv5u9C6Z6tIfSHE82T3wcgnK6ZHZr2'),(2021070004,'马梅',7,'21mam4@swanstu.edu','$2a$10$41ySlb96X6ON9HsIKwUuEO1cPmIfWcAGVFDwcjEw9pJZhsGiaw4Xq'),(2021070005,'韩欣',7,'21hanx5@swanstu.edu','$2a$10$euBZPo5G/Aa273D1Qa29suBKlMV8.D8cM249SxQCCxnDLhklTraYO'),(2021070006,'丁桂英',7,'21dingg6@swanstu.edu','$2a$10$O5odGonmPNoU3jhcR0bZzuooT41Th.PXYGp7TJqFGzJbZy3E8tA8m'),(2021070007,'吴欣',7,'21wux7@swanstu.edu','$2a$10$KqXdA3XVJ6KH6RyHbREg1OFeXDEpvA3S2EqORXfAZ4WIDzaNmmGv.'),(2021070008,'田兰英',7,'21tianl8@swanstu.edu','$2a$10$mpRpqwy2FelFyGyPe0ZdTeFWOYIy31x1imIrpk9qAt3uCaXKLc7F6'),(2021070009,'陈东',7,'21chend9@swanstu.edu','$2a$10$FABRNRh/7l/AMCefNxCWM.Pb0E5YJLr/1feh9ziwsKQ4x5c446aVe'),(2021070010,'刘超',7,'21liuc10@swanstu.edu','$2a$10$ooq9uf60OKSnU4/4KtC5LO.3bfcYld4HzWBO8QwrRzpMjGpyFbvbC'),(2021070011,'周浩',7,'21zhouh11@swanstu.edu','$2a$10$jHGki8iAUI3TthgdiN4XLup7eXL1IHBjfqpGzAfeolMxTPPioo3H2'),(2021070012,'陆岩',7,'21luy12@swanstu.edu','$2a$10$8uwBOfqbD/S6baEspSVR9uTHimeT.DqY3.DaP15xjaCt83wluiNKG'),(2021070013,'师浩',7,'21shih13@swanstu.edu','$2a$10$bXGMhDL7Mxf0WQtZUqGivu7GAvn/0A5sUGI4XlaMHd8WhuLreeAnW'),(2021070014,'周想',7,'21zhoux14@swanstu.edu','$2a$10$POCzQtlQ.je8AP7PslEz4u3GDSxlXFpHjSR7TodysMcAtRYdLu2IC'),(2021070015,'王帅',7,'21wangs15@swanstu.edu','$2a$10$RdG1JEjyWyPzpYO0gu5y8.g6r4T1ikevDq5JSdACTme7xP6SE2QOG'),(2021070016,'程霞',7,'21chengx16@swanstu.edu','$2a$10$2aU3HOyEQAVxsVg4FVuOhuAQCmAtVjJAgBFSaYY/n2uZuux8IFe9e'),(2021070017,'卫雪',7,'21weix17@swanstu.edu','$2a$10$AZyS7aCKMXwL/cFlFh1TB.o7EMU8EAKx1BiIdo.BJ9tdeIFp3Nkuy'),(2021070018,'杨林',7,'21yangl18@swanstu.edu','$2a$10$9ki77kmwu.hotSfEL040fufIQ/dUzwinB3u9jPWK26hy1fm/9r7Lq'),(2021070019,'王英',7,'21wangy19@swanstu.edu','$2a$10$VTJVxz7Xhb6bjR9cHaWmn.HGajw0g13x1IxdpoX8thJI1xJsZCyYC'),(2021070020,'王欣',7,'21wangx20@swanstu.edu','$2a$10$LUGb.UpzegXA.nlDX2XIte9D7yQhDtqCxN8oCVJn3Fv9N45ClsCdy'),(2021070021,'呼雪梅',7,'21hux21@swanstu.edu','$2a$10$AjtL09QM9gzQT/F40ILXpO.NCaN8HBOMauc.6Hp.q/CT7vb52lmCu'),(2021070022,'蔺玉华',7,'21liny22@swanstu.edu','$2a$10$E5eacmsfsILgn7yocGNphetnWWTwktw2rUNbOvVY1eNJL64Hd3g2K'),(2021070023,'赵丽',7,'21zhaol23@swanstu.edu','$2a$10$XbrsrQtebD19QasZGJEgIeoHJb8luWaygsGNPm3t61cHha58v7T5G'),(2021070024,'余慧',7,'21yuh24@swanstu.edu','$2a$10$3AbwLs1LzGXI3054CNXKTuXnVcaXiTazEghBmFNzd1q02oHQkfz0K'),(2021070025,'张丽',7,'21zhangl25@swanstu.edu','$2a$10$MT0Gu.Qy9JKYv42rajX67uuNp88XDeHdA5F.h4IAlaNUupSkIw7UC'),(2021070026,'赵琳',7,'21zhaol26@swanstu.edu','$2a$10$tWY/lO4WR/7rRPKLgZAZy.2PwJoGUmVNzl2wHa8O11MNmBrc6Lv3C'),(2021070027,'邵健',7,'21shaoj27@swanstu.edu','$2a$10$/Con1lf/gg3gcOfXi2ST2uwaBT1fP.3/enlUDfqTvfEc0fC/4quna'),(2021070028,'金海燕',7,'21jinh28@swanstu.edu','$2a$10$5FEUllwZ1A9ylE0ajrKPjuNbZ6LAO8531HLmoN7US.HaJvZ6W1zZK'),(2021070029,'熊欣',7,'21xiongx29@swanstu.edu','$2a$10$uh7ul5Db1w/u5jCAgFdyEOQah797mY4R/IdVwMufdo/vd2bu5qrRW'),(2021070030,'黄想',7,'21huangx30@swanstu.edu','$2a$10$KayCv8JPGccuEtN5s9gqr.4m2W4DjXvvNIBdhhmI6gbGy/zmgvURK'),(2021070031,'孙彬',7,'21sunb31@swanstu.edu','$2a$10$2aVmY2sJjItd9jSst5jb5e7k8ISG60isTJBtTUi.olG.hQZ8F5u96'),(2021070032,'杨秀云',7,'21yangx32@swanstu.edu','$2a$10$9aD/s7xCky.EYkSbsmgIVeJTpjQP9bghl8oHkT6fwcTIGv9GYwyou'),(2021070033,'李瑞',7,'21lir33@swanstu.edu','$2a$10$EJtlFdBqpVH/WAUR3b0ZJuRb4exLjih3uF.B3TIGtJdWfnQZPv3R6'),(2021070034,'朱荣',7,'21zhur34@swanstu.edu','$2a$10$PlkwEb8lymcdM8DNz2WlE.rDNOJgTYYD4UMawswQl8Quk8o0HXac2'),(2021070035,'刘想',7,'21liux35@swanstu.edu','$2a$10$kSjms7fDSHGh3gctmN5ibu.fWDqGUNtZ0nZtnFBW8exjSHTJGW6JO'),(2021070036,'徐玉梅',7,'21xuy36@swanstu.edu','$2a$10$vuE4XgU.Gsqzf.NEXH8MOOA8JfiKCyuLKNxEhpDcDCBZLT7RoHInO'),(2021070037,'游建',7,'21youj37@swanstu.edu','$2a$10$o8MpkXLZg7A1/3ZcFhWof.hIjItamijnbjQC6KKnHyDMEbkmMX.B6'),(2021070038,'傅秀芳',7,'21fux38@swanstu.edu','$2a$10$U0.TpRY/Cm/0M2xz4QVr2.Czz9zXYRrCot/Vq11lo7j.c9hGQkJRq'),(2021070039,'孔秀芳',7,'21kongx39@swanstu.edu','$2a$10$v9cmVlVey54BLFmkYFhi9.6f83gpmOy3H3Yh/RArn8QE9gMRuSgZ.'),(2021070040,'武秀荣',7,'21wux40@swanstu.edu','$2a$10$fBpVu.RfaY/wcrmqsMb8lutclQPP2YbyMfQsf.norF2PtNxD1xBBi'),(2021070041,'陈林',7,'21chenl41@swanstu.edu','$2a$10$3EBfsMR92f0/q4o0OgoDyOpXiY0rkcHIcELB7kQjx3PFy0q72ZIlu'),(2021070042,'段凤英',7,'21duanf42@swanstu.edu','$2a$10$GXYXzgSKllAVlCjGBxK5M.yWxuEuScIb6IaVBMr7gZo7FrL0EtEL.'),(2021070043,'缪丽娟',7,'21moul43@swanstu.edu','$2a$10$yerzZ/TlmwcLcQoGjPBZweF6SD0PjvAJAUbnq/wJOjZhqy46hpIfS'),(2021070044,'杜雪',7,'21dux44@swanstu.edu','$2a$10$Ft/6GUNBp1vJr8HS.kz0W.z0nMABFyAZGRSg.lv.flcWVTRPsm7w6'),(2021070045,'费英',7,'21feiy45@swanstu.edu','$2a$10$5cAMTs8YkV2AoUwgW1iPCuocApuEmDFjdUX3yWKjuEgpqFWCaW89e'),(2021070046,'刘桂兰',7,'21liug46@swanstu.edu','$2a$10$jt8mRT8RREzBt/O0AkpgOusYdhkPOtWJN1f4wcAN7BhqIpXHAiOpa'),(2021070047,'张婷婷',7,'21zhangt47@swanstu.edu','$2a$10$yE8GLkJ5rMS2Yqwz9gdQVOohWCvJlAUVq0Ux/pbfuZeqpggLG42De'),(2021070048,'何兰英',7,'21hel48@swanstu.edu','$2a$10$t2FsBV7TJhGB1Jvf7IKIMuU2q2Q4jCClsPv6BuWXqiJgrgNUFvBzK'),(2021070049,'刘建平',7,'21liuj49@swanstu.edu','$2a$10$nnmMZ7B1.IyXRjtqltu0EOfmijG83MNO9rH/2lqlbiN6VSXxUXt0u'),(2021070050,'孙健',7,'21sunj50@swanstu.edu','$2a$10$NMjJpLuvI3YyuBLY36P97OHo4mIRxjfmKi1yMledaIFEGcWrgz/jC'),(2021070051,'李龙',7,'21lil51@swanstu.edu','$2a$10$uL5Gs0/q9/DPJPboqilfueLwJw196X2zpGI5Ej39e/ucG.WCd2EVi'),(2021070052,'高婷',7,'21gaot52@swanstu.edu','$2a$10$leioLrY1/nvhxB9UjD2GyOH4vQIlw3bI1ijKq33Q7jFnq4hDsYMde'),(2021070053,'潘晨',7,'21panc53@swanstu.edu','$2a$10$HIlFQkOISLYw09T0QKEMZeo..70fxy2wUI4Tk4cnStS2ou42LQGwi'),(2021070054,'徐宇',7,'21xuy54@swanstu.edu','$2a$10$juUHbySUtEIQKRzuaeUjvOaGx8wYbc6uFw8fZaf0kyiS8xAJj8iia'),(2021070055,'李婷',7,'21lit55@swanstu.edu','$2a$10$Zmkfu0m3JeV..uAxBwtonef5Z21438ZfMwCS4XCJt/vYfKMiMTy/C'),(2021080001,'周玉英',8,'21zhouy1@swanstu.edu','$2a$10$46Uy8/pqR5gVmby/8UwXZ.pPrrYWY6sF0B0PIJWDMLELapfTEqm8.'),(2021080002,'梁亮',8,'21liangl2@swanstu.edu','$2a$10$5BD7vEkqUYqQTbkRmKAeQeKou0y9IFAT.EKOr.4uQHszqLeZWpOPu'),(2021080003,'李军',8,'21lij3@swanstu.edu','$2a$10$9Kc6WH/dYVRXYQCUWwu3/eyMy0YHXU2J.gSLTTLUWXxVVLtS7K2nu'),(2021080004,'方建',8,'21fangj4@swanstu.edu','$2a$10$Kw65zLISDJJKI0MyxUiBR.tI8on81Y39u2VShdzHWjZQqrUpGnvb.'),(2021080005,'李欢',8,'21lih5@swanstu.edu','$2a$10$sjvRfvKmm3P8VAcXrn3JgO1zki.X/LwAAjT2uCjUqt4u.Z8iidCyG'),(2021080006,'任磊',8,'21renl6@swanstu.edu','$2a$10$y1JL1t05NaXa6YQVMSCMnODneg7ILzJhDk6ei1WDeBFx13CnGVBqq'),(2021080007,'夏玉珍',8,'21xiay7@swanstu.edu','$2a$10$7g7j2/V/a6Phuwd9Xuwb8.YF.UBm1hErjTauEyPQw53fSM6wvH3FG'),(2021080008,'陈强',8,'21chenq8@swanstu.edu','$2a$10$b2zRTecjVhILvrimwWNSPO67/qA2Iv90bk9qA0ML3S1HYY73UEvKi'),(2021080009,'杨海燕',8,'21yangh9@swanstu.edu','$2a$10$2zbn54qC9DdZbPQzvRmv8eSAqmlLLnZMgClU/VXhlXk2.qoCc/Ap6'),(2021080010,'刘龙',8,'21liul10@swanstu.edu','$2a$10$YdzeBCPmfCfWAOCW5.P5h.HO2cUUzBauewXcZUusNqri0MVP7j.1C'),(2021080011,'崔文',8,'21cuiw11@swanstu.edu','$2a$10$iP/cUWiwz6ZP9dehuP8WbuvFh8T7VwqI4Ar5JgtzKbQzE5BazbfiC'),(2021080012,'杨凤英',8,'21yangf12@swanstu.edu','$2a$10$O56.jpcLY5s6nabulOVhcO4JvgV8otoabin5Zvq76BHvI4YAS2Oaa'),(2021080013,'郭淑英',8,'21guos13@swanstu.edu','$2a$10$4FvQR5rT75LQBo/rMZ0kSe1nLkd36mGJWKx/eU8dd5RlVPk1A1OPe'),(2021080014,'高柳',8,'21gaol14@swanstu.edu','$2a$10$fiS55UQHyurTH/BRE7tPYurLtYqkc1qE8L8InAlNxca14aELlRBEK'),(2021080015,'杨丽',8,'21yangl15@swanstu.edu','$2a$10$8wzEZTiKMXy5ilp9EY8o8OC5oJ2gLUJskKPdJVKceoyKyLNCe.D82'),(2021080016,'刘亮',8,'21liul16@swanstu.edu','$2a$10$CPZv1SurJxta4kNvZO0ls.qOWX4dTzi/2ZtyCcKxCzkeSApOoUc4i'),(2021080017,'张涛',8,'21zhangt17@swanstu.edu','$2a$10$FPSDU36mzs8TFEeFinjOD.MLGaC9r/GI5xuR2ZHMrX/KpG6JIdU.S'),(2021080018,'郭玉兰',8,'21guoy18@swanstu.edu','$2a$10$IbdS2Ky6kUdeDZsuuBshre9s41SEvXVG9Rmb9JuxtGJfXX4p7Zunu'),(2021080019,'刘晶',8,'21liuj19@swanstu.edu','$2a$10$uALdW9Dzi0DBEJz.1jn0PeCLjbN0M5ATzeIO.MrvXjlog2pNw6ziW'),(2021080020,'王丽华',8,'21wangl20@swanstu.edu','$2a$10$lLvs2cc1ab2aLS5LtVKore0.wC/Y03d3Kw4WphN4s2wJY991JZGIy'),(2021080021,'高磊',8,'21gaol21@swanstu.edu','$2a$10$qwmnP099fEH8hL70Tlzsu.O.rDk8UsQWSQ9hThIeBukAqVzPz4TVy'),(2021080022,'景丽娟',8,'21jingl22@swanstu.edu','$2a$10$IZAKPoVPF5NQ/ytZ3UkPAeeh4vJ.TAqYw8120cPOkFh0fJ7JkiTj6'),(2021080023,'许亮',8,'21xul23@swanstu.edu','$2a$10$0qsg0pIQqx5zqaDXgZqo1u8SA2lS9RF4ykNkeYk4a8bOQ2xANTBvS'),(2021080024,'萧健',8,'21xiaoj24@swanstu.edu','$2a$10$kLjLLSqyQy9/us4RBxvZ9.7X6ywIp3buzXR3rc7EFSctyO/UNQ8eq'),(2021080025,'王秀兰',8,'21wangx25@swanstu.edu','$2a$10$HsSh/KZuPFMGxiriP6nFfu0CwI.w0s7fHk7M9fdIMogap0sF14.au'),(2021080026,'梁梅',8,'21liangm26@swanstu.edu','$2a$10$CUCix/pNHc9t61/iTVR9ZOsxB1vBZZVHK1oIUL2NZaWaYYh/ezTGS'),(2021080027,'李瑜',8,'21liy27@swanstu.edu','$2a$10$rIgrlEd.uRbsG3vP.LZquOXeGoOG1Iaw9eczx0UiKr9QiHuJMcc8u'),(2021080028,'涂鹏',8,'21tup28@swanstu.edu','$2a$10$l8yhl6jZc9eruxEwmd/d.uMB.h/Wj8O6xuqS1Sej1VvY92uOWDbv2'),(2021080029,'赵林',8,'21zhaol29@swanstu.edu','$2a$10$1i63lh/ii1lS0Xr/Qi721uFMtjMengmJTrrIRjKYPHoqxjjUcG1s.'),(2021080030,'庞晶',8,'21pangj30@swanstu.edu','$2a$10$zlj/znRCUuHURACDaIyMnOw7BHhNY6suF5TSRsulaQQleKt7KRW7W'),(2021080031,'齐娟',8,'21qij31@swanstu.edu','$2a$10$MsnsZ73.CxyXSC.0b36Kue7iuJskj/oLr/DFZ5DtYeZuYsONMmETi'),(2021080032,'赵小红',8,'21zhaox32@swanstu.edu','$2a$10$JPw6d0IUIJ8zBQa2U7xmCOwINK4d1GOyOaQQRsZ3UX4XiyFGP/ypS'),(2021080033,'孙丽华',8,'21sunl33@swanstu.edu','$2a$10$oCyxFw7TONso7rt1LlQwAuFbsXcWYbuOEKs/wbvFQq6CwNFciB5D6'),(2021080034,'刘瑜',8,'21liuy34@swanstu.edu','$2a$10$jaEtT6NLkFd0GOEzfx6SWe.Y0N4zjE84vIEpe9pjgQPGUCqzCzdqC'),(2021080035,'何璐',8,'21hel35@swanstu.edu','$2a$10$WSDyh/vN4o7mlyKYNuwzoO/wzPWqY6Z.eD15kptNOwKPit7F22fuy'),(2021080036,'陶伟',8,'21taow36@swanstu.edu','$2a$10$xwJpdfgwopx/oRJK.t30vepUAnReTcY8k7MDjMziHC./NqBdECwde'),(2021080037,'周海燕',8,'21zhouh37@swanstu.edu','$2a$10$apZ/B0MWGqhTP9U/oMiO6e66qAgSMyx64s1mgvYWNQmdW9b65Nkka'),(2021080038,'李荣',8,'21lir38@swanstu.edu','$2a$10$1HfQSpeIxzBmO0UR3DM8iuAXOcu6p8vjVZvudSsypQrI8nQbl/p/S'),(2021080039,'廖秀云',8,'21liaox39@swanstu.edu','$2a$10$Mmfrui9MilUYiyQ8pIE3IelQz/jWDuJwi4SNz0zoxiT7FY9MlDi2O'),(2021080040,'章丹丹',8,'21zhangd40@swanstu.edu','$2a$10$3CnlpSz.y0Bbx9kur7P.EOIIqW1NhlzR9WEigs5oS0hgwEpj74XMy'),(2021080041,'赵宁',8,'21zhaon41@swanstu.edu','$2a$10$Te6L7KYVOST3h.w/A82tR.2tqsy/5RzTDE7Tng0YroQQqxxuFGUl6'),(2021080042,'马亮',8,'21mal42@swanstu.edu','$2a$10$kb.cWvWXgx3o6TP5PVYoMe2DBbg2Nk43MKziDknD08hZaPh8pu1Hu'),(2021080043,'熊佳',8,'21xiongj43@swanstu.edu','$2a$10$9KsxVOhGJpvFzoF2ENa49e1LcKewcGSp4YVtpNwLr43oncMNgfqZS'),(2021080044,'王想',8,'21wangx44@swanstu.edu','$2a$10$PPCiI9gIOkVMUtDl.45eH.rICwI6CFvLhFHgeteHUxiMrr2775vh.'),(2021080045,'洪丽',8,'21hongl45@swanstu.edu','$2a$10$ajfH81lhbFijSARwnutMAehmUhNNyDLP5DAyc7cbKjpg2xVpCzp7W'),(2021080046,'陈颖',8,'21cheny46@swanstu.edu','$2a$10$53W6B5mKPSbxbkpjnaAKcejF6Y2rqKVlaKHKzVIf5IgsvjA0XDcSy'),(2021080047,'黄秀英',8,'21huangx47@swanstu.edu','$2a$10$v3jVYKX1SHLiI/QLSSQTo.EXz0rnnruc9pvNEBr8UVeDJcJci2wma'),(2021080048,'黄华',8,'21huangh48@swanstu.edu','$2a$10$BRaLVscUtqIpOKf/qDZLnuCHnc7nzzu.IVVG6fIL7lS6.NuD5fE4K'),(2021080049,'杨凯',8,'21yangk49@swanstu.edu','$2a$10$FW2w/iKMHBvgd9JBoEXhpO.VttV4tKGAYTxyv92E4jV8YsiVZyGZa'),(2021080050,'彭建国',8,'21pengj50@swanstu.edu','$2a$10$aJP458Oj18VBpcPTmbXghe30DeD/fcM1Yzx0nK9ou2eLU7GEdJYY6'),(2021080051,'赖博',8,'21laib51@swanstu.edu','$2a$10$mEqGezHKNEXZYQHI0Xg1leTglWT6342QgUs4JtPshMcF8He6R9EFe'),(2021080052,'赵英',8,'21zhaoy52@swanstu.edu','$2a$10$HPUL6av5liI3u/hdJBeC0uHJqDtbDRdFeWQclcMeVHePtSI/FBqla'),(2021080053,'艾霞',8,'21aix53@swanstu.edu','$2a$10$3WWhbKzIuJVKJr4S827oC.QHsVOtZii549xAXkUJC5hikeyhdfPiO'),(2021080054,'徐成',8,'21xuc54@swanstu.edu','$2a$10$6mPYtRqL7wc1gDBP6gEZBOC8.95Df0UMtYyFpIeDURSv.FKchuYhK'),(2021080055,'陈凤兰',8,'21chenf55@swanstu.edu','$2a$10$k6Vsz4BhlGNGIn9Ow9fETub4r3y7nd7ROCaBQnNyk/5VttxpYp1qy'),(2021090001,'耿丽娟',9,'21gengl1@swanstu.edu','$2a$10$K5AP17EUhg9T7PkH9A00W.9d1vqTw0YyKVvH/Y.GIAFDlVZRcEzmK'),(2021090002,'靳刚',9,'21jing2@swanstu.edu','$2a$10$h0qSH.6cZgS9eZ.JRkIN3OHEWKCwKilOdw3//oygg2a5yVMYalNzi'),(2021090003,'蒋桂珍',9,'21jiangg3@swanstu.edu','$2a$10$SVE4i.bpiErVqCL4a1rHmu2HhFc5h2TDmSTrHABiwSionWzU7i5Wq'),(2021090004,'胡倩',9,'21huq4@swanstu.edu','$2a$10$AjPZQ3ZqokJdnbyexB3QKefEYLByRQ0RKn9Ubg7fgwFBQcefI6GYS'),(2021090005,'夏成',9,'21xiac5@swanstu.edu','$2a$10$RwIrGvttrmJMXt5IpGL9GuJcLsIO/FxwZQZpY4beTGCmArbpx9/Q2'),(2021090006,'王杰',9,'21wangj6@swanstu.edu','$2a$10$QFag0TNDN4.iy.i1QZ0Amu9RoctyrrC3TslTfLZSgcjk8v5gPPo1W'),(2021090007,'孟强',9,'21mengq7@swanstu.edu','$2a$10$Gkgyp/92eRDzBZg.V3SLlONq0V4LO95Xr2L6qoWPdcfZCknpvnZXC'),(2021090008,'吉帅',9,'21jis8@swanstu.edu','$2a$10$X6QQkI5F40VvbqXq6dylLuu1zGsKguIv1kO0z8vZXTcU5HrCF.w6C'),(2021090009,'胡想',9,'21hux9@swanstu.edu','$2a$10$0Toz3UmYL2J/UCtSVJdlReB7uViqfA5BBph66X6xaOeHXizVPYvKq'),(2021090010,'唐莉',9,'21tangl10@swanstu.edu','$2a$10$UM3wu.BI4nq4GE0r1/W5peYJ5XcXtzQdZeEYEtHrM6EC8NADh33z6'),(2021090011,'贾凯',9,'21jiak11@swanstu.edu','$2a$10$JLkpTOPHPZOow0M6iA./S.IBWOZ7788nI98bOeuJQxkHq1WuY4Ip.'),(2021090012,'倪淑兰',9,'21nis12@swanstu.edu','$2a$10$ZIO4AUr16Lu8wpfm2t7UJukOms/zeSHvOgoeF3IXPGxBnOmG90A12'),(2021090013,'邓雪梅',9,'21dengx13@swanstu.edu','$2a$10$5d4k.hH9pNCk.iwQ/wYq6uQDRrmkcSMbuFb9KU5rDu72wua/f8tn2'),(2021090014,'吕玉华',9,'21lvy14@swanstu.edu','$2a$10$IcNLA54w4vfMjOboXeE0s.VmGHEo0x3YCIdk/ypxMe0O4KLOXqGpy'),(2021090015,'范璐',9,'21fanl15@swanstu.edu','$2a$10$P.Lq0jLwjoZEnxY.EebkqekIKl6wChSbC647gpH9vMI/Bt8LxEe92'),(2021090016,'丁建军',9,'21dingj16@swanstu.edu','$2a$10$iyxatKg8uZchNFXGmId1Ue2nRbhOa0UrjQZJ4.W221GN8UORDfw7m'),(2021090017,'程梅',9,'21chengm17@swanstu.edu','$2a$10$P4AZVxU0/gjKiHY62HtfH.B0Q4F6F2WYoV8M8yY0Ucw3oHw0SmgUu'),(2021090018,'匡波',9,'21kuangb18@swanstu.edu','$2a$10$RYmvbkUoAqA.wfyHuG.KCO5Y190l97yFx48bF6Sp.gRGU5AvG.hPG'),(2021090019,'朱玉华',9,'21zhuy19@swanstu.edu','$2a$10$jiu.nUFKmsia5NJ.hFV2aeSne025rVoEmKTzUSQ7nUOL6LRxWK67m'),(2021090020,'林洁',9,'21linj20@swanstu.edu','$2a$10$UY5XX6.KNu730wY7NJdAaedYo/A0hrcRflynTrFRdGSEGgvyJLJ.G'),(2021090021,'巴敏',9,'21bam21@swanstu.edu','$2a$10$1zyd3eT.cXnfBKmIMwCY1uXBdnIWvzGWC2ywpg8Q.D1jqZ715mgYK'),(2021090022,'王小红',9,'21wangx22@swanstu.edu','$2a$10$0g2X6zKirrXy2iDZEzMh2.pqY/Z8uDmzuYZGPpdcjBg7mAsLe7cWC'),(2021090023,'徐梅',9,'21xum23@swanstu.edu','$2a$10$c.mDXDHYx07zkOE1tNC/benEkmTvWgHAPRBpxjIxDUYMBkt6XZWdO'),(2021090024,'童桂珍',9,'21tongg24@swanstu.edu','$2a$10$0E46IVqMxyOtSNrVRBYuPe6Vf5bXa5fulKDf8..5jcTbV2V5enOui'),(2021090025,'苗伟',9,'21miaow25@swanstu.edu','$2a$10$rYFwFERSRKjUydZzmIOYmepNhDGyIXz/fvwp266Z64pUCjDR7oBD6'),(2021090026,'夏斌',9,'21xiab26@swanstu.edu','$2a$10$XWj1JMoBETB4GP/fu42lROwvNQNc.XSLclEgkjqhVJsObu.I0/h2u'),(2021090027,'陈博',9,'21chenb27@swanstu.edu','$2a$10$Zg596Fy36/8T6tIHBoo7IuKLCkL50zk9bFQSAcohmX42LwDRFIA06'),(2021090028,'赖林',9,'21lail28@swanstu.edu','$2a$10$bRMSEU.sdW906EecjwBAVeq7/XMUkX.TySk1zyrNzK242DYmP2ZqG'),(2021090029,'余玉英',9,'21yuy29@swanstu.edu','$2a$10$JGhc1dJdMABl1F7z3viq2.AfN7QVJspVotIn7Prnwtc6NpvyCJm4C'),(2021090030,'王春梅',9,'21wangc30@swanstu.edu','$2a$10$15z7D.pyrLrXQeRwFaMUgOik3fjKRxqAlgg/ieAEBOeZpvCz3ZuQC'),(2021090031,'周帆',9,'21zhouf31@swanstu.edu','$2a$10$/6yq9EDvi8U..hCGSKXVleiewR91TahOtu0Y8zBIAeJmL4riC.O8G'),(2021090032,'萧洁',9,'21xiaoj32@swanstu.edu','$2a$10$8I0v.8djmAyC6UG7edDM9e52hv/0X4VLLB4sck/RtuAtkPVv3Hd..'),(2021090033,'陈敏',9,'21chenm33@swanstu.edu','$2a$10$jTRan0VT9BM1pivLb.ouDeqhP2zzGaCi0RsNFOQnKNF7KUC12yfDO'),(2021090034,'杨敏',9,'21yangm34@swanstu.edu','$2a$10$DZXrdqbgp5GbFDIRoKu08uia6QdOWRvjT/6pKQ8MsUvVI6sG90iDa'),(2021090035,'梅秀珍',9,'21meix35@swanstu.edu','$2a$10$Y1le4AJyKrKPDLCNnKkANu1CdmFIQM/Mf3HeV.389WtiNESbaSQJC'),(2021090036,'段秀芳',9,'21duanx36@swanstu.edu','$2a$10$kFpO9pRkRwGYYSNHcTiZW.aiW69H6OlLwwxkfGxFDFkvZRkoPEh8S'),(2021090037,'高凯',9,'21gaok37@swanstu.edu','$2a$10$CFzrDCNM5ORlEkLe6BjZh.pLHEaBLf/z1vg0gAK9NaUusmkjcDvFq'),(2021090038,'谢雷',9,'21xiel38@swanstu.edu','$2a$10$iSMw242ecxEYZiPvUNt8hOGmZSLQ6y75.yKzsar.JkNQAJ/0lkDCK'),(2021090039,'赵梅',9,'21zhaom39@swanstu.edu','$2a$10$Nwcs1dL524Q7glsc0i6k9ujVgbW55WAThrQ6jfCwa5XIxjRss5h2W'),(2021090040,'吴春梅',9,'21wuc40@swanstu.edu','$2a$10$27MS.vToYZPig0iBaUM4nuLPKCZMaj5fcJkKIOEUYcOSoeOvOSasq'),(2021090041,'王平',9,'21wangp41@swanstu.edu','$2a$10$aZ0EgGDauZLHZeMLXTmA.upDMg/gX6FgcDuzEQXSgqmIFdETrG/Ne'),(2021090042,'陈坤',9,'21chenk42@swanstu.edu','$2a$10$zB0ChqVDtBWbJHCSYGQW7.pUZJ2XRMrTCYihH4OV0.etbLGDbMh3y'),(2021090043,'娄雪',9,'21loux43@swanstu.edu','$2a$10$s9SJI.adP1U6agbIhx7u1.KTE1.8aWXloBuxXm1WrKCEQr7BqpHVq'),(2021090044,'漆明',9,'21qim44@swanstu.edu','$2a$10$hnW/Aft4ZuGh8V1lhI3/w.oSRQCwQKnfoJkBWGS/vOKfw9idLJAWC'),(2021090045,'李丽娟',9,'21lil45@swanstu.edu','$2a$10$qf2T2R25tX8ds4HL2188w.X.Ky/dZcCsxG4eE/cXUQ1P8.8YOboMq'),(2021090046,'李玉华',9,'21liy46@swanstu.edu','$2a$10$EQ24AF2Vr/1btGC.c/52L.SrMNEjubmLiCDVil10hmmtlZSLKpX5a'),(2021090047,'李志强',9,'21liz47@swanstu.edu','$2a$10$FhWUsTX/WmIWD0N4eKG8u.BYqolHf/oKapn1ZVOR.eS97tzZ5o70G'),(2021090048,'白秀芳',9,'21baix48@swanstu.edu','$2a$10$FOatVztnnN8p3Po0r28FK.7pXVGxcdfnLalqY9qB40x.ZYvQtGaCi'),(2021090049,'雷建军',9,'21leij49@swanstu.edu','$2a$10$2EdufGsTcJtzONSQt/Gzb.RKnXcT6UgUnPtq5Sa9ByWSltqKoM7mW'),(2021090050,'张柳',9,'21zhangl50@swanstu.edu','$2a$10$V2znaAy.VsgCOgwDXbBqxOFeaCqniBkcKaPuomjkp1HhdRna1vGum'),(2021090051,'江敏',9,'21jiangm51@swanstu.edu','$2a$10$MAQNRMjFkMbv0D6ki3L0nOGvn0nk0XhHT0ElmLRgfL/8RzJvrXcru'),(2021090052,'王红',9,'21wangh52@swanstu.edu','$2a$10$AM/ftDAuZxGSh8kPCAUhj.Xpw5k3/2y2xK28kn7JrkKRsp2tCVI1C'),(2021090053,'陈飞',9,'21chenf53@swanstu.edu','$2a$10$JOkN0ThpxT7ZgYSJrOXxqe3DQHrgCmmyPCClYXz09ADJvDMxX7JEu'),(2021090054,'李桂荣',9,'21lig54@swanstu.edu','$2a$10$3s8NAazd44Kjma/ZA9axK.zxXFzvE8RgidgCLDZabqzKandg5g9Mm'),(2021090055,'陈淑兰',9,'21chens55@swanstu.edu','$2a$10$xkIF/.cyRSRgkR.o8SrlaeMK1pj0c6Bx32ZJkvGs1WM8Mr5pbaKW.'),(2022010001,'林博',1,'22linb1@swanstu.edu','$2a$10$/ShU8x7UwsfC3jC1/J6h/.bZMnfqFavFGwuTxh55yUZQOOywwyIkG'),(2022010002,'龙辉',1,'22longh2@swanstu.edu','$2a$10$hLez5b0NpkTVaJOsQbkU4.7SkZxMGkHENGPh0Nk6W6qqnO4d4C4x2'),(2022010003,'张璐',1,'22zhangl3@swanstu.edu','$2a$10$OYEe2o7vSF.BiYMmb.R4GOifitd.9oy.r5eePCVofpNtAC92ypaCW'),(2022010004,'侯宇',1,'22houy4@swanstu.edu','$2a$10$VyaiYHfhV0Zcin96nY02c.Aq9XZTbf8Fe0Lgjf1/XzVEHqdzMT9B.'),(2022010005,'李成',1,'22lic5@swanstu.edu','$2a$10$ob3LbRw42E4a3xy6kfKM1.zeAlb6wwX8e.QFtOyod5xdWxVPRZVbW'),(2022010006,'潘淑珍',1,'22pans6@swanstu.edu','$2a$10$21kTQxAxibZz3GlxGukWaONnvPAivQ0t7lLlwmfFMixgIeBypulOy'),(2022010007,'李红霞',1,'22lih7@swanstu.edu','$2a$10$hKXzctlmfYTs..WS1APNUuKiDVy0D2qNHk0vvC9JSsHOQMqRkwBmK'),(2022010008,'单桂花',1,'22dang8@swanstu.edu','$2a$10$oWBWJ8kF75rtzVGbL/FyhepAJVYSr6lTxQRa6YtSI6N8ahi4mCA4e'),(2022010009,'胡杨',1,'22huy9@swanstu.edu','$2a$10$K2FLc5ForsuM28GfArEfLOHoLsjWCCn3VK6lQZLwRR00SHQ/buXk.'),(2022010010,'王健',1,'22wangj10@swanstu.edu','$2a$10$/o3sQGAmJdEkHL2h/0rOaeFhdKu8hqBL9eeKhvVryJPwRRS0MqPCm'),(2022010011,'刘军',1,'22liuj11@swanstu.edu','$2a$10$BweaWuLYCYyrk20Zaj9ouecbTmLBKpdeF8/py7ZzgqvQ/vIyCe2BW'),(2022010012,'陈玉华',1,'22cheny12@swanstu.edu','$2a$10$JZVl7ti4JQys4T/BVe52bOxVy8ojEc1/JLlvjjVtsRnFg4mKpEzDa'),(2022010013,'黎宁',1,'22lin13@swanstu.edu','$2a$10$Q6MynCIzGJNKSkCPE9oj4uziYaFRX82Q7CXwl5MIyOytEjHVMOIVq'),(2022010014,'张云',1,'22zhangy14@swanstu.edu','$2a$10$hTWgV4qjvb7h8BeZ2VFWUOQYLYcrnKWs/NeQf9qT.kxleRzC3RzFe'),(2022010015,'刘敏',1,'22lium15@swanstu.edu','$2a$10$2d1FH2obojUcQclMYMJHpuaAY8TbZMDwflMXpmidl8x2r1w2BZSs6'),(2022010016,'赖慧',1,'22laih16@swanstu.edu','$2a$10$vHD584RBrMcRu2ekUZC9vuWTsM7HGk2Tz5ZXtFyXkqaPrtLVMbdju'),(2022010017,'靳楠',1,'22jinn17@swanstu.edu','$2a$10$IcG5rPDshRWn8tkHkwHOkuEeQKrnn9j.lO6/USU281AkN3kqN96AC'),(2022010018,'姜阳',1,'22jiangy18@swanstu.edu','$2a$10$tFtAK1pTKM1PaCC/9Q3LEuqJieOE.6ipBDgt79I7szhspQRvGTV4W'),(2022010019,'吴倩',1,'22wuq19@swanstu.edu','$2a$10$OM0oDdEXbpb4YYvURR0AGe.GedQ/IRAS/i/6HcRexjnGtQTNMd112'),(2022010020,'张畅',1,'22zhangc20@swanstu.edu','$2a$10$JrTk1YFLaWhWYe7i7Gnt.ugMDO6DFk/UR0P8owCSrmbZvzfji1/lG'),(2022010021,'王岩',1,'22wangy21@swanstu.edu','$2a$10$llH9aJXAznDkcC7fWZwPJ.Zjmo0ETADJSHj41ZzSXCP3CIwifYtSi'),(2022010022,'徐俊',1,'22xuj22@swanstu.edu','$2a$10$3tndDhWiznufrZLtXWr6TOzzZjsJam1BQgRBDZtwUBtffB5uLOz32'),(2022010023,'郑欣',1,'22zhengx23@swanstu.edu','$2a$10$40Eg3Z/ZWeRFBKk0FpAl6OCgxkayJfOhNkPDp6zbTbnDxBgBB3n/W'),(2022010024,'顾伟',1,'22guw24@swanstu.edu','$2a$10$qFQrab.kHmghWlH0JDEnxOPrk48CFgyvanoaIhlPWwFTB8fAeEcLq'),(2022010025,'陈军',1,'22chenj25@swanstu.edu','$2a$10$APExCnAt4XDadaoh30OI3e21fOlB6.I/ouOsg2xaUawZaTe4pNaFW'),(2022010026,'林龙',1,'22linl26@swanstu.edu','$2a$10$9UKGjZIsFASnTkwh4kw5h.gbo08dQzsz5wXBnV3cm9A4zI5cF0L.O'),(2022010027,'汪荣',1,'22wangr27@swanstu.edu','$2a$10$aP1hYg/duryOLV5VtBw84eGn23oLnho09hc1.wDP0OYXVGzEWixxe'),(2022010028,'马斌',1,'22mab28@swanstu.edu','$2a$10$O97hH7V/NW6H1aMaYpFMXuc7RBJzn.1aBLZW7pcv/JGcC5Tq65v..'),(2022010029,'张艳',1,'22zhangy29@swanstu.edu','$2a$10$XNUT2Rs2R3OVL9q/cMduquxoDnovR57HGOrVQI89ieeEV12HoS9CG'),(2022010030,'蔡磊',1,'22cail30@swanstu.edu','$2a$10$BdzwFB0wN6rwYBz17vWUXugRFXEk6GVd.0pC8AwiBNNAYKVO0SyTu'),(2022010031,'张颖',1,'22zhangy31@swanstu.edu','$2a$10$JP2rpskoZKS6k9/brYoEJ.wwA58OtBHXxgxEXwHLxb22dEJXhHHmS'),(2022010032,'梁桂香',1,'22liangg32@swanstu.edu','$2a$10$BFxKJzCGo17tbb89PAWQiO1VoxEzqgTYU.YE3LoJ/xzGImnMZkhLa'),(2022010033,'任林',1,'22renl33@swanstu.edu','$2a$10$SOXETrdvPCIq.0pCtmt1S.X7GZ8uxqqmJ.OYiY4u6zU9Nb/AVjJFm'),(2022010034,'杨帆',1,'22yangf34@swanstu.edu','$2a$10$okKAgKUXS9LgPRTq10HlveNkBCP4wCykU4gKr82fmC0ChUfeZLvaO'),(2022010035,'李秀云',1,'22lix35@swanstu.edu','$2a$10$jReGLHZ3STOdZ2Tj4RddMuJ.PsXrQdpGgxg.52irJzCwxIygruPpi'),(2022010036,'韩兵',1,'22hanb36@swanstu.edu','$2a$10$Wv2kZC/bRdadYQAQh9z41.NNUbNeaJNCXV9rRBTI6u8IBmW.2rk6O'),(2022010037,'曾勇',1,'22cengy37@swanstu.edu','$2a$10$FO0a/LzIPeWGyXHbSdDRDuIiaUejKcBwlvvoZbXQsSrixTtHGznJW'),(2022010038,'石燕',1,'22shiy38@swanstu.edu','$2a$10$82/YGuFS7S.eluOhSRTxV.s/0RdQl8ZDaPEXtOh2uB72KPSrkxvi6'),(2022010039,'张玉兰',1,'22zhangy39@swanstu.edu','$2a$10$mYM4w9q6rnshtUvt6Mg0y.DMyDfr5xAtH4VNWKJDBFX6SbaQxDFOq'),(2022010040,'陈丽娟',1,'22chenl40@swanstu.edu','$2a$10$IT5vwlpgoBPKgRekcPL3LusFs/EYd7zihzlEgx0cW5QToj.N6YZ9a'),(2022010041,'吕龙',1,'22lvl41@swanstu.edu','$2a$10$f6oxhl4uvUSN6YI2APnc.ev5HI.eu2IZYb4z5yR9y3z.1Nmed5iDm'),(2022010042,'邹倩',1,'22zouq42@swanstu.edu','$2a$10$5n52tMs8.5h838jBR9GVIuaGPTnAS7lZE/D9dlmbcpc4B2RDWlEuK'),(2022010043,'但阳',1,'22dany43@swanstu.edu','$2a$10$33KMP1dmgtCYlFzkYdqvCOtQ7BsO8Qt22fY61sIQp0.BIVDzU1ixW'),(2022010044,'傅岩',1,'22fuy44@swanstu.edu','$2a$10$EU8x8ogeVBpn2V9pBOZFr.X2jUz5366MxV.t/lACS.wh.HLs3GgQy'),(2022010045,'朱洁',1,'22zhuj45@swanstu.edu','$2a$10$YDmsPyv1pR/u5cTTsIyIZODdCnrZeQsVLV58p3uBe05VXrc8PAKzW'),(2022010046,'余娜',1,'22yun46@swanstu.edu','$2a$10$icAS5c4Y.ny1hCDnpqj0peMmlJas9v/3e/X1gFSvww64dxgWge.xu'),(2022010047,'瞿凯',1,'22quk47@swanstu.edu','$2a$10$uT1ENKynCO0suK4kdLohT.5kmkyR.Ub11Dvsi9riI19Ctzr7U0iCm'),(2022010048,'张浩',1,'22zhangh48@swanstu.edu','$2a$10$qhrbi4N2PjWZFwFH5JsidOGiRU2C53oVWocA369xs/TdMoPdrIdAO'),(2022010049,'朱旭',1,'22zhux49@swanstu.edu','$2a$10$Z.8NA/iO4Ydm8Xm/S6a9jepyZ/OjXduz3KAmdF6wq.yvNtKIuRdgO'),(2022010050,'麦平',1,'22maip50@swanstu.edu','$2a$10$7KN2WqvqtHAF6OmeLMV5jOsQuzNtfk77lns7mK2bbxGD097DK3cPi'),(2022010051,'黄波',1,'22huangb51@swanstu.edu','$2a$10$eH8C6os9iEan2NLtMHzhzuluq1D5Ms8Hos0Pr8tyYyRh9ExrlR8R.'),(2022010052,'耿玉梅',1,'22gengy52@swanstu.edu','$2a$10$5kyRcZ7VI1txiSP08jxdEeIS8PrDAlbkFtJUuzbmoahWqtU3lBI62'),(2022010053,'姚坤',1,'22yaok53@swanstu.edu','$2a$10$RkIgW7qRYyb0qizKa9NjWuTvu7g66Lu9Dhq.f9kno5fCXEjpFDfBm'),(2022010054,'陈建平',1,'22chenj54@swanstu.edu','$2a$10$UQLonS8zkjEVM2xVjppaA.fTeImWWEi3SQsOSFzuV0IARu6OHZ4nW'),(2022010055,'耿秀荣',1,'22gengx55@swanstu.edu','$2a$10$lbChmqdd0Vx9chx3wuC2be1WHX3khccWRy48KCF8m.udsDymzwcV2'),(2022020001,'张旭',2,'22zhangx1@swanstu.edu','$2a$10$62D3iBfr8eS8IEc2MgFQWuY3cv6RbSZL78V6wcE6ZHh9jl4TJsb02'),(2022020002,'姚桂芳',2,'22yaog2@swanstu.edu','$2a$10$0GuE5r1gKZSbFIdkNf9xEunWvv33gvoneQvwHv5waS/mADao7r9E6'),(2022020003,'胡玉',2,'22huy3@swanstu.edu','$2a$10$3oYfqYQK31YL3sTCM50wVuQXTU4QAPekZH4kjKK/FY/QOhSP/0dGq'),(2022020004,'李兰英',2,'22lil4@swanstu.edu','$2a$10$SItmHr2EyKSlqqbmIMLGMebdXSDAK4Hufdsk2qm7YClx/i2fw00ta'),(2022020005,'周俊',2,'22zhouj5@swanstu.edu','$2a$10$Ek4edOzsdhwZgXMRbgGDD.rKaa3508tUm/F8OJBbPyB/R0kk5ZjJ6'),(2022020006,'贾雪',2,'22jiax6@swanstu.edu','$2a$10$tr94Jko5V.sTsWOQiKnIqukCE8WvKP2IYWaVveekeU/ISrdBkEF9G'),(2022020007,'傅辉',2,'22fuh7@swanstu.edu','$2a$10$2oy3/m8/Wco03h92OWkwqOL/wTO8Gh9GkGhTVbzkfimEqbJyxKRwG'),(2022020008,'邓秀珍',2,'22dengx8@swanstu.edu','$2a$10$Ouo/Ji.z7nTCwNU/6X2pwOVpIdTj6MiOPQT9trFZhWOTCS2GjFfaG'),(2022020009,'蔡敏',2,'22caim9@swanstu.edu','$2a$10$hoVuo9ZA1QpiQN7sQsPPyO2JrakkCIckk09bpCqb/0QGSyi3u58vG'),(2022020010,'王丽',2,'22wangl10@swanstu.edu','$2a$10$sIqB095YJXbnjmykThYLBuHUo1tMbLzWE97i5JC4JK0RLVU6ygNku'),(2022020011,'张涛',2,'22zhangt11@swanstu.edu','$2a$10$LGYzV2q4ekkCZd8VH.ZHze7PoNkDUZecw6EMxkLL/9fBpaIv.6Snm'),(2022020012,'秦红霞',2,'22qinh12@swanstu.edu','$2a$10$AKWduw9yABlafeSigJ4Haua.C/knK3.GZkcPwew6XD9n9NrkISG3m'),(2022020013,'马明',2,'22mam13@swanstu.edu','$2a$10$TwUN97ykE6h4aQXme55LQOXagnzDEby6WzEymEUheamVXcZvD.Oyy'),(2022020014,'顾金凤',2,'22guj14@swanstu.edu','$2a$10$QI60u4Y7yfn5g55MqtsVg.xwIqBzcXEtxF7xv5V6W7Ou87Zg/D6xW'),(2022020015,'李杰',2,'22lij15@swanstu.edu','$2a$10$3xgwsRPPRHlENscg1NWJVOsCCX.XtpM93WKwQYA0wOHlt0GZZLm8y'),(2022020016,'杨淑兰',2,'22yangs16@swanstu.edu','$2a$10$/p.kY9VtAHMbr.2yX5qUNurIJWdwjOcYNkVmyrA8Wd5FFi3ljBy7.'),(2022020017,'莫璐',2,'22mol17@swanstu.edu','$2a$10$iZI0UHOOAUGxV/nCxZa2h.e1WcviqaXC/LnNPz8M9pWPTEZm9qyrC'),(2022020018,'周桂荣',2,'22zhoug18@swanstu.edu','$2a$10$.Wxjsg0xUpkwNv..XKTY5.xfuFFCRwzOZjlqco56DAmi9stzgMJEm'),(2022020019,'蒲瑜',2,'22puy19@swanstu.edu','$2a$10$fbYw1QsbiXJ9s9vK7/YCweRoTnbJgoAIPJHlDxwcU8sRgiCv0CuJW'),(2022020020,'许玉英',2,'22xuy20@swanstu.edu','$2a$10$fY90n6y52nt8/R1tqJLvOuBnWY1wbfs5pe5a.8L16caPaYkW/OUGO'),(2022020021,'詹建',2,'22zhanj21@swanstu.edu','$2a$10$bGSHpDxuidPAjKD1v/./euGuJvX9.Ik5newUAVBeEbJqxr.VJL4yC'),(2022020022,'张玉华',2,'22zhangy22@swanstu.edu','$2a$10$Ky6tnayMcH4ggaGYXQ9KnO7BHi/MHAdS1B6vhHl2aehND97XLtLZ6'),(2022020023,'张娜',2,'22zhangn23@swanstu.edu','$2a$10$DoHKBM0npmCGFslupMR7pu9Crc6VaWSgcX78UA2g18UsooVHSeNlC'),(2022020024,'刘想',2,'22liux24@swanstu.edu','$2a$10$6mKhpbjvLvAPqiQj2VSHyO5.Uhh4cNWrT5jZoHrouU4g0Yn.JYei6'),(2022020025,'袁成',2,'22yuanc25@swanstu.edu','$2a$10$KpKgFjTgdlHf1x0nSfLVbudmJGRZYUP2LFFQ98gW/5/R./rwmJxKe'),(2022020026,'韩彬',2,'22hanb26@swanstu.edu','$2a$10$B/U3ZCs.Bp/AW8ypc7u8WO83cSL79mvRAvqrlk3tcPw5YXB0Qm6J2'),(2022020027,'王瑞',2,'22wangr27_1@swanstu.edu','$2a$10$lxhDM3QmgHUWXmS5OlIEYOSouJ4BbaRTnm.zACYcVP7Hfh2xLGkj.'),(2022020028,'张红',2,'22zhangh28@swanstu.edu','$2a$10$ny9w.FsiWQZNbznQCX39Ze0cIQOuYSjd0FiybKSmByKj0eQFxrqK6'),(2022020029,'黄超',2,'22huangc29@swanstu.edu','$2a$10$qqdkJ2LQglTmwqIqdB0Mv.NYT9yjGqleHb6SKMazUa7BlCLrFbq8q'),(2022020030,'许丹丹',2,'22xud30@swanstu.edu','$2a$10$AEv1k5ouCpvOMShflFIxZ.zdEM5DWZRJ9SuGmL92jArXz/vXPOxF6'),(2022020031,'林娜',2,'22linn31@swanstu.edu','$2a$10$2uG55iOaVZ3JVCcWyRXE/exPwRMOGKl71CjVgLJyRJ4.JG9Nu7QnO'),(2022020032,'吴利',2,'22wul32@swanstu.edu','$2a$10$/cM7whUe3AFiSGEfiSXKUuWnEqhnixzHsx8xuIKM1m5ZTA4u5lnk.'),(2022020033,'曲建平',2,'22quj33@swanstu.edu','$2a$10$RlM3DjO.z2MthpirWc4dIOIc0OiQtIf11WlhTxotLtfD5567x1sX.'),(2022020034,'朱利',2,'22zhul34@swanstu.edu','$2a$10$SzF0vEwt1Tt35KR.pD0JiuJQFUBuj6G0bGzLlopRIHyf8SJUQM02e'),(2022020035,'徐淑华',2,'22xus35@swanstu.edu','$2a$10$wDOtaJcEiYisKmuWAVMuR.tnNct71DCa8Je8nY/ts40fbX3k.bezC'),(2022020036,'蒋婷',2,'22jiangt36@swanstu.edu','$2a$10$vhb3zsw.ywtNO/qpVXhhKuABjny8pl1FGmCeMD6ua6XAU0ZEVddAe'),(2022020037,'吴丽华',2,'22wul37@swanstu.edu','$2a$10$fNkYeRpXBw4DioXDKdrSme9JGnhA82vy02SwWHGA/W.UzbDBg1AIG'),(2022020038,'潘艳',2,'22pany38@swanstu.edu','$2a$10$b89sTH6/wV1.mGRikZo7MuBYdX6KB8MRwprHuyJKI2kI8/tZnFioi'),(2022020039,'黄秀珍',2,'22huangx39@swanstu.edu','$2a$10$7ikdtwjsUD2SMf61nbFfY.vrHLeMzkw6fkg2Z3s6wUFNCXj6yag3a'),(2022020040,'李敏',2,'22lim40@swanstu.edu','$2a$10$cWMngO0QqB2WZNQG2xfhWeMBPeEL.psqdM4.UKkwFp5ExVuxSQ7Fy'),(2022020041,'萧小红',2,'22xiaox41@swanstu.edu','$2a$10$psYWOgmF6SHiehQpTYxZu.wBM.vJ54LO2FvqDfXCGYqPPWXnuCmEG'),(2022020042,'戴帅',2,'22dais42@swanstu.edu','$2a$10$sDQMNTR9qyNw9WtJGl5wdO.E4u66Lma4PznfY1mJABRlTDri3N6IC'),(2022020043,'吴桂香',2,'22wug43@swanstu.edu','$2a$10$jMbUfhtxMZgzJrp1NvPnouRbZMYfggaQsB/Gf/NINiqQJcXKWIPMe'),(2022020044,'匡宇',2,'22kuangy44@swanstu.edu','$2a$10$YN/WqBXlryuX6WNARdwEvOAbJgLJvTH.TcZBS14mpe2qz1ieAE0iO'),(2022020045,'梁丹丹',2,'22liangd45@swanstu.edu','$2a$10$LSdY4SMpA3wiU1htXb.DROLlQN.AB3KvpEzN/Cx7W3kMG9sBRRUPa'),(2022020046,'宁楠',2,'22ningn46@swanstu.edu','$2a$10$Opfwkb7V88GnvgSgCFoeR.5LB65pEg0Al0yMe7XIBzd/9Sr18oZki'),(2022020047,'张秀英',2,'22zhangx47@swanstu.edu','$2a$10$pgz0Z9BB9X/7S9JZH5Fuz.sq/UoNqSYBqwyqdNm6/XUdu0r3QgtxW'),(2022020048,'柳帆',2,'22liuf48@swanstu.edu','$2a$10$fF/JMLwZlSbQthPg6XVE1uucoRSIcYadEp7rbTRRviYr5rnDx1hXq'),(2022020049,'彭娜',2,'22pengn49@swanstu.edu','$2a$10$OnNJyb5ZmCZv88ws9eJYYeHqtrA0B5lX7PVQpGGex5iL5DiSB8ggu'),(2022020050,'高秀芳',2,'22gaox50@swanstu.edu','$2a$10$KWwQNOhdJiLZwLwsTH2EuOjUeHdvYBZ.GtLtkTrlaa8gU7jgRbK1W'),(2022020051,'方淑珍',2,'22fangs51@swanstu.edu','$2a$10$oi333/vggYNv2agqPrTFsePUMycUdTlqQO2pF1an1sW/jQIRzB3rW'),(2022020052,'赵凯',2,'22zhaok52@swanstu.edu','$2a$10$pvMOTGZjQeHB0yWlFL6X1u2BZFof57XKan4pwUtDh4MK/WUWarkai'),(2022020053,'朱慧',2,'22zhuh53@swanstu.edu','$2a$10$dlt/XGeSSBQMBjEQb0huaOBA8/ZIxIiaSrnhxPDz5QuYLty.O8bMi'),(2022020054,'侯淑珍',2,'22hous54@swanstu.edu','$2a$10$onnZsVRdfptw12GN3amF3uxbKrGBqTaB6ImE0WGW3M90QGlTKXEhW'),(2022020055,'黄博',2,'22huangb55@swanstu.edu','$2a$10$uEgXRYJgXreByn6jpV3LCOVz9NRkAxq/zuW0GFDO8tMyy0Lo8IIPq'),(2022030001,'支瑞',3,'22zhir1@swanstu.edu','$2a$10$cXghKVOBN/ZSs1WuZ/Ypg.fghwt6YHlFXM5nPjDyUpKkX1voixvgO'),(2022030002,'李东',3,'22lid2@swanstu.edu','$2a$10$/Omuk/0Q153tTAJn8CL/f.3NRSVynXHkMlW2UkqY/YgNoIScLvEVm'),(2022030003,'刘芳',3,'22liuf3@swanstu.edu','$2a$10$kInqbkzY8L6yYd/85pArveniiXY/UZf0.vNUfiNWPy.bBZrmCCFSu'),(2022030004,'高亮',3,'22gaol4@swanstu.edu','$2a$10$AIyRtdEpBCOrzqQ.8nPgbex91U4LevSB4IRiT10/UL1IyrAntsVS.'),(2022030005,'王旭',3,'22wangx5@swanstu.edu','$2a$10$NyEl6vmPRra4efsfAp1gJOj1kk72baiUT2zS37APc5iF37Jcjvh6S'),(2022030006,'赵桂香',3,'22zhaog6@swanstu.edu','$2a$10$aX7H2X.8xQ7vkkDs5yWM4.hkbkYGfasK1RWpMfIhAd2ll12nMD6ba'),(2022030007,'张晨',3,'22zhangc7@swanstu.edu','$2a$10$CxEU1l9815lRsLAqsWpDqurTObMxZvBp7Lz9KR9fAskEL07djIhjC'),(2022030008,'熊军',3,'22xiongj8@swanstu.edu','$2a$10$nv4MENBpYnWWBKLWk5nprOeO.mfYxq4UO8hcEKlPbZEhTpJpHcofO'),(2022030009,'韩小红',3,'22hanx9@swanstu.edu','$2a$10$Jozbp1wkq8n/nVJA6hl5Wu96/cXyhtoULDhPR2kDop/9GMhBt1M/S'),(2022030010,'张红梅',3,'22zhangh10@swanstu.edu','$2a$10$VsKBTsKJATpAYK5vV6MEROCAlos1Mz7lHQLwAd3nAuqCnXTsByxAS'),(2022030011,'熊玉珍',3,'22xiongy11@swanstu.edu','$2a$10$URW00kbCLSbSwAXNttaBFeabycugynWQO1bxVm8pU/McbaKJBrZ5W'),(2022030012,'阿勇',3,'22ay12@swanstu.edu','$2a$10$eiqQ4XnbyOyrn0uU/iEFteduRaJsPE2kgJks2Y8ToKRnPRQ82whlm'),(2022030013,'李强',3,'22liq13@swanstu.edu','$2a$10$1OomIzgidvcjDZgHm2BNnukKs8eYcXDGq2zb7Hb4i.5pziSKSB6my'),(2022030014,'王兵',3,'22wangb14@swanstu.edu','$2a$10$RHkDuBPxTkUjHUIZFerZDeEsV6X8TlwOAw/43RCB420WwrTHnzueK'),(2022030015,'朱畅',3,'22zhuc15@swanstu.edu','$2a$10$YYkWW4CwnqAFVP0Vvs4kNub99I4cXgLhXDaku7iJdh8gfXbQ5RdQ2'),(2022030016,'谈莉',3,'22tanl16@swanstu.edu','$2a$10$PPGLvwp0YIy1XzbNhLv2jeSEm8DFD6osYQ7fJIHjIEJK82Fy0y/Bi'),(2022030017,'谭亮',3,'22tanl17@swanstu.edu','$2a$10$rI/91baIPp89.OXco.OEtOmkcMk9bJvJ4hNMmhzFN95w15/U316UW'),(2022030018,'韩建国',3,'22hanj18@swanstu.edu','$2a$10$uXejeHyCaj6UlXBMcC9YP.t4QzSza9KpYEz.s0EE4H9D4CIjnn6Jy'),(2022030019,'丁明',3,'22dingm19@swanstu.edu','$2a$10$/fz.oS32KwEdPU6yMRkFO.XfVqYo.kheEz27v96nHPmTG4WrASI3W'),(2022030020,'王亮',3,'22wangl20@swanstu.edu','$2a$10$XFUQBBhqA9BOaICUyO2N3etnOMB.OybBvKGukBKQNlmdhvb2iF1Vu'),(2022030021,'傅飞',3,'22fuf21@swanstu.edu','$2a$10$5OS1fbEQ5v2pHbXCimXNUOi1BGS.oO.QOTKLEl8Q/raWP.0rPFJw.'),(2022030022,'高磊',3,'22gaol22@swanstu.edu','$2a$10$KRS2L4QcoSaxznU2jGiHWeDrcSW.mTuJ1wAV0aHvJ.HvpVHeo9uem'),(2022030023,'盘洋',3,'22pany23@swanstu.edu','$2a$10$fy6MtY4H/aLoEqJ3.cc2v.VoOW5LR9WemEVool6G/CnWNOvf9giLS'),(2022030024,'曾倩',3,'22cengq24@swanstu.edu','$2a$10$AI8ENnPaph1jfPa5lfG6U.JuDA2N.VsTPBz2MnFhbGKDnYfIALuW6'),(2022030025,'翟丹丹',3,'22did25@swanstu.edu','$2a$10$CdtDRaQBAmq4.zCazAHO..8lbw2EH6DjIfjWpSo4X9JThSUEhXRDe'),(2022030026,'沈鹏',3,'22shenp26@swanstu.edu','$2a$10$vOCbUGIgOGK2/Q5.cocrVu.MQvmEoY/pWx02RMzslK1BP.6h4k/mq'),(2022030027,'郭文',3,'22guow27@swanstu.edu','$2a$10$2XeA7HZXzQKDdy2U4rUAM.k1DQ4m1vVReU3cPm6A/CwHyeZBwnJce'),(2022030028,'詹利',3,'22zhanl28@swanstu.edu','$2a$10$rg1BkW4AQh7pjKiPseu8YeDJZMTv/J6Wxbv67WjvnAE/k9qZKmnpy'),(2022030029,'陈强',3,'22chenq29@swanstu.edu','$2a$10$KOZzAegThKSqjW1.tq69IuiUx84SU8bJjtPGxzmT.omqCaAZK1f7W'),(2022030030,'曲林',3,'22qul30@swanstu.edu','$2a$10$bXhKBt1qN1FisBRpSbz62OjUYV7MbPFyTLYrbnaZ72IM7Fm6m0UKC'),(2022030031,'董桂花',3,'22dongg31@swanstu.edu','$2a$10$bslotd3TSDKtuCrS1b6x9e/AlfMnh171h5b7uQ3CH1e8uNjJmCcBy'),(2022030032,'陈秀梅',3,'22chenx32@swanstu.edu','$2a$10$.dMr13tGYAMmEpyktC7tkupg5wcjQYginmzl8V2IdIHd7IrQpROhS'),(2022030033,'刘凯',3,'22liuk33@swanstu.edu','$2a$10$9YN1T1yG49RAizGZD8pCs.MQKb6E8Qj0IiDdKWyU56yi6CTrNubo2'),(2022030034,'蔡飞',3,'22caif34@swanstu.edu','$2a$10$nRH.feZ9GlkkSSM0RkAQ/Ozz02x8LAxRAImgf5CYNnjIly8j2ROsK'),(2022030035,'杨慧',3,'22yangh35@swanstu.edu','$2a$10$15BJrA13tjZVStVxNO9TkeaVNvdkcFPSZmPWlBL04cEYl5KRF5f2i'),(2022030036,'张军',3,'22zhangj36@swanstu.edu','$2a$10$y5DznTKvleYYCDDlcbjJQu07l3HqM/6atf0OPSP7b5/Hcy2UDm9z2'),(2022030037,'严玉英',3,'22yany37@swanstu.edu','$2a$10$F48XbgWjaGvXQriDD1Xh4uwyQXUumhKIOqG3i5Ee9nBpkIfattu4m'),(2022030038,'杜玉梅',3,'22duy38@swanstu.edu','$2a$10$dkRWdwldEnrLJqCHfepDQOfWwKuzhPZlR7e8N0cTghT1PkC4dPkBW'),(2022030039,'吕琳',3,'22lvl39@swanstu.edu','$2a$10$8Z8MyytcYRM5/51v/tpmFuktMDfQShGIsxFQb2nLjMab3Q6W6nMTa'),(2022030040,'庞峰',3,'22pangf40@swanstu.edu','$2a$10$FU6or2fIRnJZL1P/afRST.a2nYGxRoHP526iEGIOPtNJQZuV3xRLq'),(2022030041,'张志强',3,'22zhangz41@swanstu.edu','$2a$10$dorq91e4NDJEOCuzV9gf0OGbkVtWPD47HsUAnDDTDjF2mZoBi3Uku'),(2022030042,'李阳',3,'22liy42@swanstu.edu','$2a$10$.xKAOq.3n8Mxn6H/HpAOAuhYkYprF6HAmHerevEZGAdQaXDhSCk4y'),(2022030043,'冯丹',3,'22fengd43@swanstu.edu','$2a$10$4F1cOLKKbKFO/UzrmVnN0esXDnJ3x5Z6EGSqpB09lngpSx3D6FO72'),(2022030044,'翟冬梅',3,'22did44@swanstu.edu','$2a$10$W9oyLQPY5uEpPTonhd.zVuG9.EGXPpOJ4O1zk5/ZDVQivfCWAToYK'),(2022030045,'唐莹',3,'22tangy45@swanstu.edu','$2a$10$09sG4pAUH5XtSkXJvSoHLObCUBu1Ixl2ORXV5PLkG.5EahHUBpwbu'),(2022030046,'张淑兰',3,'22zhangs46@swanstu.edu','$2a$10$EgweG167sxT9jgRdaF/LXeVbJg4GSKrQUmlcDcGVsYDzDwO/XV5ya'),(2022030047,'苏勇',3,'22suy47@swanstu.edu','$2a$10$PfF9D70Stg76Qld6C36JW.vYDFbeXVdMpMSydWkS8.b8V/UIQXbB2'),(2022030048,'罗勇',3,'22luoy48@swanstu.edu','$2a$10$sFNPQxMU24413pcW16ICnedz8RxMfSM4NUoOEVE3il1YFiMtlfVX2'),(2022030049,'郭岩',3,'22guoy49@swanstu.edu','$2a$10$5PHr25ljDqj7glyqJ9.lKOqURqbCqEczxgB39iPVx8gr1GxYuXcSe'),(2022030050,'胡亮',3,'22hul50@swanstu.edu','$2a$10$yQE2yFYABujI5luL8gVMsOhfEE3ppxSm0tUkHtf2fA/p5youFydwK'),(2022030051,'陈海燕',3,'22chenh51@swanstu.edu','$2a$10$vkx0n13zp538esFsI5QEt.lgTY.shU1gGvGa/1rMd3uQ0fFvRgeU.'),(2022030052,'徐兵',3,'22xub52@swanstu.edu','$2a$10$xmW5BnfiJnc37j/jdInGuOnX3C3CZlgpzGZrTMhs4JdfEiKCQ/l.u'),(2022030053,'黄婷婷',3,'22huangt53@swanstu.edu','$2a$10$CeF8km6za.uQOrUNGJbWjeyz1NC.LozyD6gKvu1BLKw5OiLkHN0du'),(2022030054,'张凤兰',3,'22zhangf54@swanstu.edu','$2a$10$VcIGpOf0Vd/XCMO63bZb2enmWYVNo9JuE6OmcQK9ls7G610.zP0Q6'),(2022030055,'王小红',3,'22wangx55@swanstu.edu','$2a$10$mr/l74IKcJuTPxtQIZu39OVpyROCfBozn9NIkTnUNohEaqlIC.xZO'),(2022040001,'刘小红',4,'22liux1@swanstu.edu','$2a$10$14iYhitQg.P1ov1Mit8cNu0Zx7McB0YylGZlzRkNsZxG197ll6kCK'),(2022040002,'刘峰',4,'22liuf2@swanstu.edu','$2a$10$WANDsb9fSownxtdG3716Te50wuMV1UFuQNl7EplCoiZ0bRXL7.zXK'),(2022040003,'李洋',4,'22liy3@swanstu.edu','$2a$10$OsaVBKYC.046baHGqxrQNuTxkEN7TOZpbTS1JbkUxu/WweS/IQNOm'),(2022040004,'汤玉兰',4,'22tangy4@swanstu.edu','$2a$10$Rws39EbE1LjrHNZNbqQ6c.0Y5dXFF6LPurU/4PtYnr2rGGSnac4zm'),(2022040005,'宋桂珍',4,'22songg5@swanstu.edu','$2a$10$OjFaA9W6MAQXUFtea1GM1.4x6Nn.YiVzo72cfo5mWALAhIBLcWi6q'),(2022040006,'周琳',4,'22zhoul6@swanstu.edu','$2a$10$TfacCR2iOaY05GiomRvRO.TLu61.nzm3cTbNVdqWw.kOggghxkD0.'),(2022040007,'贾桂英',4,'22jiag7@swanstu.edu','$2a$10$NmH1DuRComhG3suIYYFEpeP5aANlmvq/biQerqf50wQz3EnjgY2la'),(2022040008,'白旭',4,'22baix8@swanstu.edu','$2a$10$LjLTidK0qLlL.v524ExdNuRxquKKchDyqmycht9Lnn4X4zRQCOm56'),(2022040009,'全燕',4,'22quany9@swanstu.edu','$2a$10$DI/wur30o0qE4m2zJKblMeFareU7uG11X2XNTRrz05YiTwjDyFIiC'),(2022040010,'周建平',4,'22zhouj10@swanstu.edu','$2a$10$8jT4TP9eBxMYU.lXufOmHu/.PdI8sEikEZ3eZPeQNCY1f0S0jUrw6'),(2022040011,'李秀梅',4,'22lix11@swanstu.edu','$2a$10$TPo3xht/8CmESihoZftBCecgoFVFWHglb2NxK/wsyQFbdhD2Qql2a'),(2022040012,'王伟',4,'22wangw12@swanstu.edu','$2a$10$cShEI/PNxVXsdOOxny0Ay.WPQKP5wcBGl2vyk30pBPKmw5cgcNOdm'),(2022040013,'赖金凤',4,'22laij13@swanstu.edu','$2a$10$7BK1xUunZsN4qRHPB2C29eyULOh3df5bTGrBnxM76QYcQWzSFm9pC'),(2022040014,'刘丽丽',4,'22liul14@swanstu.edu','$2a$10$HX1CLqE0z4YNN9ieKJw0jed7SmZk64LLZ8PvhWfy.xrC.tVQP3baC'),(2022040015,'刘红梅',4,'22liuh15@swanstu.edu','$2a$10$QEcleOkFg2PP2Y21BLV/JOOwhVlx4WlUWxk3yhGwx6wunU3eeecEq'),(2022040016,'胡红',4,'22huh16@swanstu.edu','$2a$10$eo8TfIo/Crpd2u1gfZNOgu6rWdLxrDgDHH8yREdMMAWk7BEdLZgk2'),(2022040017,'陈莹',4,'22cheny17@swanstu.edu','$2a$10$68aAVMKDbdsLt66IAWMScuyuOHd1jpWKM88imS7sQJSdE.hUmm4nm'),(2022040018,'黄慧',4,'22huangh18@swanstu.edu','$2a$10$XKMTP.b7RQSLhW2PQ.hN6ObdJpYCjjzLSDTmSmPbIidlToyO9sv9C'),(2022040019,'郭利',4,'22guol19@swanstu.edu','$2a$10$ZdIVlY6Ly7sa8WhWusgX0.Pg53nWxdoWQv0/uLy6KgoF/oWAgkA.q'),(2022040020,'陈玉',4,'22cheny20@swanstu.edu','$2a$10$6Whf6h8YBotA9xr/rrHAc.JjpWM89l803tcB94AdoRyQs0b93Z2IK'),(2022040021,'贾斌',4,'22jiab21@swanstu.edu','$2a$10$qoens1dZNZ12t05Fnyspr.UU5X/iWh1gvWh1Jx2Ltj/.osXLa6JTy'),(2022040022,'李春梅',4,'22lic22@swanstu.edu','$2a$10$QOWNXRkkh2XB0TzkNylfvuU5bqnrbEtTml6b/DpI5.i1eIsAH9EZy'),(2022040023,'王秀梅',4,'22wangx23@swanstu.edu','$2a$10$MixOnVwxSfSRz6RGE.HJAuPk8t5EfkCLSRGK8VWScoY.X4cGX8mcm'),(2022040024,'李丽娟',4,'22lil24@swanstu.edu','$2a$10$B9pfOtNUWXwJ5HblkHrOEeV8UgOrYG.ohTnyjzq.CJBq.icrEtm3a'),(2022040025,'陈斌',4,'22chenb25@swanstu.edu','$2a$10$RTjDVb7OqFPpWPyQVW4t8eo0Yhh1JdqpqZYg.jJ8XXkr8Qs2Cckiq'),(2022040026,'谢秀芳',4,'22xiex26@swanstu.edu','$2a$10$4lxvuFgm/9F.Jafa7VFFFOAIDe9zjaq30pvwTQo6NPH1frkvY6uEO'),(2022040027,'董倩',4,'22dongq27@swanstu.edu','$2a$10$WdGmfFeVd8rdfUylsaJJVu4LsrLnsiWScd7FrU4jfn16Rqkyp10vu'),(2022040028,'吴秀华',4,'22wux28@swanstu.edu','$2a$10$w6UI26Z6PrSSfnq059Nmruu8cdrQSwpc7eiqelFEbREbC.q52RDUG'),(2022040029,'马倩',4,'22maq29@swanstu.edu','$2a$10$UHolnG1QfgO92MgC8xtwnulV8tUNA4ryTpGAe4dAu7ZgQiv3au8CG'),(2022040030,'刘欢',4,'22liuh30@swanstu.edu','$2a$10$8IU8zqvpwdhzd3G9RdvFU.GdQ.nv2me7NVW6YcXKFohzHZlSezCKG'),(2022040031,'曾磊',4,'22cengl31@swanstu.edu','$2a$10$1Aoa2FS0afUmieBZUOf84.dbgMjx.NEuXC/JB6KannywxeAgN9iXO'),(2022040032,'景成',4,'22jingc32@swanstu.edu','$2a$10$dwNfCs8x0IZFm918fUuLXebDe7jjZqYzN9C3Hhwk33awJOYxBStiq'),(2022040033,'张丽',4,'22zhangl33@swanstu.edu','$2a$10$nx4G5VLzZFCC4SecgHP4OOP5b/G2xYfNDtYussQDvAwR0Dm39Pbhu'),(2022040034,'农宁',4,'22nongn34@swanstu.edu','$2a$10$Dts.oKWi6fA6re7JxhRF8u8oj5BTEDjRed9j4sVDuRjsGA6bAyoMu'),(2022040035,'尹凯',4,'22yink35@swanstu.edu','$2a$10$6O1rd3LEvJa29w/ZutW7Yuz.a5LPaVpHOtKXrbWZZ9TcI2Flzp8r2'),(2022040036,'杨莹',4,'22yangy36@swanstu.edu','$2a$10$gdUr.SPim2rJVBmFK6egnujNYthJ1nDHCnOHctSDGZywCtVyraJI6'),(2022040037,'许丽娟',4,'22xul37@swanstu.edu','$2a$10$kyS5eZJcwRUbL1gzIrNT2OVWv2PKKW3MYvFiklUwk15EG1IJ0uJJG'),(2022040038,'郑晶',4,'22zhengj38@swanstu.edu','$2a$10$FqsIjmKqXO6f4qKJ241uIeY.kfOq3PfRJAa5Vnc3Uo8oHwiY4B44e'),(2022040039,'战宁',4,'22zhann39@swanstu.edu','$2a$10$Zq1cQWvwI93Vir2dL5c/9unOuXJPfrNlCjgNLiwoKDB7xM5HmTP5G'),(2022040040,'黄芳',4,'22huangf40@swanstu.edu','$2a$10$PiINLLupl4CQ24KexMsGtOrJdN.HmEko2CNTl4iaN2ZiunNLAI2wm'),(2022040041,'梁凤英',4,'22liangf41@swanstu.edu','$2a$10$UNDYWGRsmAPTz5DBuZF1Je15ndyooDkxfrl0aw7jSD4TsPjJ7xu.q'),(2022040042,'彭瑜',4,'22pengy42@swanstu.edu','$2a$10$txBSla3tlOg8f4G5yn/W6uwqS9ALNi4xrofw/hcnyNMFTF0pbCIpi'),(2022040043,'李涛',4,'22lit43@swanstu.edu','$2a$10$aI1j6FFJviN0KnrHdB6N.u3LCJp7T.qoAPsDr6Kz15eze0HzKiNHC'),(2022040044,'张芳',4,'22zhangf44@swanstu.edu','$2a$10$L6x29AZ/E6/5TfSB.TKiQOCw.iIWBXJDf.yOk/5pAWNO.2O9G739.'),(2022040045,'马芳',4,'22maf45@swanstu.edu','$2a$10$e4svMnfhBQaYYxENRHkZAes9owhH7CAsZLcfFRl.Puqa.lE0NW.h.'),(2022040046,'郑桂花',4,'22zhengg46@swanstu.edu','$2a$10$wgvi6luEiND8Wa7YpOG2iehCveIOkA8Pw0gsRSx91f8ezyhZqivHK'),(2022040047,'侯慧',4,'22houh47@swanstu.edu','$2a$10$TAaJgemyYujwcFD9ESaVQOUerYhEdYUsc0hVXvYzJZ6kRorYBvUb2'),(2022040048,'安丽',4,'22anl48@swanstu.edu','$2a$10$TOXp8CnIrh7cU3N3bnOVuuzzwpMjdOT5mXYVkX73hBdPXrlprSOUG'),(2022040049,'马涛',4,'22mat49@swanstu.edu','$2a$10$XdqlcIDmXH7KGP4/6zxDSuE8CmGmTIr6nzFZh/ukYjubkL4Upb/Zy'),(2022040050,'尤建华',4,'22youj50@swanstu.edu','$2a$10$9.bVR6AKvkPBRJyqQeIx7.VLogI4lJ9oc3d846IqsRIsj0ivBGZxG'),(2022040051,'戴刚',4,'22daig51@swanstu.edu','$2a$10$Y7RJq3Aklnjjs4GSOdxB7ezGRL7WXdxLKhLirFR.CdOMpxeY7BVvq'),(2022040052,'张桂珍',4,'22zhangg52@swanstu.edu','$2a$10$cxpCLKd8ayht2AMPdLpDZubDeJJRLHa1e1u1ZPUPSCnDDkNBDfame'),(2022040053,'程凤英',4,'22chengf53@swanstu.edu','$2a$10$iHEfpxLgdv/.4vPEFgFhD.VNYTEDj80idlgJ9Ug57WKezYg1hWPt.'),(2022040054,'孔桂芳',4,'22kongg54@swanstu.edu','$2a$10$7INERXRW39nBj04Dav3Pze/Uj21vhLClz62vRQ7m992sTNrRyulZq'),(2022040055,'姜瑜',4,'22jiangy55@swanstu.edu','$2a$10$5QsiBkDLnhacOC2oCWLfl.tpGv2/4bCTqbfA5l0j/MZgCqz3IWCIS'),(2022050001,'王明',5,'22wangm1@swanstu.edu','$2a$10$1BLlaXhu1TUCBSWHqBsqnOyJLLhbaG2tG58hrHLG9KZjbKIzBaBjy'),(2022050002,'周志强',5,'22zhouz2@swanstu.edu','$2a$10$r5Y5513MDrTGn0cRHlGA7OBxV.SXxFBYsvIqiZY23njfkc65Coi/m'),(2022050003,'赵畅',5,'22zhaoc3@swanstu.edu','$2a$10$frNnf98tyaPcpmZdrKawfuRos.KPmhxq3oa8rdbOZtg20Nl4q.fji'),(2022050004,'康凯',5,'22kangk4@swanstu.edu','$2a$10$eNTYYurt1t7IQpwhmfi7f.9nCbHQzA1fmuWt2sGPPtpqEh.V32jqS'),(2022050005,'季宇',5,'22jiy5@swanstu.edu','$2a$10$1bnf70S5pU7n9hoLVqlLx../2KVOk3A.beOPlyP7WS4OsuRHM3Le.'),(2022050006,'林颖',5,'22liny6@swanstu.edu','$2a$10$DZ/gouJ/goVSL9OjOhZPh.xif43eQvnufEJQprbgb98Fft8CpyGfS'),(2022050007,'陈红霞',5,'22chenh7@swanstu.edu','$2a$10$ynPZ3cmsK7vAerGyqRX2Pew1AQqK1WZrXItUvfLAOsef7n4F2UcL6'),(2022050008,'王坤',5,'22wangk8@swanstu.edu','$2a$10$6x3Fp631RAuZ.PFIFmtDDuOrpTsg9KoMfcWe9zXmmt/NwSrBHYQNW'),(2022050009,'冯文',5,'22fengw9@swanstu.edu','$2a$10$Ce6EyFPqDlYarZrrlA4.tO/iF8dyCvW.zMzvdFT2X8dAeDsZe9dFy'),(2022050010,'王静',5,'22wangj10_1@swanstu.edu','$2a$10$.GlES/OWgbeJIjc.JNC53OG2zxVVLBUv5ZAujI4B7ob06uetL39O2'),(2022050011,'张东',5,'22zhangd11@swanstu.edu','$2a$10$B5/d7edu4mqS14mAK5g/c.TThfQFzSg.2lM5zl5KYzB7DDABvuaKq'),(2022050012,'詹东',5,'22zhand12@swanstu.edu','$2a$10$tELGA2j5fiFoh8C3qCuoHe8tbH1680jpBgUjk6vUTXguFeom7kZ2i'),(2022050013,'李建国',5,'22lij13@swanstu.edu','$2a$10$MH1MAhWAQRRccC8KvcZ/h.3MmBgYgq2z0PRYrK1iiJewUesW4WBI.'),(2022050014,'何红',5,'22heh14@swanstu.edu','$2a$10$UyUn.CMp3NyCq3C0v0X31uZsBLIYSGxVn/QmG7bxg8UARPOCACzrW'),(2022050015,'魏玉英',5,'22weiy15@swanstu.edu','$2a$10$PfQkHB2GA1IwQngtFOCPCuBgc1c4eUfJky24c8Cz3INLBfto3Hhni'),(2022050016,'王淑英',5,'22wangs16@swanstu.edu','$2a$10$CH.fG5BEBl3uT6mCl519JeH.Z8EPbkUJpSpIFBdcQg2C0znPQRk6C'),(2022050017,'张红霞',5,'22zhangh17@swanstu.edu','$2a$10$kSFV2zHf4j.on2Y8JygMAeTjA70g9RE90/zAuamlf4ng/6Qpx9hya'),(2022050018,'王倩',5,'22wangq18@swanstu.edu','$2a$10$7B1ekERRtEa8.uXTDCVNBeypO4mq2TAeyBwARi7qLmPmJ6cdIZkwO'),(2022050019,'谭兵',5,'22tanb19@swanstu.edu','$2a$10$lI20GgpAsBG/WI88m5tPouM4.coV5Xdu8joBtX8NhSGt9zzUnkAxG'),(2022050020,'王玉兰',5,'22wangy20@swanstu.edu','$2a$10$inZj12hzRkTe.gSdPus2xuf4Dg7Qt3wKiESn6XVZVSeYKRmbEo8I2'),(2022050021,'邵帆',5,'22shaof21@swanstu.edu','$2a$10$BsHp3G22VbhflbUOVmUwB.ZXa30rgwkF/5V.Sk5HhhfmfOKgmFz8G'),(2022050022,'韩莉',5,'22hanl22@swanstu.edu','$2a$10$Vk.CkbLqYFe5sPVXNFMo9OujSEE7bJCI5mTeuOtu4Xl2j6wloylIC'),(2022050023,'秦娟',5,'22qinj23@swanstu.edu','$2a$10$RNF.kATLMupuGjFAEj9Jt.FnzJhDkoFknqXElPT7DnpCoMM96Ua/i'),(2022050024,'曾玲',5,'22cengl24@swanstu.edu','$2a$10$mCydJeW9l4YyTuYL7B1DResd4pKFMWKDxj3e0QiIGma9RXjG9/Niu'),(2022050025,'徐梅',5,'22xum25@swanstu.edu','$2a$10$kDQIwczxpcg3EEUO0Hkoae4bMN8m5OcL/Wn3pK6rovyr5h3awV8x.'),(2022050026,'陈婷婷',5,'22chent26@swanstu.edu','$2a$10$.s.1SGfpB8oGFmnM72zrlOFAL4pWsCQTxNEy4M6oX3Zda6C8NUpIy'),(2022050027,'刘红',5,'22liuh27@swanstu.edu','$2a$10$iWL2ffSXzUjMa4r5LPL.l.ZC69MPCrp5XKWIofytaU/0.GdFcm7FO'),(2022050028,'蔡超',5,'22caic28@swanstu.edu','$2a$10$/fICARlLcXnWmyuQBH8jHe6xqipWc//S6LyIIxnEAEpE2f.F6Z8bq'),(2022050029,'赵璐',5,'22zhaol29@swanstu.edu','$2a$10$CsXkf9hW34u48/QGWQg2H.4sw9OL2XqIacIOzODCI6yBX/qwRux66'),(2022050030,'唐璐',5,'22tangl30@swanstu.edu','$2a$10$/XLoFwW9LfARTRIVYNmWqed163V0pMJuWx97PJ/Y010I01rxPcxSm'),(2022050031,'何丽娟',5,'22hel31@swanstu.edu','$2a$10$h/rpEWv8YILD0Fz1sHmmmOrXOxUE1CFRBty4qN.nuJbaGz0JqvLIC'),(2022050032,'谭春梅',5,'22tanc32@swanstu.edu','$2a$10$KQHL2kYffLPWNhRo4xKTyO/V0x.I0n/UFXftFzgR0Or3tDeABWnyS'),(2022050033,'梁玉华',5,'22liangy33@swanstu.edu','$2a$10$RoM1ArDSFVNEL6ya13lQv.WxrCA7gm2l7/sXZ2FzBcZ31JFDqer7u'),(2022050034,'孙倩',5,'22sunq34@swanstu.edu','$2a$10$iRvghIcI.E3wIY0wGwmdeeCW.Ykd/tP3Xbilz9RSmUwNtE2DqPNT2'),(2022050035,'魏佳',5,'22weij35@swanstu.edu','$2a$10$ioVn1SuVr8nJwnGPcMjg.uKHETfiz/euzCSIZGUO7WEfB9r2ZWFSq'),(2022050036,'余丹丹',5,'22yud36@swanstu.edu','$2a$10$ER/56Q6aa5XC/PJ7tPIqBOTS3KUoeOsRpoT9O3qIxUR.1RI7jNUzS'),(2022050037,'靳秀英',5,'22jinx37@swanstu.edu','$2a$10$n/ugG9gJM31G0jYzQmj0QeBsrE2ZQ4jEJ1b5AiHmxu/DDO/mn4tqK'),(2022050038,'宋亮',5,'22songl38@swanstu.edu','$2a$10$GxqW5Ovz9GKLIpxqEu5oQuB0oTTNZ6fy0wwIcKhF6ey1r7It88/U.'),(2022050039,'司淑兰',5,'22sis39@swanstu.edu','$2a$10$iq./zMUuooxGyfzGRLtNpuW8nIjxpRBwcCHtuQmpnFCVsyjWabOly'),(2022050040,'李凯',5,'22lik40@swanstu.edu','$2a$10$FpJNOTNcPwNl0gDl92RKSuzPNsm3gBTwGfpSaBICBaH4YHAjHQh3m'),(2022050041,'黄娜',5,'22huangn41@swanstu.edu','$2a$10$MEsptGsSnNmCddr2PWSnWeO2eP12pTHHhXDe7jok87S6OpY18ctxy'),(2022050042,'赵桂珍',5,'22zhaog42@swanstu.edu','$2a$10$/viDn3h9PiqbNnyhZ3UQpuXuhWdH9XXmU.zOpRK7Cvha7vhTxNAa6'),(2022050043,'孙桂英',5,'22sung43@swanstu.edu','$2a$10$kf0628i7yyS5HYz/CYjNvOsUhQrj3x8m7bKjFTgbF4VvrYMezNb2q'),(2022050044,'董秀梅',5,'22dongx44@swanstu.edu','$2a$10$6cmfI/Y.dNWvga34ZrwwWuP2LAgalLhAh7J2WQHmm3Kk7JMgtdaMK'),(2022050045,'耿桂花',5,'22gengg45@swanstu.edu','$2a$10$Qza9tt9uDmh4M.iM5xoF0Ou7KP1MR9S6UjKG20Am42szWY/QvOeIm'),(2022050046,'刘博',5,'22liub46@swanstu.edu','$2a$10$QuC18qsYDfndaWNB6x9OXesoRZ6z.XwENq7jq.Q6BesQ8q2Y2l3ce'),(2022050047,'李凤兰',5,'22lif47@swanstu.edu','$2a$10$zuIdzLp.h3w00a2atq1A7uTdpCqFIgNRLHAyNbjImXvHcT9WkJOi6'),(2022050048,'何波',5,'22heb48@swanstu.edu','$2a$10$NeyWJmJlTCuWfP.CA2SGAu7Awcz68mDjcfQvz85HwFafVytIo9k2u'),(2022050049,'阳洁',5,'22yangj49@swanstu.edu','$2a$10$X6NJ1QsmqDhf8BEEspPHzu.JggcDhlX2G6urSDX3c5JbpIsovOA9i'),(2022050050,'黄阳',5,'22huangy50@swanstu.edu','$2a$10$OrANZtpy/yS15ua.8frlu.R2MO8NZZDo2t1ttMANgW/Azpeu4SbYe'),(2022050051,'李丹',5,'22lid51@swanstu.edu','$2a$10$KNw60B1YcgkIgXqKqYOW3uviAYmDSI1SeESF6X2ul.sZtlnDoedhO'),(2022050052,'王鑫',5,'22wangx52@swanstu.edu','$2a$10$Ih7qG7NtYpGirByDiYXqnuWbSz.IKHTk1/eGziAqPqGvY4rgdDJBu'),(2022050053,'陈亮',5,'22chenl53@swanstu.edu','$2a$10$eaHH0vtg91rdFFAp9MKedu8a64nOL.orQDuq/8q8F.TNk.9yakv2O'),(2022050054,'陈峰',5,'22chenf54@swanstu.edu','$2a$10$kF70l6aG//pYTXSMcOG3/e8JEekwF9RB6ltIhk1zxk9m4klFubuee'),(2022050055,'黄凤英',5,'22huangf55@swanstu.edu','$2a$10$FDmG71IUdGU56HKZY5PM/O0hRWaXufjweCXbgC5CaH58zwEFnaR1q'),(2022060001,'胡浩',6,'22huh1@swanstu.edu','$2a$10$1ABDqMq33IUa6CF0OHOoEeje0W7aic401j7xYlkNKauYUm3IT7xzS'),(2022060002,'崔亮',6,'22cuil2@swanstu.edu','$2a$10$eG9UY5mtHHxN5OtQWSmCOOiwsnn/LHIaZZE4OimnF70SNqWJds89y'),(2022060003,'尚婷',6,'22shangt3@swanstu.edu','$2a$10$W68CuFuMHVFHI5KLer96fuqBNzDOcrVJykRCOnu0x3TgFdXzKES6e'),(2022060004,'邱洋',6,'22qiuy4@swanstu.edu','$2a$10$HIbHktiz00sdEhWq6kf59u.aA9xtHLUEAxdN9RHylTAWKE20j/rTy'),(2022060005,'李丽',6,'22lil5@swanstu.edu','$2a$10$x02XmK8vpnkVZcP50KtrO.PAnKdXdtuCH6sXRHut/ySVu807IKqbG'),(2022060006,'赵婷婷',6,'22zhaot6@swanstu.edu','$2a$10$AIiGZUIooY6F6qbmj3f1Nu3BPFO2CP45uCTtusWkmFyFjbESPepu.'),(2022060007,'李芳',6,'22lif7@swanstu.edu','$2a$10$BWFmn1QwTp9oeZLdffmIMuTJ.nMKcdqiaaEVmxqF0dFcBI4xIxc9C'),(2022060008,'田琴',6,'22tianq8@swanstu.edu','$2a$10$XtACmsnFLAJVjbOpveIg3OcYS6RcSY8op4TnxtJvbzR2rJVM4fPf2'),(2022060009,'周涛',6,'22zhout9@swanstu.edu','$2a$10$Kg.TvjUQnOULMC/OonDleeJMPS9h1u0By4kf0wrdIcJAF55bg5UAm'),(2022060010,'裴成',6,'22peic10@swanstu.edu','$2a$10$KDUxxNoEXUv1h4lZNJ2Dq.gigXs4cv9TncbGgosJyXpXYL1QeEQaK'),(2022060011,'陆红梅',6,'22luh11@swanstu.edu','$2a$10$kLEpXvL5qL4i4WNpRkC1COG0eOlIByYjFxxhU.u.FYxqmFnWqMY8G'),(2022060012,'张桂香',6,'22zhangg12@swanstu.edu','$2a$10$QAN4iAobCI8GofInt7ZfdOkUEN8FtHOBzxvN5yxOKdj.UqoVKnjou'),(2022060013,'朱晨',6,'22zhuc13@swanstu.edu','$2a$10$kDN7uI7MAp5eUTUHempZcOxP6BJZkevtcd5oBgjb1r9xn4FaMJJq2'),(2022060014,'黄桂芳',6,'22huangg14@swanstu.edu','$2a$10$rov0D7TAWj43gw0ANSM7Z.h6TVU6XK73UGj4V9A5c35u0wvDPIJpC'),(2022060015,'芦坤',6,'22luk15@swanstu.edu','$2a$10$eh7F72I2/IBsyldXxOzOr.gEEe92IqWV35fmGY7/xWl40gvhTYiei'),(2022060016,'李桂荣',6,'22lig16@swanstu.edu','$2a$10$xCVBZ9utmydgZueGbqGswe0uVmpWpKGD0a/TaaLTqUKAybgNLbOau'),(2022060017,'刘明',6,'22lium17@swanstu.edu','$2a$10$ay2Zp5oNTtvXOhxBLXhjbuW9FeA8oc48SIGzewGR21oCBxc4dpeta'),(2022060018,'夏玉珍',6,'22xiay18@swanstu.edu','$2a$10$sueQBebLPSXx7hddJe2DEupyxF.TuYq7XfoUW8Xbgy4kco9IyKgrK'),(2022060019,'杨春梅',6,'22yangc19@swanstu.edu','$2a$10$H.x.RKVfK0xH9wL.nk2UeeplojVM3r8SerRIPlZkhhOJ/6MuhXSry'),(2022060020,'王刚',6,'22wangg20@swanstu.edu','$2a$10$mWpsRDai6SZdCwtxd.lGXuXQo/hlgaGhIPygj/yKh1gvvEVtgrd86'),(2022060021,'吴桂英',6,'22wug21@swanstu.edu','$2a$10$YxTpQ2OqOk4woR36DxQtUO4PYUK8BBTgeBGiQWXpMwlcx.kKWKIrK'),(2022060022,'陈娜',6,'22chenn22@swanstu.edu','$2a$10$CVI.GRU0wHz3ex09tOXEkejyiBBq57380chV.8Y6VIW8E3LxAEDLm'),(2022060023,'晏丹丹',6,'22yand23@swanstu.edu','$2a$10$CVBEQQVTejE848OvxoOn4uhTAry5drITcbdXc/tZSPhSbfqpcJEUi'),(2022060024,'史鹏',6,'22ship24@swanstu.edu','$2a$10$PNBuAQNYAdULmgqtKtLY9eYnvTM5bdHxbCjtekpoiVvjfYMdsxbE.'),(2022060025,'唐飞',6,'22tangf25@swanstu.edu','$2a$10$s.EKwzzHXqMWNrmT5k0lA.Q9Ks5z/021FWj7/lITtAs1Wpz86JxGu'),(2022060026,'李军',6,'22lij26@swanstu.edu','$2a$10$/0b.NsfmL..EfGyt4GvQgu94jPOxvG.aaqAgu1euxaMNQ5h5WYCj.'),(2022060027,'李想',6,'22lix27@swanstu.edu','$2a$10$P4RjR9OY3ZiQhsQfOaL.DOfHWOfJ2LoRqZgQBGMm1.5U0ukVJrxMK'),(2022060028,'王金凤',6,'22wangj28@swanstu.edu','$2a$10$0oHx0xnTP.l4N.jMwYDOtu3ysl/0jmWMzuAmQuWo/zqRQtHmuZtiW'),(2022060029,'郑健',6,'22zhengj29@swanstu.edu','$2a$10$GOyrWgdpHyPqxUyrK0nSR.oRadMlr9U/9iOKmJCnHhlHhDlQw2fka'),(2022060030,'郑丽华',6,'22zhengl30@swanstu.edu','$2a$10$0koHQUd8RzUFn1HupNxXoOGEcfytMfy3PK14sQo5I/AFhdj2KdNU.'),(2022060031,'袁建',6,'22yuanj31@swanstu.edu','$2a$10$LPQfEbnlURmuai/HxvXw6.lL5p45UGMb9vwcoZ5nopdGt80CuCeqO'),(2022060032,'詹玉英',6,'22zhany32@swanstu.edu','$2a$10$nA3dqPqPBwv3cOdFR/b2kuRT4IWvyMVOkomZiLE1vbOUdsq/teQb.'),(2022060033,'朱文',6,'22zhuw33@swanstu.edu','$2a$10$YYpsOKWhdN0.t8mIr9PdBuCx8smIQlAIFdaNJebUieZG3WzoRwrpO'),(2022060034,'路璐',6,'22lul34@swanstu.edu','$2a$10$aGCpKlHHGT8gQYW3fbWvbeUyx3rqS0688IOhH.UqNjT8OWuvECwT.'),(2022060035,'余浩',6,'22yuh35@swanstu.edu','$2a$10$J53sZ9PmujcGaTJScju4V.CcUjx1hiyjxN8x5SbRPusOEJrg80SbW'),(2022060036,'薛秀云',6,'22xuex36@swanstu.edu','$2a$10$9miOWm6n/k6Z3pXaybBn.Owcj3NbJcPwIJNHnvp728iAgcfG2IAWW'),(2022060037,'余涛',6,'22yut37@swanstu.edu','$2a$10$YwWliNPQHV73M1k/0O0WZebKt20ZPVsqg.uOFRcw/UgQpZor/SXu6'),(2022060038,'宋利',6,'22songl38_1@swanstu.edu','$2a$10$tezJD5YDgOHlcY03sglt9.Joibq.1HIOcSclmgexTjs4WqbaIW0ze'),(2022060039,'陈志强',6,'22chenz39@swanstu.edu','$2a$10$P846ptUE44e5DWQlnm.SgusEE4Iy4gFoEzFDW5yTLMyk3cN79u2rC'),(2022060040,'杜建军',6,'22duj40@swanstu.edu','$2a$10$9JYDwI5MJTaKF9KvlkaT8eX8Qev6O/qKDUOhh0AYRt9izytND4l3a'),(2022060041,'沈洁',6,'22shenj41@swanstu.edu','$2a$10$wAkrN1qzqBMnqcvaVX.zleCTUrOmOYULnMdmngPKe9xpds6DcWLb6'),(2022060042,'陈萍',6,'22chenp42@swanstu.edu','$2a$10$/VMsNBZL2csAg.Wb/K5tvuiqzVyqwT/S/z15Lw4hoKRW5W8UsT9vS'),(2022060043,'满桂英',6,'22mang43@swanstu.edu','$2a$10$rlaQ.vXLLlSGe5KJ79I0ouV0RF57h6QaWQ9.K9tCAVwE6iS3YGQKS'),(2022060044,'王玉华',6,'22wangy44@swanstu.edu','$2a$10$uWPivpIcpf4OC5rEJQKKLeqxSKpeq3l.C6sgPdBepCOQmSEMOAXQG'),(2022060045,'郭霞',6,'22guox45@swanstu.edu','$2a$10$HxJtmO7M..PJf9h184sSVuSkU24wnGBl92l/n./7yblEyXalEkOlC'),(2022060046,'卓兰英',6,'22zhuol46@swanstu.edu','$2a$10$6ozSLhPISdSahO6qsTnNieJl34lgy5ajWqxMFr0/cDdb9uI22x64S'),(2022060047,'高明',6,'22gaom47@swanstu.edu','$2a$10$K60HuLwNrB5xqQFYumYKe.sy5fBAvH1KnkGQu00MkdP4beSYwsCzK'),(2022060048,'黄刚',6,'22huangg48@swanstu.edu','$2a$10$b0cFn3O4x0qPGlPnFJwMyu5TM8IrrRFD8vjJF/gzH727KsLc8blJK'),(2022060049,'夏博',6,'22xiab49@swanstu.edu','$2a$10$0Kbvv8IpZzHuUF5HwF.x6eqNF7gfzeeOMiU9YpO04FeMV4L0rca8S'),(2022060050,'王芳',6,'22wangf50@swanstu.edu','$2a$10$MW8HW0YN4z9N7gyC/iNb7OqFYgMEMCAAp4R0DRosNjZSxOPGNE7f.'),(2022060051,'李桂香',6,'22lig51@swanstu.edu','$2a$10$1hvaMIhIXhbysoDZDy40euVQunuCuBWwdi3/F.XzBFcdPeGgmGg7C'),(2022060052,'周丹',6,'22zhoud52@swanstu.edu','$2a$10$FAHVfCjfZCIRLcC.dzoMb.pJmqRVjbkdqglcokkJ7Up/8MukDyBXC'),(2022060053,'尚平',6,'22shangp53@swanstu.edu','$2a$10$gbrbFRZS27Np3bImjWPo..0sTmkHDS6aCxgep3DPU3yR9xJp3vZrC'),(2022060054,'涂凤英',6,'22tuf54@swanstu.edu','$2a$10$/4Cwv1T6x77MuF.PaWkN6uKiQMD0g4gYwIk2B42gMTn7UzuxTpVEK'),(2022060055,'刘晨',6,'22liuc55@swanstu.edu','$2a$10$E4fUy0WO5ByQPq.J4AvrWO7eDmR3Vcr2BHVYMqiP.g/S77c/SHMHi'),(2022070001,'王杰',7,'22wangj1@swanstu.edu','$2a$10$kUEqk2CfeXpSgtRuVDUKbexGvf6Bo.cYQKMuSAFt75Um0sO2VDRQW'),(2022070002,'吴刚',7,'22wug2@swanstu.edu','$2a$10$8pir8ODUWLQRdccvVzhdUOMizS/MZ1.AddVX2ZkslyHiQySiVIAwG'),(2022070003,'张超',7,'22zhangc3@swanstu.edu','$2a$10$5ObOdpKN5H4/gvRE17vGtuIiESRJdOKouyVSRN5mMv3PQJMMwuCVi'),(2022070004,'王云',7,'22wangy4@swanstu.edu','$2a$10$q6EXwcsFQ.Nvy3l4x71PEuaM9QeWQ64g68/t8mCdHPf8SfhGH8D3W'),(2022070005,'郑娟',7,'22zhengj5@swanstu.edu','$2a$10$UYG9kuWfDfrq0aLjdvjBCuXQG.Mbd4Rw4aYsyjP3.h5YI8rvaEWMG'),(2022070006,'吴兵',7,'22wub6@swanstu.edu','$2a$10$18hGo7JST6uWl7axtcTrB.FPDjztSgmLb.HguQeMeXIYrZY07HELy'),(2022070007,'蔡荣',7,'22cair7@swanstu.edu','$2a$10$qwoW14UTtYtEw0yPuT/z2.lMUWdnEvTnldhkz1epb/nIy0ls9u0/m'),(2022070008,'李欣',7,'22lix8@swanstu.edu','$2a$10$svUrx0DscwAtO8SUGInlIOvw96upKfED4ohJq.uM23iMj02CZ2TT.'),(2022070009,'洪亮',7,'22hongl9@swanstu.edu','$2a$10$asaQLAQtxBszcbtowyhxRuOTNGBPSAsg6DjI62HwUt93S2vbcjh6S'),(2022070010,'刘雷',7,'22liul10@swanstu.edu','$2a$10$CAk/HXY5.WHdpUw9NNQEPePLcei/iSLNe4rYTx2ZjUfHwmV4i5cCy'),(2022070011,'梁杨',7,'22liangy11@swanstu.edu','$2a$10$AGbCEH.5u3mbfnCVLzGcq./p.I3efnLHj9d0ZNe7PbDV9B.wKGD9i'),(2022070012,'赵红霞',7,'22zhaoh12@swanstu.edu','$2a$10$4m/CMSd04sogphzIkz7q5ewAaIXwvcqmfAbRVa.C0eiRN0lA5sY5u'),(2022070013,'韩佳',7,'22hanj13@swanstu.edu','$2a$10$LeMIbO8LrmQW5apIywUID.p.HJe5Zj40TEUgD/Pb5t1WLenkoXsH.'),(2022070014,'卢龙',7,'22lul14@swanstu.edu','$2a$10$RnMXXX2atsW3lDrGAVIb2uibuMvZMiRhjXR//44qRaoTWmS.tz3Wu'),(2022070015,'李杨',7,'22liy15@swanstu.edu','$2a$10$j6a26vk6f7IhZzFsiUjsFOKd7vIhT3dXIdxRf3yVbsBBYKSNX/Nui'),(2022070016,'张玉',7,'22zhangy16@swanstu.edu','$2a$10$8TEqYNHIXVKHKkdxQIh16uHBOL9wjPb3jhYcDL.jRo27ghqLCik2G'),(2022070017,'郭莹',7,'22guoy17@swanstu.edu','$2a$10$iCR71SgfN4E6.q0l4guSUOOFwabx0/f9l2YQtOdWmSVEZPAKh0kkW'),(2022070018,'张静',7,'22zhangj18@swanstu.edu','$2a$10$aw0ZoIFtqxsFJGF/T.9Wdu./AcaY6MyP7jjKRTJZTH1wkIiILEpsa'),(2022070019,'赵雪',7,'22zhaox19@swanstu.edu','$2a$10$I8qa6sHplaPxP/ULd9jMQuvFJh69DCMka8FiHqFxkDNAux/PBxNtO'),(2022070020,'周想',7,'22zhoux20@swanstu.edu','$2a$10$B5CCBBTZIyYNBPCwTgzuXuncv7WZcZ2itDMo9o6wIjLB.zJ90FQPO'),(2022070021,'邓建国',7,'22dengj21@swanstu.edu','$2a$10$tcYiram6q9owAeqkKbTfau2/TaTfP9KGvFK81wio9odNDFQoqPrhS'),(2022070022,'凌玉',7,'22lingy22@swanstu.edu','$2a$10$586D5RvzKrm6K0bxdo3ZxO31epuN2Wl2DBS2YoYcCU08AveOsMdaG'),(2022070023,'张健',7,'22zhangj23@swanstu.edu','$2a$10$22ZZsyuNjblBUHwZS4Pt/eokcu6gSsDjon9BqAoQMGFqYhwS4Plgm'),(2022070024,'张刚',7,'22zhangg24@swanstu.edu','$2a$10$UkGgXQvPiC4iJ/T7l806NOdBVy8GzfT6eSU3n8eXC3K54rD8nSdyO'),(2022070025,'侯颖',7,'22houy25@swanstu.edu','$2a$10$y43Q/TagxSuYROvizZhcd.kbncNDhwLVy1OKwrN1FpfZoenKY5.R6'),(2022070026,'夏霞',7,'22xiax26@swanstu.edu','$2a$10$2RLosoCt4f2Om6.y2InuLO8.nU0QS8QrJHjEn4pbOTr7tr/WmpEwy'),(2022070027,'杨健',7,'22yangj27@swanstu.edu','$2a$10$WjYrcnx.mpb3VS7.M4PxwOiKAga15XMzi4ArJbz.6kU4EeOkQqw9G'),(2022070028,'李洁',7,'22lij28@swanstu.edu','$2a$10$sP2q8gR6uYl3j9z5qxSxmuwxaplvGlXo1ewVEQodS4pCMkMJnmF0m'),(2022070029,'李柳',7,'22lil29@swanstu.edu','$2a$10$X2pLkbKqqvkA9o2zqK63hODowdn/PufoljFeFQmxtmNK6iKGvZAq.'),(2022070030,'陈宁',7,'22chenn30@swanstu.edu','$2a$10$jjWJaM4tmxBW78FZW1uww.jYkWk6sZK.Uq88bxYiIrZ0f7YhT73Ge'),(2022070031,'覃敏',7,'22tanm31@swanstu.edu','$2a$10$.2TBZE6b2GWzaOqZ7k7TjudRVyes5aaSldEQ1DCcmpo1Sx44YG8n.'),(2022070032,'罗莉',7,'22luol32@swanstu.edu','$2a$10$0ETVJB4SD9zCD9jck8Cgz.Ki7k/dNIo/R497H/x5XheP.NM1wn1IG'),(2022070033,'王波',7,'22wangb33@swanstu.edu','$2a$10$wgkBpcA6bDoD7BGQKulbpukcv6EhMvcm6cvKy5jtL1eIqTQZTyifW'),(2022070034,'元玉兰',7,'22yuany34@swanstu.edu','$2a$10$AcCeWD5iKrrHal4lxOAmveL0VUZpCob0u0LwqwUgOHUjlcSh5tibC'),(2022070035,'赵波',7,'22zhaob35@swanstu.edu','$2a$10$djIyNkYF0iac9xNRBukdzO3dzMCFz6.6CJVLzUM7hPN2857.bYDSS'),(2022070036,'孔成',7,'22kongc36@swanstu.edu','$2a$10$DeQaEY6VegbTEDBcOXPvBehP9WP8JQx1CEMEwOJXo6ySmFtqACzVu'),(2022070037,'刘金凤',7,'22liuj37@swanstu.edu','$2a$10$xPkxlqXE.kSeaDXPBdCZa.mAM.qPJMuUHdMjU13pLZirbKVzhNHeW'),(2022070038,'王敏',7,'22wangm38@swanstu.edu','$2a$10$xyjSzMR1h7sJIUow8l0LauxxhCYYtx0cS5kQjxugaDpSIhfrbruUW'),(2022070039,'易秀华',7,'22yix39@swanstu.edu','$2a$10$XfuJ/5tbavDgAu7rOFhqS.UjrdWzPndI.5k5RwPPCUE.2kxLqop0K'),(2022070040,'吴俊',7,'22wuj40@swanstu.edu','$2a$10$8stvsLStBBto297tsRuYS.zb8iD5nWbf4hpwLBScf2zDIg4Ion31W'),(2022070041,'郭梅',7,'22guom41@swanstu.edu','$2a$10$.tFE00aAcp2LoXEQTbxxC.AU1EAauXleZPeiUO8ecXa5auv2C94pO'),(2022070042,'杨宇',7,'22yangy42@swanstu.edu','$2a$10$gX8P3qLsnwJqKSYgErCc8uo/Z0nfpTcDoxEzFCxdlv86Rea.WBaq6'),(2022070043,'唐晨',7,'22tangc43@swanstu.edu','$2a$10$xc.hoVhAPrVECF.oonrcZevOrrR/2sEUdY34bhdsXQtBa3rdI9Gmu'),(2022070044,'何瑞',7,'22her44@swanstu.edu','$2a$10$9e2lr9OLieBPgWtQtIls3O0X09X78pYP6n3XtrmVl4B9Mu0RY/EVi'),(2022070045,'陈燕',7,'22cheny45@swanstu.edu','$2a$10$q9lnPs83x85d45mvLR2W.uAajTXP7PdvLwmCjfhInkdrRPhgbL32q'),(2022070046,'周鹏',7,'22zhoup46@swanstu.edu','$2a$10$rX0jq.oYQp1hlwZlF4q0tuNZibjosyKg/d5QGlonHulDbvhJTCnfi'),(2022070047,'姚玉梅',7,'22yaoy47@swanstu.edu','$2a$10$Du0nkjCYsg5W3TmwCmUPcu4Unl7VePQoFNEP5KsPJ0Uz/zwVAsy.y'),(2022070048,'农阳',7,'22nongy48@swanstu.edu','$2a$10$jm9KTnt0Zoprwbd/AdbADuVKVQMtr63B5jrbYBBrVtyXi8ENQ6zv2'),(2022070049,'陈秀荣',7,'22chenx49@swanstu.edu','$2a$10$FrmHpe47vpn9U8elfysarepBB52bSXb43WaRcYZwfuPoDtWTv1WV2'),(2022070050,'王丽丽',7,'22wangl50@swanstu.edu','$2a$10$whiwh8CoQffTOj9NOmj8qu6JUw7lgd1503ksJK8r/Ok.oUQf3VbcW'),(2022070051,'尚淑英',7,'22shangs51@swanstu.edu','$2a$10$hPdnkcofJttRjUBxb58uCemUL5FU9wswmizZqhvotpRnknivUJ61a'),(2022070052,'解桂芳',7,'22jieg52@swanstu.edu','$2a$10$hgRRt5oOk1orVF9sphdmXuDAiXFXAp.aKs2s8CLCxZ4Ux6UQNFSLO'),(2022070053,'陈艳',7,'22cheny53@swanstu.edu','$2a$10$hSOHMJ4DphcanGmdQSmgAeid/QwlK8/WZOtMfq6I6dbVpyFl/LT4m'),(2022070054,'郑慧',7,'22zhengh54@swanstu.edu','$2a$10$LoIQmy4lg4se6GikP9SYM.Qzg9sAgvW0XolSu16v85pMq9s7dmKRq'),(2022070055,'尚峰',7,'22shangf55@swanstu.edu','$2a$10$O1eZXW3bsDJrT6tr2jF/D.FgawnoWSFIlOZfJZ71uWbAXdMAyYksy'),(2022080001,'唐荣',8,'22tangr1@swanstu.edu','$2a$10$.s3JtpuLYHoPuTozRD1ROua6gcgChrP.KNbajYKAj9WK8LRDtTdjK'),(2022080002,'张秀珍',8,'22zhangx2@swanstu.edu','$2a$10$V7vY9/XuOP18/DWQ7qgxhe1bSl7dVLuOpullNJOwEHcnUOi/fHGOm'),(2022080003,'罗凤英',8,'22luof3@swanstu.edu','$2a$10$IxhQVcLX/uhf6xlzhDANcOroYT36MjLXz3ALzj6UZ8fofCsR/XKRS'),(2022080004,'柏宇',8,'22baiy4@swanstu.edu','$2a$10$7DnpFEurZnjhBfe4pgaiMupneB0GblhYN2QBQv8.fo6LumgTw/ej2'),(2022080005,'郑东',8,'22zhengd5@swanstu.edu','$2a$10$sI.KkZFCSr2oERQ70mqVcet.7Y57aKy.4vLjKUsx6qbp2mp97mEkS'),(2022080006,'蒋志强',8,'22jiangz6@swanstu.edu','$2a$10$p3IfvvNnzbXSlWk6Al7h4.jE3IgmdIKXMHrpNuQqGi1I6LITR9YCO'),(2022080007,'杨秀云',8,'22yangx7@swanstu.edu','$2a$10$AxT.H2DOh5WpUTKEmGhTHOjf2ey4wIzs3zc9MgX10EH9lsR8nZH0u'),(2022080008,'黄想',8,'22huangx8@swanstu.edu','$2a$10$HNWR0Hqfn1uIZRY9Cqgf0uodfnjhciYpBrtOfc1H7.mKlGK3Ve5C6'),(2022080009,'路红梅',8,'22luh9@swanstu.edu','$2a$10$uAXsBsUaOWBzzzezajjDH.9/ajMvJWbTyQ21J9nND73Br.WOQlX1y'),(2022080010,'阙兵',8,'22queb10@swanstu.edu','$2a$10$WhaV6asDYcsOjFX4cE9ccOslSsJhAdmFsAQ5vCLrjn0hrKbkOJGs6'),(2022080011,'韩玉珍',8,'22hany11@swanstu.edu','$2a$10$uEqeLn0jd6cClUBYsqnUFeJxPy/E5PVAebao1fVVxWUQbU528lTzC'),(2022080012,'王桂香',8,'22wangg12@swanstu.edu','$2a$10$KBE8umxb8D8vn7ytRxiz/.UaorWCzuzkM/oBvZyxGM9qFTbv.xI5G'),(2022080013,'庞婷婷',8,'22pangt13@swanstu.edu','$2a$10$c3XBUKhPsAE.kKqs0iH.WulEaKoLmDkEcRoNkmN/J8JG4UH4KXV/6'),(2022080014,'陈鑫',8,'22chenx14@swanstu.edu','$2a$10$5cP3yVmfRdxLTNl79ks4Z.0VdWWGecJFrl.dDW6jl2rpdtBaS5VJe'),(2022080015,'王林',8,'22wangl15@swanstu.edu','$2a$10$NrneG3fZp0T6O7ILE0mWcOSAgGmEG6MUGKrYIFulsw.OsjFm28aBK'),(2022080016,'林海燕',8,'22linh16@swanstu.edu','$2a$10$hJ9.i.DEkCB1OS1IfkVtDO/2s9CdNqyeV.MJl7kI9RXRRQWhYfFmG'),(2022080017,'马玉珍',8,'22may17@swanstu.edu','$2a$10$gEhGk6ZuWPCRP0YWN/JWrOJ2W3sitAdbndgLIgl9tafJ2S7peI7ha'),(2022080018,'曾强',8,'22cengq18@swanstu.edu','$2a$10$3gJE7XscX1LezD8.WZ7fr.S6SaxxCkc9i1P9O4LH3GSt5ptvd.R6G'),(2022080019,'邹慧',8,'22zouh19@swanstu.edu','$2a$10$QLy26T0fCAOiy6QLYXn4WOL9EOznAOZ5j.ylsGuU1dcz3T9Dm250K'),(2022080020,'朱欣',8,'22zhux20@swanstu.edu','$2a$10$klQq/ciAXY0JfY8n7Bk32eGTj2q/MC/C2hWyWJ0fL1UAD/8NAv4JK'),(2022080021,'李龙',8,'22lil21@swanstu.edu','$2a$10$xFu1yVZ2IvhhSB5M8BhrDOi2TL.zf4mmgQGj8NgllIx5OSGfO3lvS'),(2022080022,'周秀云',8,'22zhoux22@swanstu.edu','$2a$10$NVouZ30I5ligkFh04FYnU.P7jN6SCvwI6IPOPICtJ8s41hRWLyGMS'),(2022080023,'董琳',8,'22dongl23@swanstu.edu','$2a$10$I.5Vy5oS.U2O87ZAb9MAdulGzBbjGxJLOKA6N4CXyhIc5ZqApVTku'),(2022080024,'谭琳',8,'22tanl24@swanstu.edu','$2a$10$g1edEMHjZI63G2.vnOYN8.1LHNYQ071tLr8U0epJ4mrhlpyE0PfUe'),(2022080025,'鞠海燕',8,'22juh25@swanstu.edu','$2a$10$SaDU0KbblFc/ypSh5lRGYu.HD.gzwwnKS9p/APOM/Qa4QQ1YUNgZe'),(2022080026,'赵桂芳',8,'22zhaog26@swanstu.edu','$2a$10$5TFOi/1DwEMo1pB0uS5q0uTysiAwvVUjz0jGr5stg7UZVmfCnvdOS'),(2022080027,'田强',8,'22tianq27@swanstu.edu','$2a$10$rKtdft.CBp8ZECnaVhGLiu3Ibub7st1297J3SAA/n1RJq6uMD8QhS'),(2022080028,'冷强',8,'22lengq28@swanstu.edu','$2a$10$RyrqIbajjU2H9T.cZ/jJtO5XwwakIwVH7bLUQqH2KfCZqeAEOs8MW'),(2022080029,'梁林',8,'22liangl29@swanstu.edu','$2a$10$kRS2Int87PXv8ck3LMyVLeIZ3ShYjYF3zwVzwj3JxNq4truHP.Gru'),(2022080030,'卢秀荣',8,'22lux30@swanstu.edu','$2a$10$v2zXEUQgbGr/Sj/gtR8g8.qmt7mNoLFEAVsl6P3aZN5C4fI/YYwYy'),(2022080031,'贺桂芝',8,'22heg31@swanstu.edu','$2a$10$X37wUBWAnN0bTXFvbAUSae.CGik1BIjwLbuoe3dXgd0aMFlj5ZO5O'),(2022080032,'陆欢',8,'22luh32@swanstu.edu','$2a$10$Rd9Df8Nu1Wp0XXe/syeLDeNIPLMWbsQCUAQ5dVZGvlks9/9.biQne'),(2022080033,'罗玉兰',8,'22luoy33@swanstu.edu','$2a$10$hfuqyaOW1LaITld0d3FMpOvAlyrvv21xfnnAHwwy39IUsMey/z5/i'),(2022080034,'何淑英',8,'22hes34@swanstu.edu','$2a$10$VHZ9Irfd9EpRUYjiiBaSg.nb.BUbTYOXeUGHbPhCCld2AvSJ83SJi'),(2022080035,'贺斌',8,'22heb35@swanstu.edu','$2a$10$Ktbkve5bjQZP8GA./9lPCeke/ldq5mAl8BpseCY/FfFpWC9piUsWa'),(2022080036,'朱帅',8,'22zhus36@swanstu.edu','$2a$10$xEPrrHdvBsHDHE/wxTZEDuR0ud0F.Wx3ciOdNvz3K2TR8ey6ufPuq'),(2022080037,'王丹丹',8,'22wangd37@swanstu.edu','$2a$10$WwlloolcaLlzHcx6iAxPHen7vQV8/OFUXSozp5Io6AHYtL1C7wUzO'),(2022080038,'萧文',8,'22xiaow38@swanstu.edu','$2a$10$4tOTKe6Z5QKMCJ7jwvU5M.Ts7gTYhUkAPZBw0kWdtPCVQ6Iq2iwMy'),(2022080039,'彭建',8,'22pengj39@swanstu.edu','$2a$10$9Xmlwcx6vUs17k8JK4aMF.9s8r.hqa8OTjH.QbzMtz20cxKr5B3Oe'),(2022080040,'张秀芳',8,'22zhangx40@swanstu.edu','$2a$10$2jQg1ToAXxGtxJEO7IqRT.ZwgCRlwLWoC2JyjNXp/Baqx93i/F80S'),(2022080041,'杨志强',8,'22yangz41@swanstu.edu','$2a$10$.7BGGPCc6ZoY4vSsL8aKYOM3M5d0H6l0uT03BRlAWao4DCrhxdn/O'),(2022080042,'吴玲',8,'22wul42@swanstu.edu','$2a$10$fS/xi.DhPSpEZfbf69Iusuv8AAMP99mxzt6pxCJ8rz0FV4zFxzPPW'),(2022080043,'王俊',8,'22wangj43@swanstu.edu','$2a$10$2Gl9iWmysrPXq6RuaCzo7u7HD180IQO02kizF7jqyTkxagYoLAec2'),(2022080044,'萧海燕',8,'22xiaoh44@swanstu.edu','$2a$10$FXFyWgsXe4YhrYNzNr.YmuQ7T8FbHB1GnZS67hHvbU6JlFauMVvAG'),(2022080045,'张想',8,'22zhangx45@swanstu.edu','$2a$10$6oRKMXz5BxcQtX6vprgPPek3M0aFmu.JSv1RAkoT7xi0kY2DHg3uu'),(2022080046,'孙磊',8,'22sunl46@swanstu.edu','$2a$10$XOZf5d3pxi3RtqCGC8v5SO.6vIuYdKo5iGBzPV0JUojYuK1og9x9S'),(2022080047,'郑建平',8,'22zhengj47@swanstu.edu','$2a$10$dckkeTypfG6rwpAyMdqvJOhcgburN/I8yDLrz..IaaKwQG3hg2zFi'),(2022080048,'余兰英',8,'22yul48@swanstu.edu','$2a$10$gh20A1RnrJnFHkh1wxmqaOY0IzRbA/D8/rFNUiTkbLO.UNyn6FVwy'),(2022080049,'刘瑜',8,'22liuy49@swanstu.edu','$2a$10$fqD72ClLmCdV6T6S6ut4QeANkws6DoP50kyjUI/cltzABAJJBSCzG'),(2022080050,'刘秀华',8,'22liux50@swanstu.edu','$2a$10$2jj1yRsUNhHHwCHvqPPWyOFuHLW/ca8PCdGCLrXgi2E1avmB/ezBq'),(2022080051,'江淑珍',8,'22jiangs51@swanstu.edu','$2a$10$z4uo1QENkXzy.Xm3IAkr6.vSc05E/qgqlB.758VeVIUEuXlppy2tG'),(2022080052,'马淑兰',8,'22mas52@swanstu.edu','$2a$10$c5RSWc4Kdl1vOPYkZwFDBOR2IFSe2dRRAmUp.eYDs7NqN9I53rZym'),(2022080053,'李婷',8,'22lit53@swanstu.edu','$2a$10$sdA1F968.D.K4jL9b4RctudZfi0qQ2vfeRv5ZSe1XsITnkGDqm7Ve'),(2022080054,'洪玉梅',8,'22hongy54@swanstu.edu','$2a$10$r54CFg2d1tgys7MC1nF0j.gYAlWhefDlOGfE97xMiieF0bMoyoKhS'),(2022080055,'陶琳',8,'22taol55@swanstu.edu','$2a$10$cSwM7p/FlrpUMGlI.HAble5L619hthdH05zTH3/l/TxmGxYji/aby'),(2022090001,'杨博',9,'22yangb1@swanstu.edu','$2a$10$Matb6.y0emP4DYU5PV9rp.DRQ1X49m5OX.ooMw9m2jDzH9hp.TIP2'),(2022090002,'裴玉英',9,'22peiy2@swanstu.edu','$2a$10$bPFowaMGVtsirOu6J3G4neZdgv4y85zkBIYiXFu9KWewb8VvC8GUy'),(2022090003,'苗想',9,'22miaox3@swanstu.edu','$2a$10$C8aKx03tsDq3d1jp4tUa7eLpizl8ZkGuAsA6Zplr1e04m/EajMwwa'),(2022090004,'孙荣',9,'22sunr4@swanstu.edu','$2a$10$qOggzuJH6YO.CuWwiReZJOKZd4qbXJslriZWsSG.2TW03lgi70F9S'),(2022090005,'邱冬梅',9,'22qiud5@swanstu.edu','$2a$10$30ZWGT.LBk8zf8D6moVwKOboweDH/YiAZACyK93xnHx3/I9vAFfvS'),(2022090006,'郝利',9,'22haol6@swanstu.edu','$2a$10$gJB3TiShDPMIk4ZkswOa9ez6beYs029xd7Kt2BY7nuNq4Fhe.e75G'),(2022090007,'陆淑英',9,'22lus7@swanstu.edu','$2a$10$0dT9TzNq1PVez3hWvw7S6e5iyJ7/LgRczxD8DvVZ.aoGiHTkiLr8C'),(2022090008,'葛丹',9,'22ged8@swanstu.edu','$2a$10$qoj9a.QYmuxZ97ZeXUK9FOnf5O.FvyF.hw.1sFJJ0eRYpIb8MHqJ.'),(2022090009,'高红梅',9,'22gaoh9@swanstu.edu','$2a$10$P633sUuotBWQc/tjZ9XwLe0fMzU7FNC/1YVRl6dzIV.XXtwa1lbZ.'),(2022090010,'麦建华',9,'22maij10@swanstu.edu','$2a$10$3sTXiheDuBKG.R5hngu6qOzttLJVRcq5zBSU/z4FiEotAq7W9hgjK'),(2022090011,'王峰',9,'22wangf11@swanstu.edu','$2a$10$bfq9NnPe06cHw3/laldYkerCQQyO8wI1WShQeX1/dxzkqbGNbv626'),(2022090012,'胡雪梅',9,'22hux12@swanstu.edu','$2a$10$AF0G713qoMTvFhKGEZWdN.hdnhgKkDtzvhKzEaYfDcqAz3eFDjE8S'),(2022090013,'唐宇',9,'22tangy13@swanstu.edu','$2a$10$IpFi6wdBuKqs/e3eXsxaguZiaKOw5W7pe5B0vf98QvujYW9k4vjh.'),(2022090014,'刘萍',9,'22liup14@swanstu.edu','$2a$10$jht8QvHdG.d/eQlHz5BrhuhQc3u8FWhoKt5Do7GPs.1zcj62In9TW'),(2022090015,'艾坤',9,'22aik15@swanstu.edu','$2a$10$Y97nwpRnhCRZKTf0ywaWme7HQDeFqESjh7M.VPfNv6B3d.KC7G/zO'),(2022090016,'蔡想',9,'22caix16@swanstu.edu','$2a$10$DYDKUoTALZQBLfJL8jFPOerg8m3q2Oh8zMnfbpzqU5WNEMWJFDv8q'),(2022090017,'鲍金凤',9,'22baoj17@swanstu.edu','$2a$10$GUgk/ZhwIdnGKT3LpqkXnuJkD6eg5YqmqK.2ZrTCHDFpzX1LOb9D2'),(2022090018,'梁秀云',9,'22liangx18@swanstu.edu','$2a$10$1QwULQ8PexZ1ucniRN0emOxpnnSia7h1yCohQTPidkzbPxFZi3nKy'),(2022090019,'曹秀芳',9,'22caox19@swanstu.edu','$2a$10$7Z9hsMCvUDPnV2D7QP2WtusmyOx0YPheJl4QoQst4xMp35EcV1.6W'),(2022090020,'郭鑫',9,'22guox20@swanstu.edu','$2a$10$5vnHoltq2acjPCdoNtH0mul4xCL0AtlRQMt5wxyqUhplE2akzeS7q'),(2022090021,'刘静',9,'22liuj21@swanstu.edu','$2a$10$bfrOZc3.g.Fuw.Yu7R4egOJAs5batJZZe71lV1Y7igdsu5EwXIS6C'),(2022090022,'杨桂兰',9,'22yangg22@swanstu.edu','$2a$10$MgXuC.cSVAaxd55T6Z.Wq./q29ttFHLEpM4gUNk3m77drlSEIGT22'),(2022090023,'徐斌',9,'22xub23@swanstu.edu','$2a$10$wbUpo8aHgw4lmsbCWZepjuu6MOAdFF/0FPs0zIwSDz8OBh7Dy0AVO'),(2022090024,'曹晶',9,'22caoj24@swanstu.edu','$2a$10$KwncYYEFQXcdq/IgBZW/qe6CjRWfRBv6iNzybO16IeF.qdkXwv9J6'),(2022090025,'林超',9,'22linc25@swanstu.edu','$2a$10$6OfSE6efvKF9CRzF.e0vJ.N/bSxptcDFe6aIutrJ/pEVIG3hf8O4i'),(2022090026,'秦博',9,'22qinb26@swanstu.edu','$2a$10$1zQ1/DEhad2vyRhd9DBJLu60PFIE5F23iohPxI36mLmk.80lCGLFG'),(2022090027,'许秀珍',9,'22xux27@swanstu.edu','$2a$10$1ZDnQk9JAsCXLU9fF7Qq7uKSH/rVJyqgdcOk57MeoRdXGpVGBtVvW'),(2022090028,'鲍俊',9,'22baoj28@swanstu.edu','$2a$10$AEABpz9R23CgapVEgO8BEuw5PTBPf1X2bEgRDQlEkTSdysWbsyuka'),(2022090029,'吕玲',9,'22lvl29@swanstu.edu','$2a$10$5UtsMqdqILSKlXMnJo.Rr.cIUenUvc97qXhEEHfZZe9EMz4DVcbkG'),(2022090030,'张冬梅',9,'22zhangd30@swanstu.edu','$2a$10$oVaLMwOjK1N1Bu0HMgOqkOU8ZtflYSD54RdgI14Yx8jHwkHv/Vg4W'),(2022090031,'刘莹',9,'22liuy31@swanstu.edu','$2a$10$NjlWPYCT7zjhFeXPskI02eJxtCRRkKxgqZiYq8stGFBkqK0uwKGHG'),(2022090032,'傅红',9,'22fuh32@swanstu.edu','$2a$10$S0JLGbYHdWwJVU3MG.Y7b.962v8V.b9Odwl0qgOP27pUXN4zuSPEC'),(2022090033,'白健',9,'22baij33@swanstu.edu','$2a$10$R5pPfhyXuwV3ZEOnCWhaROn8XaO4vOPOi.bSeG1fwEloGGR27jnvq'),(2022090034,'兰军',9,'22lanj34@swanstu.edu','$2a$10$sah3CtMeSboWMOOWy/rYh.f8WPLySvQITqEedM0YWUKtigx4WzX9K'),(2022090035,'戴建华',9,'22daij35@swanstu.edu','$2a$10$kjExLbzcYmRwpojf5K6GB.hsU3OdPAljwLmiuoSDtwD00qYSzvbGa'),(2022090036,'谢浩',9,'22xieh36@swanstu.edu','$2a$10$TeawpH1MMn3Lvls2wBymj.L28jns9/ro1wFjEhIbjoImJf4o03ykK'),(2022090037,'蔡凤兰',9,'22caif37@swanstu.edu','$2a$10$cXlxT184K8OL2NkMhv3yju1oj/Fwr8RQnBmrVwPHVjVAw9C.0DTqu'),(2022090038,'崔飞',9,'22cuif38@swanstu.edu','$2a$10$FJkNdqHmpB/R9.Zm2YeOZeBFldjpu96A/fdoM82UrnBaG/5iYbdR.'),(2022090039,'王建国',9,'22wangj39@swanstu.edu','$2a$10$pYfstYKBEAN/vcMfWemW7O.Rkt2NxT6uvvWGXs3COakxsvM6.tbo.'),(2022090040,'邓东',9,'22dengd40@swanstu.edu','$2a$10$8lUF6K33gL0pbbtO1HABBe.932zawAjVM4vbBOje7DpIMSq7iK2f6'),(2022090041,'赵瑞',9,'22zhaor41@swanstu.edu','$2a$10$nK1Hbfd7ybxEgDw/kqZGlezx28qivTA5AjF1SyCAWB7WSvgDosEgy'),(2022090042,'廖燕',9,'22liaoy42@swanstu.edu','$2a$10$ypHSrIAuHqoyNp5E6mcftOUUCtMogIiJxXJW2NRMlJPEgMgJnxidy'),(2022090043,'朱楠',9,'22zhun43@swanstu.edu','$2a$10$CD8kaw7UmU0r4Dzs4tGSq.BCBZE0hSmFpBMqfPNygj37yY9CWET7i'),(2022090044,'夏成',9,'22xiac44@swanstu.edu','$2a$10$EXaIapYhsxegIustrxhbE.LBM8IHv5gdwzuvjsBXUMgZOVZFfuj42'),(2022090045,'黄金凤',9,'22huangj45@swanstu.edu','$2a$10$SQLXRajA8dKopeG08mxwtuaxzFpKUpgb020oRAtAxL7IKkYvdtsCK'),(2022090046,'葛柳',9,'22gel46@swanstu.edu','$2a$10$3t1nVHHYle6i9NYPxSMXCOeC9zuw2PVCgwyDW0h8YWuxidr1rWIUa'),(2022090047,'杨杰',9,'22yangj47@swanstu.edu','$2a$10$expLE3DSP0tWflkGaklTO.SgNQS922t9UI402QmwONKX1E3oMBvUK'),(2022090048,'宣玲',9,'22xuanl48@swanstu.edu','$2a$10$vIuo.GB7Vodky5rngJL9.eZzOfDIlDlYK6iAN3t870jgr.UNBBNNm'),(2022090049,'刘莉',9,'22liul49@swanstu.edu','$2a$10$MKmme.sI6uxmih.Eo31US.4qu4qBJuKtIt4LbeQ8ajdbhjdQlHkk2'),(2022090050,'胡建军',9,'22huj50@swanstu.edu','$2a$10$pASOcTN6jf1vUSAR6KNlY.19cRRGETWkl/ZsEBQcrgLst/Vzq6Eju'),(2022090051,'潘欢',9,'22panh51@swanstu.edu','$2a$10$iNN1hBnRd3r7hzZhzDAWb.x70QUAJ1kitolLe/1EenkB0vNQDqxd2'),(2022090052,'魏淑珍',9,'22weis52@swanstu.edu','$2a$10$V0PorwJzqy32BFZIiWu0fem2LJS778vmne04ZgkxP6qentvTLt7q2'),(2022090053,'李晨',9,'22lic53@swanstu.edu','$2a$10$TA0jZFyzL4KF9ruQaHFAReXydDnEPwc3piJoJq4Ynvp3b0NeH.RDq'),(2022090054,'万秀兰',9,'22wanx54@swanstu.edu','$2a$10$PQwWCOCNqABDL79nbyeV0eAlZm1K0eQVEkxcyGuhfI9NVssf.3BJ2'),(2022090055,'丁慧',9,'22dingh55@swanstu.edu','$2a$10$m1JH3ZEkVJCsIyUhLNz4zOZ1/GHrF.ZUbN/hRX8x0Am39fWw9CiHS'),(2023010001,'安军',1,'23anj1@swanstu.edu','$2a$10$EjudatObSGCxJbiUFVd3MOf5pgUvKwn6x9Pnq/aP9hH.2twrEFnf6'),(2023010002,'刘建',1,'23liuj2@swanstu.edu','$2a$10$.zNV4207aH6T4A1/geF1e.Rp2tM6QATXRMPcEQ3RAmOeiAInvBdOO'),(2023010003,'徐玲',1,'23xul3@swanstu.edu','$2a$10$urPUOeFjAssVPz3izf7vteqi2gN6mYX6fLu9QCHeQhdvg23UdoEFS'),(2023010004,'尹红',1,'23yinh4@swanstu.edu','$2a$10$lN9sgMFAyfUxMbXOw7hoC.FCMfisXDVr5d8zJiWHUXaLu3dDIB2EK'),(2023010005,'张辉',1,'23zhangh5@swanstu.edu','$2a$10$8e6Euvq9mTfYTGJt2iS4YuOSEavMYXLoNx35wHIxEAM1D.eKtBNm.'),(2023010006,'丁兵',1,'23dingb6@swanstu.edu','$2a$10$XtpQy9aR3rb8Vrz.3q003OEM0JTl3e914K1h.rmY6q/oJsTzlTWPe'),(2023010007,'何俊',1,'23hej7@swanstu.edu','$2a$10$JXOdrdinajkZ7qMF7fpH8eKTjiVjQrzCIKUYa.E2E0plJsG1YSTNq'),(2023010008,'王俊',1,'23wangj8@swanstu.edu','$2a$10$sKvCJPC5/qQa8jwp1K9fKeO7amnoYbI5VZIeuRpHj4gj5ULHDfZhu'),(2023010009,'文林',1,'23wenl9@swanstu.edu','$2a$10$nhqXYn56EzpaR/0oW1jwKO2Btbj9.7eX3wf2uU0PibHwxHrgU/z5a'),(2023010010,'陈畅',1,'23chenc10@swanstu.edu','$2a$10$4rnh38jrPIVFopqO5RdUw.81veMlxolzGZ01lMKF7oy3gXBzc7klO'),(2023010011,'徐浩',1,'23xuh11@swanstu.edu','$2a$10$eYiyOmkh6FmUoKPSniRzX.HKrZBbkWpLZXbvk2HZ24tdM2HKg6jxW'),(2023010012,'夏静',1,'23xiaj12@swanstu.edu','$2a$10$6r3kRz4lwVS3llDkspD3wOHwrKdllMZRh8CRA3j5TQI/413gnOXOK'),(2023010013,'秦雪梅',1,'23qinx13@swanstu.edu','$2a$10$OhjMsWpRv64r1gVU4uxw8.UwTKHz0YxL3C.GRXJNPpdrE9.4Ftcti'),(2023010014,'宋倩',1,'23songq14@swanstu.edu','$2a$10$zrthdmbfZS8ViKBYg28e1.ACL/RiP6qxZtuv3apzr7FVbi/gu.ed.'),(2023010015,'王桂珍',1,'23wangg15@swanstu.edu','$2a$10$Jr8czrPTsB8CHgDs4D1aduk9E48rWRM3.o7UQQmXu3Mjn5S2IORAW'),(2023010016,'柴淑珍',1,'23chais16@swanstu.edu','$2a$10$MQbtTK51SgGscO1Bylj09.ctKNw9J9jbRCaWJzic2wUTymc5iWXrS'),(2023010017,'范丹',1,'23fand17@swanstu.edu','$2a$10$oNaCqvfC4igt.11V/V3uYuIAPA5Y.gbqujPPgqj0MuGAuQ0cfx9wG'),(2023010018,'刘霞',1,'23liux18@swanstu.edu','$2a$10$nqQol8dprCBx.PVq6tlzGO95EtPITtj7nUKV1PhlmAMSGit8AJH..'),(2023010019,'杨冬梅',1,'23yangd19@swanstu.edu','$2a$10$w138TyvaCu8yXfgU1L6YR.3d0mnYigTkZVOb88A/kNinxEfCQruua'),(2023010020,'崔兵',1,'23cuib20@swanstu.edu','$2a$10$t31pKvpCPWyqHPp0kKZXx.EClU1.sx0Fqkpa8kcAAL.G.QWK2ALrG'),(2023010021,'罗俊',1,'23luoj21@swanstu.edu','$2a$10$Wcqim02fRvcgsAP1LOtmt.z9QDS90GY/FJkUrHX3xtI/.pi8UWKfy'),(2023010022,'李华',1,'23lih22@swanstu.edu','$2a$10$J2X3kjipR0qIB55jdzwSOeIRJukUmPNExF4cWw.43PGq58U.RWv/K'),(2023010023,'胡峰',1,'23huf23@swanstu.edu','$2a$10$io4O.N5zaeeYoQ13vtl42uXETfgCkIenC6Zj7xkJZj42N3vyK5I92'),(2023010024,'彭兰英',1,'23pengl24@swanstu.edu','$2a$10$Bb2becoBCp5yZWU4oIJny.99aB57eBauk36Tjr2m9fCR/aP2NkFIm'),(2023010025,'扈红梅',1,'23huh25@swanstu.edu','$2a$10$7BtiL.m3XJ1blwNbjQqoI.EJtOHGXd3qUG2GGiJwzTGIwEWoVwSHm'),(2023010026,'杨刚',1,'23yangg26@swanstu.edu','$2a$10$vM/.3Sw39ZHEdKlpWG34cew9ZHsI2ZeaXdpfODyWAGce.qqbsuYrm'),(2023010027,'王玉梅',1,'23wangy27@swanstu.edu','$2a$10$sqw1tjiRIQ.Lf3ElrXpmwufYswzCqUUUvuFR62NYW8KxR59rZkD2S'),(2023010028,'王健',1,'23wangj28@swanstu.edu','$2a$10$oGMqOM35w.N6xGIi4bClR.zdOFLhHX.Mg6o5PmKnta7MFpLQuCj8i'),(2023010029,'贾玲',1,'23jial29@swanstu.edu','$2a$10$G8sgxLum4qp72qvujocYSOE0vCUElPt6Om0lT03VT7Jec.Ttdp162'),(2023010030,'刘雷',1,'23liul30@swanstu.edu','$2a$10$yNDCc2sZfdbnC.OJJ5kx5uPxk3w4HVpGfMSIfFlFGoSGq9JpS/YKC'),(2023010031,'刘琴',1,'23liuq31@swanstu.edu','$2a$10$uyk1OkFN8vy7Jen9daF4nOF9LZsZJP7/jvcIQIZUfFfgUseJdmuSu'),(2023010032,'陈明',1,'23chenm32@swanstu.edu','$2a$10$zrHU/5AKn1T5JkxvVHsJeeoyT3hNB7W/TWWPQ/LHkapp8bDKHWViW'),(2023010033,'张文',1,'23zhangw33@swanstu.edu','$2a$10$hoKB.45dqhSetDSWdnPsWulmRQWKyhUl7VP2DfLqZpSs96j9YU3EG'),(2023010034,'孙莹',1,'23suny34@swanstu.edu','$2a$10$vG6N7E/5v6ixJ4njbHt6ferES/syHwXx2X4q/SeiJr8bdsqLzmWIO'),(2023010035,'关玉',1,'23guany35@swanstu.edu','$2a$10$iexpZpvbsVNyUbOI7OB6/.dJCg1zVy4dllSDWvQmeUx66uFIp6oIW'),(2023010036,'吕红',1,'23lvh36@swanstu.edu','$2a$10$iUK5xim2ia0QBIvwpUu9vejus1.a1rYKGz2rBcssrc2CgbWdOFYT6'),(2023010037,'白燕',1,'23baiy37@swanstu.edu','$2a$10$khFNp53ilYmQwlLq7smy3.u058osZtDvcgCI4LoiC2OcirV3WLsBi'),(2023010038,'刘涛',1,'23liut38@swanstu.edu','$2a$10$XHcQb1IhQyG9v40atCN87u.641X7nhmAAJseiXX14hWkO7AbJGKy6'),(2023010039,'徐玉珍',1,'23xuy39@swanstu.edu','$2a$10$IzafI1U94dmfZzthejanr.zxZOxKDg.k/.2ESsJcyFuX9Irdx2rCC'),(2023010040,'张淑华',1,'23zhangs40@swanstu.edu','$2a$10$Fpqemy3tWhsTwIJo1/Y6veBYR9LrB7MbB2qpr7jbnFcuJepc7.y.2'),(2023010041,'金建',1,'23jinj41@swanstu.edu','$2a$10$1fxJOK3xFvV5jxzTv9vmuuGFK2KodJcyti116fAu/lkCAFJCHuQwC'),(2023010042,'张峰',1,'23zhangf42@swanstu.edu','$2a$10$5CjggeU6xpK6r1M9XOuFjOvBS0ta87iZi0n3dOUaIpDrR0dWEQYYO'),(2023010043,'陆春梅',1,'23luc43@swanstu.edu','$2a$10$BpBhWauvOybRwsc3rTSHyuxM.i0sdShkArZVU9XSuf0t5FJDxy3Ga'),(2023010044,'张金凤',1,'23zhangj44@swanstu.edu','$2a$10$oncQqg2IQsHHBrPPQv4Hyu3fX3gIocl9veJNgADDzpcWiCS1XqLQa'),(2023010045,'杨建军',1,'23yangj45@swanstu.edu','$2a$10$EIgi3u5nv7906HFk3uiukux.kzpWdDgcFLopuhHSuK0UESpYRgICu'),(2023010046,'邵梅',1,'23shaom46@swanstu.edu','$2a$10$F8qP6XHc8Kwh/QoUd0b3H.7d2MLyOQDQZfkM373boxoYgMK5q7O/y'),(2023010047,'刘坤',1,'23liuk47@swanstu.edu','$2a$10$a1P2ktgjZOQMcFyn9NEmQOl3iox0ELP2ttI0rAgUcsM3cHmnHMcPC'),(2023010048,'陈桂珍',1,'23cheng48@swanstu.edu','$2a$10$AXQ55d7.d0NIo13wImfNmuJvrLnntdZ7MIIU5PjIT3yui8H9z38.y'),(2023010049,'李凤兰',1,'23lif49@swanstu.edu','$2a$10$6Ar/8ae3QYA50nhSNFdSBOQ.k3fnUhT2R79TR.wulsOu.QBXavCLe'),(2023010050,'翟娜',1,'23din50@swanstu.edu','$2a$10$cJ2WEHZwKlqHY3ZgAM0dA.PWB5JNBXt1Ej3aTtUWhh7v2RMSaah6G'),(2023010051,'秦杨',1,'23qiny51@swanstu.edu','$2a$10$Z.O.cxBG8dWWI8t0Z2MrdO/hogKT7eTfr6qVQseFOGWefm5LR6.uy'),(2023010052,'李瑜',1,'23liy52@swanstu.edu','$2a$10$IwI9VHF84fLH8YLq.qV15u6WJeD9iQRuUh9z9WdY/z.UTKdwvnTSK'),(2023010053,'黄玉华',1,'23huangy53@swanstu.edu','$2a$10$SZtCKxbuZ3GEoh3lQLoD1.xa9LGD9KqwufAV/9dES0ks7YHKlbmce'),(2023010054,'尹涛',1,'23yint54@swanstu.edu','$2a$10$irSS/sx68PRoTSjgihhUzO8TYOpw8xn0ifBt98P4huN7SZK1mRB02'),(2023010055,'陈桂兰',1,'23cheng55@swanstu.edu','$2a$10$spFQ3Avmpx.cZsG3SHsmPO3miesh02xmBawvOgIb6/k8LP/wvO0bm'),(2023010199,'许昊龙',1,'last@xuan.com','$2a$10$PNAE.97NfIkVrjDWf1dKGux4qsTTQs9qWGqpSMkq/BRMRU2hkfwL6'),(2023020001,'李丹',2,'23lid1@swanstu.edu','$2a$10$3Krb17Exho/bEoZdkpwPOOFtVYAOpKRJWv1YuwnUTHzzI2Xp3EErS'),(2023020002,'徐小红',2,'23xux2@swanstu.edu','$2a$10$E5iLvkwIHPH7xd9XVlCSwugel6RGlGoBh3k0B.q1MfelQVWUTwsKe'),(2023020003,'丁想',2,'23dingx3@swanstu.edu','$2a$10$nSOD52LbTFVd9eog9u4X5ugTcwEYNOD7q/qGf94Dp1DB2Wd/a4fTy'),(2023020004,'骆丽华',2,'23luol4@swanstu.edu','$2a$10$DSxWbHBrbSUz4DQl8/ZOzOYORq2tibfrTAtRWM83.rNEgpv6q0agO'),(2023020005,'林亮',2,'23linl5@swanstu.edu','$2a$10$J9HqL0Fga3QaPBD8T/rUje9entyJo60h.A4Ah45i1vInl3QtUeZR.'),(2023020006,'贾想',2,'23jiax6@swanstu.edu','$2a$10$QXjkVCpjn5XSUl.WZPmPeu2QggwyMGaLrDtrqLOHWV6MRbiSi277W'),(2023020007,'景琴',2,'23jingq7@swanstu.edu','$2a$10$Jo4WCyLBrWIY6i4YC8TU9eCfJyugkj16WCR4O/mHbdPZH2iV6b21a'),(2023020008,'刘想',2,'23liux8@swanstu.edu','$2a$10$Qm/PEgNC6ghFcZm5IU3C/O0etG4eh5qZJ.UrnnIwJhAdaip9pFDfm'),(2023020009,'萧雷',2,'23xiaol9@swanstu.edu','$2a$10$/wZOvCKjDXZTogWdZ0K/TeFjpFx3Ex44PK9hz0UlHL.StRag/XNV2'),(2023020010,'白丹',2,'23baid10@swanstu.edu','$2a$10$I8rT96nhfqpb5g/TENpDquKSQMaFUBJiWLGAg5CfH7NtogB4wvrHu'),(2023020011,'晏宁',2,'23yann11@swanstu.edu','$2a$10$FiwDPVIggGAbcZ1iM6g8t.vwqFr.T07zpMmpLHJkvBGeMsR5mvnXG'),(2023020012,'韩婷婷',2,'23hant12@swanstu.edu','$2a$10$G3zggzU/xrsyD5SrmavbOeGnI.SyjM7ZdYm9dmsBzP6BvPUaikp2y'),(2023020013,'李玉梅',2,'23liy13@swanstu.edu','$2a$10$K.CXtAewAG7YwpdDG.KpFefzIaRmiDQyD8QppyekxEZaiz.g.mGXa'),(2023020014,'王玉兰',2,'23wangy14@swanstu.edu','$2a$10$sCpBeT9nP8RB1sTk87Zuvu//gwJE48wKv.sVT9y.w0LOV9mooWWfG'),(2023020015,'孙桂珍',2,'23sung15@swanstu.edu','$2a$10$yuJXoqrjt4.vAXXBft2ry.nxqbCACLqhmoJhw0RtaJrh/sM5c4RjO'),(2023020016,'张凤兰',2,'23zhangf16@swanstu.edu','$2a$10$BsqV4F20dbZtMs3MI4lh5OMXAGVgw2AQF1msgFlDihbsJwUQ91YtO'),(2023020017,'池瑜',2,'23chiy17@swanstu.edu','$2a$10$XckEPJuUV0UIdQp8krXBU.3pdhsrdfspjA1X8MOFKqZ9CcL1GsSQC'),(2023020018,'杨华',2,'23yangh18@swanstu.edu','$2a$10$bhse0MTbmnBa6CL9SbaGT.cDFPLwjvdUP8LEkJl410P4S56K9Du3S'),(2023020019,'梁桂花',2,'23liangg19@swanstu.edu','$2a$10$KqbBz0azlzJ4QP4RV35lbe3aEFSNxFixEObxUdjI34YyeOpfkogNK'),(2023020020,'赖晨',2,'23laic20@swanstu.edu','$2a$10$NYelmNji3E8YRQ//Gt/Ede6JNPQvGO.tUMYWKcFdF5p58797zkG0u'),(2023020021,'王婷婷',2,'23wangt21@swanstu.edu','$2a$10$8OGdVl/OrL46DqZxDnH5.eNoL0Rup016DuLXTnfoa/lSE4F9uur6a'),(2023020022,'赵洁',2,'23zhaoj22@swanstu.edu','$2a$10$4LdO/0VB.PtWwxsGfW.ZfuZ.W2vqMKaLlQQHcLgsD6wDU.Wdchbey'),(2023020023,'施芳',2,'23shif23@swanstu.edu','$2a$10$dG4vLIsf/XnVwLxSpCJHR.Y0kODTm4z9EZgH/LID8CwCBc4R7VFbm'),(2023020024,'苏桂荣',2,'23sug24@swanstu.edu','$2a$10$52ykueJzpsM9M1e5DBSCW.epAdcpoxrivkliG97Jf85P7xSW8oZSa'),(2023020025,'柯晶',2,'23kej25@swanstu.edu','$2a$10$8logYY7cjJzsS0gSqy7fY.r2jwx3e8wi4On5t8CX8u9Jou8pVN0.u'),(2023020026,'谢桂珍',2,'23xieg26@swanstu.edu','$2a$10$Z3cGHpV8geRynE9.6wasZuPRtVClXdM1InegehDR8idLjaQqywL2y'),(2023020027,'高秀芳',2,'23gaox27@swanstu.edu','$2a$10$3jIBCOkkkOS3jRbcG/c5qOeJeUVFpSxQjQMIcg/1LEg3OeCLCzGru'),(2023020028,'张莉',2,'23zhangl28@swanstu.edu','$2a$10$jeQNygw.jqphup3NK2jeneWSoQ0XEBfazaRO7gH5Oq0DGIBnANL2u'),(2023020029,'王英',2,'23wangy29@swanstu.edu','$2a$10$.ePIExv0zhrciiWpLyTj4OEc3SzW5JIaXofFFoCVrrPyxDb.GaCu.'),(2023020030,'杨萍',2,'23yangp30@swanstu.edu','$2a$10$oZcL4ewDcJk727SLVJFvbuQUrVIeAH2U2fTVa5D.V/to85qeXj5kG'),(2023020031,'郑莉',2,'23zhengl31@swanstu.edu','$2a$10$qTTiCgcSlb4qIJiKTE6Ek.hliqDukuuwJ5XA4AsFd8wHVeyS4y3ku'),(2023020032,'刘凤兰',2,'23liuf32@swanstu.edu','$2a$10$ygxlMxohQiHjX.vjLdFsDuDR.9jbadr.UafNeXrQX97PW7p41EIQm'),(2023020033,'黄华',2,'23huangh33@swanstu.edu','$2a$10$qe1DEHNaiKA1fZYETM2kOesmaDgag1CS2uhzUqqa.XbLnDOuXMwtC'),(2023020034,'朱雪梅',2,'23zhux34@swanstu.edu','$2a$10$/mqTaokJ/ULqD37fM41d8eZvpiRMILR8iB0TFmyV3n9Df.wAL44Ee'),(2023020035,'马莹',2,'23may35@swanstu.edu','$2a$10$yJdYwHcDq35QzUtskIlV5uB4FqoVSowVXC6QYAE0GRG2314748gZS'),(2023020036,'陈建国',2,'23chenj36@swanstu.edu','$2a$10$/h30F7NOztMcPJr9NIbo.uMBTbVIguNYpAKOe9h3svlykb.pLNzli'),(2023020037,'郭慧',2,'23guoh37@swanstu.edu','$2a$10$j4EO/yhB832uQW10xiI.uuugbVfMKPM8pOZfxbG14.v5zcB.SF3lS'),(2023020038,'王莹',2,'23wangy38@swanstu.edu','$2a$10$iyoT5HlxoWb7VCDDterRDugdiOtmUBSsceplGJckIF6Wtj2lwCqg6'),(2023020039,'陈峰',2,'23chenf39@swanstu.edu','$2a$10$rHksb6lMZOifzRpIVPUE7etm8j6slZAzQhkDGOgPnic9v1pdq58x2'),(2023020040,'田冬梅',2,'23tiand40@swanstu.edu','$2a$10$2uu5zaYuz9MBsoZcx14UCOiy9TfYYMX1aF8Djp5Ck2E9DY.MgywGq'),(2023020041,'黄欢',2,'23huangh41@swanstu.edu','$2a$10$xLcq38OFN6yUM6v35xL8KuJNHVhlkRcjdVTfEzyoUCQ/w7VHnYPJm'),(2023020042,'李冬梅',2,'23lid42@swanstu.edu','$2a$10$y8lDcBpJ/seiz5VYIj5WmubY7ae2BRWsRQ2kHT/dnmNbVTizKkhXq'),(2023020043,'施秀英',2,'23shix43@swanstu.edu','$2a$10$HzIo5TMN9kByexJusub05.kLQFRpYkDcv63CM1VXlTczeBw/O17ia'),(2023020044,'黄强',2,'23huangq44@swanstu.edu','$2a$10$ieG8e/mzK2Gp.HkNLHzsPOyFyMOUeDAkPpOxGaa5Ndrw2tfwFbKiq'),(2023020045,'胡佳',2,'23huj45@swanstu.edu','$2a$10$p5Cnmsv8lqzx32slmXZGN.vQrKCxXYAIcg0NRzAbl38Lzo4LqUjJ2'),(2023020046,'梁强',2,'23liangq46@swanstu.edu','$2a$10$dgyaRFjm9W7IUvoMFDeaAOUO3dwnT1778wc7wtk6.5Faz2yUDc2Yi'),(2023020047,'杨瑜',2,'23yangy47@swanstu.edu','$2a$10$DV1jom5mk/e3u3nunSDTwOU2NgASGK6jlGnN6z2xKQ0ot1D//IICq'),(2023020048,'葛倩',2,'23geq48@swanstu.edu','$2a$10$0ml0DCkUiXxgTc6oF.UhnOF32qZFKv.iNrb/.9wai/6ZSACe4NfZ2'),(2023020049,'邬浩',2,'23wuh49@swanstu.edu','$2a$10$GUVCje7/l2mYrLz3LJ22eezm6usVBp.oCwTsol8QdrdoJVw8TJuJu'),(2023020050,'李金凤',2,'23lij50@swanstu.edu','$2a$10$R98z8iNV1IxkY87np0Iy7enLGRs2bZfXmg.ofa70WVC/K7Xuekt.m'),(2023020051,'卢桂花',2,'23lug51@swanstu.edu','$2a$10$vyArb8HUjp8q9VkpQcmLg.fWT8.dJGXZPUiBbh2XQ6/4uThoudjVW'),(2023020052,'戴凯',2,'23daik52@swanstu.edu','$2a$10$O4rj8gY3Q8DiP25.9XHUAOS4RUyE0yCwLVWUqXHWgA1d6vBXFBLS.'),(2023020053,'任玉',2,'23reny53@swanstu.edu','$2a$10$L/8FD6AtD0Kn7A0j3QZL0ey8I2Im8laxDRX64EnvxCLmf5qDwbB1C'),(2023020054,'李勇',2,'23liy54@swanstu.edu','$2a$10$aTPGQlzwkzKaiYncD6yQ.uddAz0tNZY.FWTKmNtvR9ee33CYIF8LC'),(2023020055,'徐雪梅',2,'23xux55@swanstu.edu','$2a$10$G2VEmLuahCoP/aH29p0m3ej8qHpipLmX8hQMhyK5R4YEKtREPY3BG'),(2023020701,'张思',2,'s2023001@qq.com','$2a$10$zjjKkKm.S/ueP.N1A0AopOodBVUBDrFvnBrNNRXRzKfB.STHSRFtK'),(2023020702,'大飞',2,'s2023002@163.com','$2a$10$m4ubWPTMpYle9yhbbj2rO..mZGiF.UcfXcr4ATH4QIGJFVIPO.9k6'),(2023020703,'程璐',2,'theshy@mail.com','$2a$10$m4ubWPTMpYle9yhbbj2rO..mZGiF.UcfXcr4ATH4QIGJFVIPO.9k6'),(2023020704,'马头',2,'xuans@matou.com','$2a$10$icep33EP.lulozoPGjvkEOa6VBIF2rgypvoDY2RKwbaV7qJQiUw/O'),(2023020737,'阿松大1',2,'lisi1@example.com','$2a$10$yCeT9c68fkWk3GySM36nxu2noyPZv22x6QjiSWKmPTT5xZeyNznZ2'),(2023020738,'阿松大2',2,'lisi2@example.com','$2a$10$ChjKlu.Wqk6jju0U0o9JSuGt/SkTVmaZz8FHkbREi0785I7/HBvvC'),(2023020739,'阿松大3',2,'lisi3@example.com','$2a$10$mB5Cwm2qtNpylufeiIFFreuKLb56aD2ZeGmwDZLTZHOcwBEHwCxLC'),(2023027039,'阿松大0',2,'lisi0@example.com','$2a$10$TEbIDubv.CAHO3noJBNUMO8sN1E8hUTMz387Au0zCsBIniDKAyNSy'),(2023030001,'涂桂兰',3,'23tug1@swanstu.edu','$2a$10$mdLjOfqikBC4kk6I0bNHReJGzVgaxp5hThtNXLbtquZm6HCNH0KDC'),(2023030002,'杨艳',3,'23yangy2@swanstu.edu','$2a$10$swIHeNBO55TqjnWEwg7ZoO.ebr9dVotBP2okCWF7l44dp0mgql16a'),(2023030003,'冯凤英',3,'23fengf3@swanstu.edu','$2a$10$MZ91ObMNgDP4bRbktpjZK.oDhry6z3jMu/i6VgRkE6vpkLE/77q6i'),(2023030004,'尹冬梅',3,'23yind4@swanstu.edu','$2a$10$hmVZFrtlbRyLovwQuH2pv.mbOuzKf7bPsDCPy/EnLG5vIZcQFczBS'),(2023030005,'黄静',3,'23huangj5@swanstu.edu','$2a$10$wgVHVoHY7c26NbirGw1PNubSJvpsX8gqmo3cxAkdU9eJF/65v61mG'),(2023030006,'涂旭',3,'23tux6@swanstu.edu','$2a$10$rtLYkMVixnz14rHpcSP2YORIM8dLTewiXdukZ87EX.oqOmK3HKgta'),(2023030007,'翟成',3,'23dic7@swanstu.edu','$2a$10$8z36vjPG0w0klnE.gzNS4.sO0HeA8w/smIwto.45O1HrBcdmjECKm'),(2023030008,'李健',3,'23lij8@swanstu.edu','$2a$10$25ND3RnqS7Z4U0YhsDKtn.FzmyaxMwV5U5zZA.9tI2oquOs2ub23y'),(2023030009,'姜芳',3,'23jiangf9@swanstu.edu','$2a$10$ZucazPMwzTjTw5BZwHMpneZ/40wASXfFEvV5oNMy29Z06FKkDytou'),(2023030010,'鲁想',3,'23lux10@swanstu.edu','$2a$10$LMPb5d0QJyrIfZrcH22oN./w/Xdkb53MJ.hD6qKLGOvtPMt/OVswy'),(2023030011,'徐勇',3,'23xuy11@swanstu.edu','$2a$10$gxJ7tDXl46IfM1VVUaHzVOwNHzSiY5SQflMo.91gpZPE1gSTH8oVu'),(2023030012,'王秀兰',3,'23wangx12@swanstu.edu','$2a$10$HOzo/FDlHzfOec9xcbduJeimhEsXsmmOpQBqMSFDnbTPDmSqEPF9a'),(2023030013,'高莉',3,'23gaol13@swanstu.edu','$2a$10$r07UmQMHpgOakxiI8eHmEetaLk0AKEoz5aMy4siPpblrz6vfDaf1O'),(2023030014,'张慧',3,'23zhangh14@swanstu.edu','$2a$10$XZ9J/1W60IGUF4TbPeBGQO7QCZEo6mwlps2ufH/ayPYuJg40OPe7K'),(2023030015,'陈颖',3,'23cheny15@swanstu.edu','$2a$10$yHK5hu3VQ910go2v/YX5xu5gCq4OYzpvJ0N2KDrsli/1KN4MPtEi6'),(2023030016,'钟成',3,'23zhongc16@swanstu.edu','$2a$10$W/KdcwSKCV78SSxVYOLLP.retMqlGgSvTP2dvyFK4hFcUPM2BCwKO'),(2023030017,'卫淑华',3,'23weis17@swanstu.edu','$2a$10$DnEpsw5UUw/GT5gek6tos.Qn1UtRSrO2.0A8IcSOH6nmAjCHpxf2e'),(2023030018,'陈玉英',3,'23cheny18@swanstu.edu','$2a$10$72E./1cLoiSNsmyD.Zaj0.dl9XcXVdFI8RYpwgwj.Xnsv/dLmSJw2'),(2023030019,'郑波',3,'23zhengb19@swanstu.edu','$2a$10$IRHcZxoIvtZI4N7yVnPcSOZbmvDX1RHx0GYzO1tcRubjl1V4k3JKy'),(2023030020,'王秀荣',3,'23wangx20@swanstu.edu','$2a$10$zMmY1wXaeUmTJyGEIofe4.oyUO831e.WO3oZluMgBAUDuStDssmie'),(2023030021,'王杨',3,'23wangy21@swanstu.edu','$2a$10$JQP/pI/SiHl0g7b4T9aOYuvbzt/Ih2MdMVfX9zBppEcna2p/UoGvu'),(2023030022,'高兰英',3,'23gaol22@swanstu.edu','$2a$10$L1clUAhoHYsdZKTCgTJua.Pl46h/FGlyTiOyVrDofapUQOaBvAyeS'),(2023030023,'李红梅',3,'23lih23@swanstu.edu','$2a$10$M3IYGyo.ZglplxKSDOPNsOXWqtdR7XoAbf/ovFPQgZuaevJR8be.i'),(2023030024,'张东',3,'23zhangd24@swanstu.edu','$2a$10$Rwa7bYBw8YC.aefyP09oZuRCz6GvLaCKYHEIuDF9Vvoh0TNthGUxe'),(2023030025,'王金凤',3,'23wangj25@swanstu.edu','$2a$10$B8iRB1CH2gph.q62RQ80U.8jvG.swXYjISpfFtiizEu5hrIwsuMru'),(2023030026,'刘红梅',3,'23liuh26@swanstu.edu','$2a$10$F7hczsc.miiQcoiGfMd3Pere5M0lVqxGxcMFd/1HYibX0UxPGlFm2'),(2023030027,'谢红梅',3,'23xieh27@swanstu.edu','$2a$10$0YmdSPcoylY4rsr/tdtD9e5YQeR2oez4MpJwmMViLqf5aHz5sddwm'),(2023030028,'姚晶',3,'23yaoj28@swanstu.edu','$2a$10$xWOj7SdJ1irupN88MOgm0eqLGIPAv6Z5khbDDlQhS2EPVwTCd9sE.'),(2023030029,'林丹',3,'23lind29@swanstu.edu','$2a$10$wLLI.8qVKg3aenJYKziMf.DHpu9G7o8T9Gmotsu5jfUtnezvumrfG'),(2023030030,'侯阳',3,'23houy30@swanstu.edu','$2a$10$hpe/ULLTPy1W5wo1ldTPVOsIn8wyh6Cdfu8ArUp61n0PGKeq4Ds4K'),(2023030031,'戴峰',3,'23daif31@swanstu.edu','$2a$10$b/Q6tH8kHD.wIBc9dmQfxuwsHj7x5yqS95/y.T/X7DCA7VMrjTJYi'),(2023030032,'李丽丽',3,'23lil32@swanstu.edu','$2a$10$4S863oAG/wEYy5dT50iLL.Oki5uTRFyCspn3Eaf/ICgZkNUBi2Gma'),(2023030033,'党博',3,'23dangb33@swanstu.edu','$2a$10$E6/9.LiujOmmQ.Gc8Jb0TOAOmy0e2y5lnQjLwzJpAJl9Trec6i94K'),(2023030034,'杨建国',3,'23yangj34@swanstu.edu','$2a$10$AN6icYi6IEzDQ44lktJZGeAkKPMwt8tM/5GmGQi7u6vGbX9RfTnH2'),(2023030035,'薛勇',3,'23xuey35@swanstu.edu','$2a$10$FhXvEpt1uAQGiSFQxqvqse9CUPo1f1sK8NDkjBZeDC8jYPn25vbzi'),(2023030036,'陈红梅',3,'23chenh36@swanstu.edu','$2a$10$6sOj5zpOWNQhSKe0thgmZOzSnC1j7hg2WsD3shZ28RSVFDD5ogsUi'),(2023030037,'黄玉英',3,'23huangy37@swanstu.edu','$2a$10$dJnlMqWiK8GIuOjsGk90XuyUg4F.RyBrryTsOBafyghPwQEnK3M8e'),(2023030038,'胡淑珍',3,'23hus38@swanstu.edu','$2a$10$Y0Qw/OrDSEfVtFe4Z/DYYe6enM5UQvYsWDvUucu8INAm2nh5hwFFO'),(2023030039,'王志强',3,'23wangz39@swanstu.edu','$2a$10$foYZwWCJHeZRj00hlgwk9e7c.vFfsEfzLM.KbJiiS2yP/tBHq.w1W'),(2023030040,'胡晶',3,'23huj40@swanstu.edu','$2a$10$bDVfa0kAOjmH6qm4U17r7eFkC9yPYtPl4X9HAkUzuWonoT27bPkli'),(2023030041,'夏桂珍',3,'23xiag41@swanstu.edu','$2a$10$h47n63zfwm.6f7mbdei0/ehVZ4V5U2/AGvXLTA.lK2sdR3lQlyltS'),(2023030042,'邓红霞',3,'23dengh42@swanstu.edu','$2a$10$LFFxUCM7ZuXwORFldcG6U.juMPhmGNGxpNirVGGu2fBAR3ciEzW5a'),(2023030043,'赵冬梅',3,'23zhaod43@swanstu.edu','$2a$10$n97f/h/j8WqQwr2.NM4qm.UWod5bJ7Gqu92y1kpgWbWLZgrcoO92K'),(2023030044,'张荣',3,'23zhangr44@swanstu.edu','$2a$10$JeeCD52y.LWS1AyyyXngu.nifm5ppvIYNNrD4CRQIsKWlUxNrvRV2'),(2023030045,'李红霞',3,'23lih45@swanstu.edu','$2a$10$g6H.q7/P4FM4AvPsXOkDsup7HTjJJfmJNRpxMeN.ZI8HdM.S0fSaC'),(2023030046,'曹成',3,'23caoc46@swanstu.edu','$2a$10$XvOBvY1RFeKV5JSeUkOQOetg70ihyp/CWqDC2B8B62QCVMl3GKhhi'),(2023030047,'刘静',3,'23liuj47@swanstu.edu','$2a$10$ba.tDRPtHarxVZ.lrMOOHe2E3wz8H55eBgryC9J/rtQDo083zFOWO'),(2023030048,'阮洋',3,'23ruany48@swanstu.edu','$2a$10$1dIosOb46qroF2/WSOiOA.ASdsSHGJHv4322Suzx0iMaLEdowWoBi'),(2023030049,'张欢',3,'23zhangh49@swanstu.edu','$2a$10$kH6J.DdUJxWqrcGSbZGa3OwlnueBvZnT67T/QXk6xk2iOugrtc122'),(2023030050,'林莹',3,'23liny50@swanstu.edu','$2a$10$wI16VqxRXD6vaw05hZYT.eiqHuIQlRVQk5qM.nZHzFUfueEXm8PHq'),(2023030051,'许杰',3,'23xuj51@swanstu.edu','$2a$10$MEPWEo4e603.tF73rTsFVeHwtRcvXJ4XrCKBVZseuNLSQZCI0xF0y'),(2023030052,'陈桂香',3,'23cheng52@swanstu.edu','$2a$10$2jzrbl.XlI6rYmzOnSZ1pOZjzUo7a3GG2f7S9FfFeJUXN9lZD.2aS'),(2023030053,'马淑英',3,'23mas53@swanstu.edu','$2a$10$3S2Ociv8LitYPzmQ6d17Q.TH4sLyjFrTnywj13dWB1607DCzJhGQC'),(2023030054,'姚建华',3,'23yaoj54@swanstu.edu','$2a$10$H8AQHF88gW2.CqVDccZ..e3M1rmR./DCyW2ArvWh.Q.dJuu2.J/EG'),(2023030055,'顾雪梅',3,'23gux55@swanstu.edu','$2a$10$Ed9OrCvVwXyVW3u8P5iB1.xXxFVdm2lbVb/hAhrzzo0II6y7wqn0C'),(2023040001,'康玉梅',4,'23kangy1@swanstu.edu','$2a$10$IEvRMxf23FxLyT/.vzvaKOVGcJ2fXIjguoNkz5mcsfHllG76UZMs2'),(2023040002,'陈佳',4,'23chenj2@swanstu.edu','$2a$10$7hEpBzYv/Ninl6vBdoRjiOAD1h1iYYtcDPlKdY7GhVnF8mWcpiDLe'),(2023040003,'赵瑞',4,'23zhaor3@swanstu.edu','$2a$10$UlRhTb5r4VYf6f8ahGK80O71zx9KwcwKaWpKZfhODpG/zz5HR6p6y'),(2023040004,'李杰',4,'23lij4@swanstu.edu','$2a$10$kMIYjIKIvKN7KEYtCBahFucT2xripbBH11In.7btYYOEKIDuutpEW'),(2023040005,'葛秀芳',4,'23gex5@swanstu.edu','$2a$10$gzLD57QzUUohTI.TVmlEw.RyIjRZ/psKPWJeofMT/K9eqmkxUiRC2'),(2023040006,'桂慧',4,'23guih6@swanstu.edu','$2a$10$omXiM9GLegx8.IPEjDTKTOa1PcBwhRQoMN08hm6WETiinxdpQ2o32'),(2023040007,'符华',4,'23fuh7@swanstu.edu','$2a$10$O7ZF2Lmwdu1VljYzRiz/zOE1rHThYfaZKQnwmIGf9iiK4YGqH//s6'),(2023040008,'方小红',4,'23fangx8@swanstu.edu','$2a$10$8yuIapzDyw7j9ztmgoS4.ezTIcARdd/EPHGhfgrO7WtBH1Lhaoi7G'),(2023040009,'罗艳',4,'23luoy9@swanstu.edu','$2a$10$shsFtYF8uAkhTcmv4kQAF.Z1VYppi7sYlaxXaY8MBwgLcFPxGmAna'),(2023040010,'宋明',4,'23songm10@swanstu.edu','$2a$10$bmZ.XTn4TAIJc4s0deDi2ubpwOTfh3IBZfMlhmx.LAGQ4.o/v.wci'),(2023040011,'鲍建华',4,'23baoj11@swanstu.edu','$2a$10$hlgrvclwS1pkqFre1zjorepCBqroMpkXypRT1VEFOcO/3XBlFm.FG'),(2023040012,'杨想',4,'23yangx12@swanstu.edu','$2a$10$p3HZTyXGJm9FgnYqZNKDOeh3wib9r/G7J9OnVUfXu5ceHGkbhw5x.'),(2023040013,'林英',4,'23liny13@swanstu.edu','$2a$10$xjJwssOqTQIotZ9kENfn3OEl70ruK8veRxwuD/ngWZaNiyJc5tKOS'),(2023040014,'林秀梅',4,'23linx14@swanstu.edu','$2a$10$MGEFkKX52HLMy7sVn3Dlu.5SO8bKIZXCTGXujZ7FDnAipmmP3xAmK'),(2023040015,'刘杨',4,'23liuy15@swanstu.edu','$2a$10$efbEe/b../.51XzLStYbwOI.n5n0Ygm0XuaGbiHJqbCABy/SkFQy6'),(2023040016,'唐秀珍',4,'23tangx16@swanstu.edu','$2a$10$Ndke1MxhUDbMN2If4xLaOuIhqkKVETWNg9FMnV0UKwx81dDGKbvW6'),(2023040017,'徐梅',4,'23xum17@swanstu.edu','$2a$10$cy9q6TakX4crJ1aw1Z5dYeJFS.BqAVCDD5inQKglzQF/vGkml8LPW'),(2023040018,'周芳',4,'23zhouf18@swanstu.edu','$2a$10$IxKexmy1WD3QenAOVUSU7e9tCQHadFTPwWz/1a05herDwtioahe3i'),(2023040019,'王颖',4,'23wangy19@swanstu.edu','$2a$10$DWXyujMNPwIBrt5tAtOPXODx1u4EKa542K9Q5umr1eg3f4WfUxc9K'),(2023040020,'蒋文',4,'23jiangw20@swanstu.edu','$2a$10$IyXkDOgatjWJAsxZF.g0gOoJcx4SgydfHdR2v2pg3XcLZZW9PcwyO'),(2023040021,'韩凯',4,'23hank21@swanstu.edu','$2a$10$xhCGuDQzVybhNl0gVGgc0u3aVK70JE0l7hvLvFhBgcnO70qjZR9Ri'),(2023040022,'陆文',4,'23luw22@swanstu.edu','$2a$10$3x.nzd7aZttKa.D.6PLdEu/RshQEPrKVjMFNbxR.g6pTVoBIfn9Ky'),(2023040023,'刘丹',4,'23liud23@swanstu.edu','$2a$10$W3crXpq3VrC/FmMPiIqFEupPCnqMaIPWEw8C2NV7LPuftp8kHfWiy'),(2023040024,'陈斌',4,'23chenb24@swanstu.edu','$2a$10$LFIZle5EGUWwbj4i9acyv.gPrvWsiwv3JyFIJHKNhRnMjNTnlaH8K'),(2023040025,'刘娜',4,'23liun25@swanstu.edu','$2a$10$wJ49eH5oCNtcGAyMijDMAOsMsD3fX/h58.CMFRiLKtGy3lHJkQ896'),(2023040026,'李英',4,'23liy26@swanstu.edu','$2a$10$WO92hQYaVpCLMEsUuw.j1ehWo3BnZs5.tlg22sgqA7moN2HnIwexi'),(2023040027,'程洋',4,'23chengy27@swanstu.edu','$2a$10$H3OXOqXRdd/nPoPzohxE2e1FQT7EMyezLReGNyruiHYbTD5gV7N8q'),(2023040028,'赵桂芳',4,'23zhaog28@swanstu.edu','$2a$10$502rIPonGwwNMGkb0Xyy4u/0J3PeCxI/tvte7mu9D1ydgPjQKm5R2'),(2023040029,'黄秀梅',4,'23huangx29@swanstu.edu','$2a$10$BNoqowxvzYJaPxbTP/d7hebU/4Y.SyPM1lvCejpQdFd/qeLhYq6we'),(2023040030,'金玉英',4,'23jiny30@swanstu.edu','$2a$10$OOF/b.HaoahmVLeiRJ7LmucnV59UUmZmDgd7nsrMZEjIctNZ7KcTm'),(2023040031,'周建华',4,'23zhouj31@swanstu.edu','$2a$10$VEXqhixc84B2nsGHF45Ui.gAyWREiFNioUfpfwe8ALPjE3Aohdy6O'),(2023040032,'冯琳',4,'23fengl32@swanstu.edu','$2a$10$EhVrOhflm1j/bsj9gTTcP.4o.LUnSh9xYNvN.hbcKyS/3p6kOLIZu'),(2023040033,'郑英',4,'23zhengy33@swanstu.edu','$2a$10$Z3AQRiHC7ghqVfAGTxgxVeriEhpjjg4fkuxLGCWJtISUctD2oe5EW'),(2023040034,'谢琴',4,'23xieq34@swanstu.edu','$2a$10$DmzjKPrbW02ii7hytdpFNuWS1MBpNnI5w7ai0k7IUzGR/kL.E7EU2'),(2023040035,'高桂花',4,'23gaog35@swanstu.edu','$2a$10$B0MdpX4Ylb3Ui.W34qBDX.UnmJRKA3YxXGPxRkNmIHs9cfjkVVhsm'),(2023040036,'陈淑兰',4,'23chens36@swanstu.edu','$2a$10$KpPqo8Aoa3g0spSMmcOZGORnCtESTePGICITEwGTfbT5Km0iQLmUa'),(2023040037,'耿利',4,'23gengl37@swanstu.edu','$2a$10$U8Is38VxLIi0dvYgGeHY5ea1hy1jy4DdubFqqy.UdMOOc99WE/AOS'),(2023040038,'翟莉',4,'23dil38@swanstu.edu','$2a$10$SUUGgci3EXBbRpPomR14L.hkhE74vy0OhaZ0PWWmMHkuug0OAIKmy'),(2023040039,'程刚',4,'23chengg39@swanstu.edu','$2a$10$OY.QiNjxD25sHQ9NIUCR4.Nkgea3MU6mdOxZFqczAnly3uHPLLTFC'),(2023040040,'梁春梅',4,'23liangc40@swanstu.edu','$2a$10$o5XHilUNcNl64fitOczpKujCCwwRqS.n1TWuqPyxvm5QdZu9d6cMq'),(2023040041,'贾秀珍',4,'23jiax41@swanstu.edu','$2a$10$z1gxxmJo52Yewy4jhsZdSOWJr1GFPBqlsHpikCHVXbJWJ3QKrKuzu'),(2023040042,'吴燕',4,'23wuy42@swanstu.edu','$2a$10$RcBQNJqaTyvxxd1zkZu7iOHzJFaAWwax9hMDRcgg5dHITg.1IhbC2'),(2023040043,'孙凤兰',4,'23sunf43@swanstu.edu','$2a$10$IX2DNW9yxXb5ytHt4bLgm.2LHnPglViVduUT3.jKB4qroE5iTJGaO'),(2023040044,'胡玉兰',4,'23huy44@swanstu.edu','$2a$10$hfh5DPqYqsGjJodCGIELmOI.Hd6G0MEx45O0UH7T/hJkH/JQWuLki'),(2023040045,'孙洋',4,'23suny45@swanstu.edu','$2a$10$q/vrHCBwWjgOTmcA2bHKSej6H/YPCtGZderAV/FsgVVkLT0l6piu.'),(2023040046,'谭秀兰',4,'23tanx46@swanstu.edu','$2a$10$d1qbjuS8fx34z3OtslsZLuFd30ztybFlVIzorfaIVXrg6SbEtirVS'),(2023040047,'彭玲',4,'23pengl47@swanstu.edu','$2a$10$cWWPkgw/qK/y3qvG.iyd7eiyPovm8w0x6Hy4ZUS/z8lG5XSsEHNx2'),(2023040048,'庞林',4,'23pangl48@swanstu.edu','$2a$10$4dGfickpfVfxmCeZAmx/EOvtWqmu2Ka68yN.M0JIz6U8/B541COmG'),(2023040049,'张英',4,'23zhangy49@swanstu.edu','$2a$10$QAvmoGjBmDygiJD0rzhfFeMVGZ1drNTD1LjFBVjle.K2u0cDoJWoW'),(2023040050,'黄芳',4,'23huangf50@swanstu.edu','$2a$10$h69xp3PjkdiHcShM/rbUn.vLI0Fefv2/9SmqSypyeOcoEGgxXwAZ.'),(2023040051,'刘桂兰',4,'23liug51@swanstu.edu','$2a$10$DT5gDQbPK4uGLKsR5AXOa.eJ6nyI5kdu.l7yYursuhGsDaRkRQf7e'),(2023040052,'张婷婷',4,'23zhangt52@swanstu.edu','$2a$10$1aKh8xdocjYAhY.CWMMSQO.GSFk7aCprnpzcwnf2EogzDNKR3iiBG'),(2023040053,'周凤英',4,'23zhouf53@swanstu.edu','$2a$10$OL3Y480fw7GuiWRSlN1Z/.AxWBrcHcwZRPUHrf.Za0PAkHZgY/oyG'),(2023040054,'李鑫',4,'23lix54@swanstu.edu','$2a$10$0ujirT1oTwHzmVxqlJfI1eAS/ir.LQpZRWwiTUsXNoklDSPkyPM0K'),(2023040055,'唐伟',4,'23tangw55@swanstu.edu','$2a$10$ipZtHhuWhO.iHowMrmBUSO21DURKgY6QWImIwVEna12xewsmJPn.K'),(2023050001,'许晨',5,'23xuc1@swanstu.edu','$2a$10$DOi.cs3PWPXHIG360rR9MOui6PM32Ebnhm23shTgOmSVVqPd5V9Pi'),(2023050002,'方淑兰',5,'23fangs2@swanstu.edu','$2a$10$qvB0uvuKlTDUHt.nInCKi.bWueywHIT5B2IDjDDZ7V1NEhUMAsy5C'),(2023050003,'赵红',5,'23zhaoh3@swanstu.edu','$2a$10$.iLNNq/4bAxsxmceFCauaOKF7O8pmTV.nqVHcepy1RCVXoMC4savS'),(2023050004,'颜岩',5,'23yany4@swanstu.edu','$2a$10$PDRz/nelsbQpUAZ8VLI3x.ZDOX./e3Hi4CylkbFnmVw6zmr2IXpIC'),(2023050005,'龚军',5,'23gongj5@swanstu.edu','$2a$10$3IE1dqpGOUwN1wF79pVfLuJfPKMnIDeVBpqluVHCp1hZW4Ibswl.W'),(2023050006,'何杰',5,'23hej6@swanstu.edu','$2a$10$MDXfkxEYS48ykNqnP5yjKexopbcXtQX2b3JIkAwGnvo7tnF5.z7Fi'),(2023050007,'何金凤',5,'23hej7_1@swanstu.edu','$2a$10$jjpxVWsaMRQbf8778me/h.k9K5t/JDzU/HnAmh3FmAShxl9zWgw5O'),(2023050008,'李洁',5,'23lij8_1@swanstu.edu','$2a$10$kzxj8TMO9E51OE04/EaX5uPqv9tWoYjcMuckoclW8cJTjx8mRbhfi'),(2023050009,'王博',5,'23wangb9@swanstu.edu','$2a$10$eSPDcduOpqdKFjXm/4B38.kcVQTeYr3yKsMoiqaSbGeqIG5v8eVey'),(2023050010,'郭辉',5,'23guoh10@swanstu.edu','$2a$10$YlgPqNIyY4/HwfNxXPEZvuoJTpMF51MD4kRK4NrHNUrcZUKbpFv2e'),(2023050011,'杨慧',5,'23yangh11@swanstu.edu','$2a$10$Df8KkfCgm8dLUaqKmo2pfeX/7VRUPD9hAJckcRK6nQf9wsg7Uz4cG'),(2023050012,'王平',5,'23wangp12@swanstu.edu','$2a$10$Vq37b8sbHqG9XtSFI5dwxeqAUaGoTeHCF2QqeWr4Dha1g3ttsSi2a'),(2023050013,'滕兰英',5,'23tengl13@swanstu.edu','$2a$10$qFFeoOcVa/NNyn/J5EBaE.kWI.M5SkOzQelZWLmlVShWAmPlTeRy2'),(2023050014,'谭帅',5,'23tans14@swanstu.edu','$2a$10$/bUvjdye4Zv/BFKMTAuygeQKAHRupE99AK5vr79NIVAlQnQz60pyy'),(2023050015,'崔凯',5,'23cuik15@swanstu.edu','$2a$10$NCD/1qOR/9nWh6pvs/8xS.HK6ko0q4p7MuWdRF3vxfY6j1tZJ859S'),(2023050016,'陆玉兰',5,'23luy16@swanstu.edu','$2a$10$hH6QBlDDEbdpj9wn5i3J8uAw3xqRzsWicLfqjKC5Sv33FP3Y4qoDS'),(2023050017,'邱芳',5,'23qiuf17@swanstu.edu','$2a$10$0iyhmNNOFotHi3vZoZd8vu5HzH4isFeb52fGwl1NZF1oirRDrxgq2'),(2023050018,'奉玉',5,'23fengy18@swanstu.edu','$2a$10$1vvxujLPV2hsJkbbmSy3wuTrYMTg7s1abhCkYqXGMexxu8TTnzlGa'),(2023050019,'张晶',5,'23zhangj19@swanstu.edu','$2a$10$MfRfJ0veTiOenCJpm8X.WOtY2CGTEyhiDToyxucCKf/yoLzXKKg9i'),(2023050020,'黄健',5,'23huangj20@swanstu.edu','$2a$10$GLQfZMER2JI8ZOew0dLiiuNL6BNBktf5FDDXz6Nz1QpOZ6z/c0oJi'),(2023050021,'侯英',5,'23houy21@swanstu.edu','$2a$10$vE6XbnW9/sV41oBAK2UjqOLNaqkpk..cwOyrmdJN517Gg0LrrKrsC'),(2023050022,'洪倩',5,'23hongq22@swanstu.edu','$2a$10$udSoQD2ErVy4ousJ2l9uZuquWhUFXQk3LJf.vWF5OHt9mZWsX2R1K'),(2023050023,'李秀华',5,'23lix23@swanstu.edu','$2a$10$VvJcMLxKpnxDwQPslG6GmeNhAIUwuJi894q8U72eLaXgEzkT63qMe'),(2023050024,'戴桂芝',5,'23daig24@swanstu.edu','$2a$10$ZvizVoHFoQjJwl9da3xf.et1IpoYwuQ1CKEB8CbY7zPmeMR//mrz6'),(2023050025,'徐玉英',5,'23xuy25@swanstu.edu','$2a$10$VLCqNX00wg2z.jjhooZ80ucEw9oNiD6yn6LZIWVKtcGKovckOqgg6'),(2023050026,'吕秀兰',5,'23lvx26@swanstu.edu','$2a$10$2me3Ry5NVS90ldSpF3yT9u1rCNjoaozKemy/0VxZJP0zS.RVpt87S'),(2023050027,'黄艳',5,'23huangy27@swanstu.edu','$2a$10$Q/0DX2jH1K4HaETirAqI4eN/1PzV9lNA58AW4Va5aSi0cxlHuskUm'),(2023050028,'朱艳',5,'23zhuy28@swanstu.edu','$2a$10$qtHGvkRQrfeYAS0xmjy5g.2JnVIuyNMzMw/G8XUOoQ7Mo5CiAjowu'),(2023050029,'叶建华',5,'23yej29@swanstu.edu','$2a$10$BHSYIW.YzowZiLJJsrfGvOqS.dTqv0wacDR6GmixHPfVC7RWhBzwm'),(2023050030,'杜晶',5,'23duj30@swanstu.edu','$2a$10$ElkFu11btD.Qto7n3nGe8ultOe0lRrC8cPq4tU9aRuKUPYd9bz/LC'),(2023050031,'单玉珍',5,'23dany31@swanstu.edu','$2a$10$J5Rd2d9SdljnW9U/KUwU6e2ye6GFmY1dTJ1j8H28pgz3i4EsOwkka'),(2023050032,'陈萍',5,'23chenp32@swanstu.edu','$2a$10$ZLPORPw0LFxYO0bVjW/rjeIpXWKAHlarOpdtg.1OML0FdX4.hTnGW'),(2023050033,'张刚',5,'23zhangg33@swanstu.edu','$2a$10$iG5sovQsVs/cICg2J9T2Ju3.DAngpPEqGFCrwxEK4M5NbEjen2ICa'),(2023050034,'石静',5,'23shij34@swanstu.edu','$2a$10$RO.b3QGW9FDDBwGF7osSkOgsER2mGEB5tqXWYGxrOe/JGzYclGkVm'),(2023050035,'麻桂兰',5,'23mag35@swanstu.edu','$2a$10$gks/K9p6UDeAHyt3uWTdXu42gtoLctj35Ufd3SGTxZd1Rw0zvY2Tm'),(2023050036,'林敏',5,'23linm36@swanstu.edu','$2a$10$OQfkkEITMnpK2B4Wuks2tuPfVCWH0S2elNW8JmoH84/cXB/szi3Fm'),(2023050037,'马旭',5,'23max37@swanstu.edu','$2a$10$CO13hzNpYTceoFqvhywlg.ji/9z08UE5WlONesfinSCIDE3t35xnO'),(2023050038,'甘桂香',5,'23gang38@swanstu.edu','$2a$10$E/Yn7DRXcGRrozYedWu4Q.LAcKYYIzNX4ErexF2wbA6.qDfgvbaGC'),(2023050039,'毛桂芳',5,'23maog39@swanstu.edu','$2a$10$mkC9juKk5oz5eXDK5Gyc0ODGOgOEGZcysqzt/e9m5I14nhiu5rBei'),(2023050040,'晁岩',5,'23chaoy40@swanstu.edu','$2a$10$uPTLyWGqMs9NTOeISnTxeegHb2IdoTYqt/UxEFH9mtW3HN0HK9nwG'),(2023050041,'田颖',5,'23tiany41@swanstu.edu','$2a$10$GwP25g0pVX9mV/SBkAEfGucNSZsImNlrFtyuRwCggh43VvUCsxF1a'),(2023050042,'何燕',5,'23hey42@swanstu.edu','$2a$10$OfeE0vNGvO2Iq5BzgHqCtes0rjh8iYwqKYro0vEG0z.xEquZbZlJq'),(2023050043,'张丹丹',5,'23zhangd43@swanstu.edu','$2a$10$seCvYSlTys3FpkRkJvR6w.oIONmh9ol0mxL4kl2jhAA6xFM94NPna'),(2023050044,'薛想',5,'23xuex44@swanstu.edu','$2a$10$whuGZg2oraNjn1Pz7UOL6O/2WAkblfB81lMxuMq8bAms5HIH.WWWe'),(2023050045,'朱建国',5,'23zhuj45@swanstu.edu','$2a$10$6bUIe2fhuUBnic.gjipTkuvpBmhCfrmZtztkh1nUPYqcBkcPD9cL.'),(2023050046,'方晨',5,'23fangc46@swanstu.edu','$2a$10$ck38I9KVdeo2fYsmVyO.nuzRymyXW9QqFQ2JntWr3PgT0gEQKR42u'),(2023050047,'覃浩',5,'23tanh47@swanstu.edu','$2a$10$DhCjAplL2IWiviOr7CrKuemi/s8rbgDO/86IM7aMOtaU9OZBBezYq'),(2023050048,'倪玉',5,'23niy48@swanstu.edu','$2a$10$jwWtyMnj/wt3ZAmTmmxL3eHRvcD62Vx.Ff3w30.YFL0w7aAlE4NsK'),(2023050049,'张琴',5,'23zhangq49@swanstu.edu','$2a$10$sOnkV/sdF1Y24YpSC/Qlw.ZYaVB1bj9wgY9LndinYiPjhL0dx8pai'),(2023050050,'李旭',5,'23lix50@swanstu.edu','$2a$10$Fzp0CbXWp/d26nrmXxnKkuson8nmOd5SnIEyN5AbDjBrRhWcntjOm'),(2023050051,'吕龙',5,'23lvl51@swanstu.edu','$2a$10$Sts4DC0gliSHb5JGBuElIuAw6LWYrR02b1RuDOrXJweRtuth3NSjC'),(2023050052,'彭玉英',5,'23pengy52@swanstu.edu','$2a$10$nB/MCYq4Q3.y6DsEZly6y.iBY9TBLU7IHsu5hRLIAT31MW.ACbl8m'),(2023050053,'胡慧',5,'23huh53@swanstu.edu','$2a$10$V62xoOB8..PQsFi1HyTFYuedgQkKSpjA1bcbVbouvl0U97rQ7Hj3K'),(2023050054,'郑亮',5,'23zhengl54@swanstu.edu','$2a$10$VYuobv1LOs5bIerZWKOmmOXQ4cv44PJD1DXVW52Fmng3TvmTcO4na'),(2023050055,'刘晶',5,'23liuj55@swanstu.edu','$2a$10$TELNJCv6NtfTDRtUfYbXkuiAa4s0gKdk4PqntLXMZwnotnQvtG.Km'),(2023060001,'史杰',6,'23shij1@swanstu.edu','$2a$10$2.rH3.vLWIeylU8sCVp.ueQpElADF0eBxhTNaSpYmph2rO1qVlGNG'),(2023060002,'吕志强',6,'23lvz2@swanstu.edu','$2a$10$K0uJIadvkBG7hbd6S0/LQe65HCLucuippgJcLyxPUqfGvV7c.64x6'),(2023060003,'杨波',6,'23yangb3@swanstu.edu','$2a$10$62q93fkWmUwANpe0UpD5qecWwXVj0.e2PsX1GtR0BBhR2DH4OQnZ6'),(2023060004,'王建平',6,'23wangj4@swanstu.edu','$2a$10$pgpBWLUYLHmo.RbiuRere.9msn3NhKp1v9JNcHdSZNZyZ6RjHEbj2'),(2023060005,'刘伟',6,'23liuw5@swanstu.edu','$2a$10$4YQYz9tNISG5Zhb/f9SkZ.O4nCj7F7f5mZ8JUiOCcxRSIu65IXXJG'),(2023060006,'高英',6,'23gaoy6@swanstu.edu','$2a$10$k33AGaXTmpf8HIBR1klKjezmATcoemGybbFMeTEZNT3VHYX2JbE6y'),(2023060007,'梁建军',6,'23liangj7@swanstu.edu','$2a$10$0I7eaaQQZrfkpXh8VVgABOt6uuCNw97yMdL09dYdR7.o2s3yoWJ0a'),(2023060008,'颜敏',6,'23yanm8@swanstu.edu','$2a$10$Q5HBQzM0v388f3Xnah1sSuOIOvHMF.tetFVsTAfTpkqSDjgJ6Wfay'),(2023060009,'常磊',6,'23changl9@swanstu.edu','$2a$10$WjHChWMwsMsLt50S4b0i2e9fmFaT.ps5GuaU3Lq3L3O48fTjExU26'),(2023060010,'胡秀英',6,'23hux10@swanstu.edu','$2a$10$kwsbKRio7cNjhfHXxBVm3uZvyYgyJL/xvGfsV6bE6dHl23yP21OoC'),(2023060011,'郭瑜',6,'23guoy11@swanstu.edu','$2a$10$MKJ0TOhVgz5l0s6yBP2y6OJVhbDZqaGOsCevzI0ckiMJMh2xMw8Fm'),(2023060012,'张淑英',6,'23zhangs12@swanstu.edu','$2a$10$yr0lF7IWvcCWhNej5aH7TOJX/0GB1iwKOZ2MHVHRzIBIP88ctpQWG'),(2023060013,'敖健',6,'23aoj13@swanstu.edu','$2a$10$Fo1MpcAr1ivxufEH.AkOXe1UDirltjv.6P34bzsVP/qKtoG8KoofC'),(2023060014,'高桂香',6,'23gaog14@swanstu.edu','$2a$10$1huDWUyFfpF.9UXCD02xvOzaTfTYDbfUDlUKU9dBYchkLyj7LMV2m'),(2023060015,'谌凯',6,'23chenk15@swanstu.edu','$2a$10$rrZjZVfveBem3Smo1bpv8enAXgDGtLRd3nAWf5keav6lbPbk1xI.6'),(2023060016,'蒋楠',6,'23jiangn16@swanstu.edu','$2a$10$W8cQQHRm/Sp5c09iTyUdC.IlUDN4qI4uDYdeZrMxqusU67mg5hWa2'),(2023060017,'叶红霞',6,'23yeh17@swanstu.edu','$2a$10$ZrlMicK8vpZu3Jg0l/xlzu8mBf1aIwBM9DPdqMR3xRQcgaXYVOSkK'),(2023060018,'杨凯',6,'23yangk18@swanstu.edu','$2a$10$KkJ1vHtmsKcvqSvRRk5J.eZbsRguCGtpU9BJHR3P79T.CjJO6nzXi'),(2023060019,'舒鑫',6,'23shux19@swanstu.edu','$2a$10$4ByUsdj3gLYyUUPXV69S9OXMUXus5Ix.AuFK07i.Xut1WzREa0enu'),(2023060020,'张柳',6,'23zhangl20@swanstu.edu','$2a$10$5/10RMI4nKXEp3XFs5q0yOrXIhERF/6ClIgdBbWdjQ51vdXL4mV5a'),(2023060021,'孟小红',6,'23mengx21@swanstu.edu','$2a$10$6fA770fOb8qaiyHtSX0a9.9tzTy5NNxxA9i4vPMnJ6/PLGbZ20cg.'),(2023060022,'梁玉',6,'23liangy22@swanstu.edu','$2a$10$fdQrvP3HkwcE5OByex83zOQFjx4AizFq7T76GFBV5CObx0DJqfp9W'),(2023060023,'宋雪',6,'23songx23@swanstu.edu','$2a$10$6WT3hLLkuHIujTiuQ1TST.h7fkgjP6/nUbGJ5t6ozMjvoxJAAPuxC'),(2023060024,'龙华',6,'23longh24@swanstu.edu','$2a$10$eZOym1qjuPa6P7WAVDgM6eHUeX5OYqGg7AKShVkorBT4eNsAJBawu'),(2023060025,'孙建国',6,'23sunj25@swanstu.edu','$2a$10$54P8bOp.iJLRmQyiWwknU.Eg0Czu2c/ewn54NhiCL4BbL3MKGeZTe'),(2023060026,'黄鹏',6,'23huangp26@swanstu.edu','$2a$10$GlaJCljTP0B8eUH.K18qeuWHOoMMOEy/q9INqBp7B4RHX5W6.MgVy'),(2023060027,'张红霞',6,'23zhangh27@swanstu.edu','$2a$10$8AP0ckcTuZT8AoG7ZpZKAONBj8.CbO0F5TQ5VU6.fdjhxvMYlG1VC'),(2023060028,'李颖',6,'23liy28@swanstu.edu','$2a$10$vbrnDSTOkNtBfLK41Dh4kO3VHdCvvbxlhSVVDkmF7n6slKNv6eeDy'),(2023060029,'王彬',6,'23wangb29@swanstu.edu','$2a$10$yCImNM8Du6eiHyqy3c.kX.GzVoOVtdDhByGLWn5YD7HESmwuNMd6i'),(2023060030,'张秀梅',6,'23zhangx30@swanstu.edu','$2a$10$8s58FTSBRSrhIBLh5wY/POaK3gqxseYF184I1oppkaTpAv7W8Tn4y'),(2023060031,'常琳',6,'23changl31@swanstu.edu','$2a$10$U.e5skBLfFom4s4qkRXFpOpELn3dgUbn15PQv1176qlaxU9z/64Am'),(2023060032,'李峰',6,'23lif32@swanstu.edu','$2a$10$MFyYFAiY96GBB/IhOOZBFu3QMWyqrxXaYWK1OPAa/SxWHpu4ToYZ.'),(2023060033,'罗丽华',6,'23luol33@swanstu.edu','$2a$10$Er3ojumLAh5G69mb/H08a.cuYIId4uYWLezbbr.MjJmKg.Aj40ijO'),(2023060034,'聂红',6,'23nieh34@swanstu.edu','$2a$10$7i0P6..6NVUKakqxNu5aN.ZDOhtJzyxf007lZyRcDeNOu6f5CTWS.'),(2023060035,'方洁',6,'23fangj35@swanstu.edu','$2a$10$aidajYDAPhmyEFH1sLiEFulX5KjDp8N3.dV4TIeakCv/DqG8dCdly'),(2023060036,'阮龙',6,'23ruanl36@swanstu.edu','$2a$10$qWvkC83aEv9ZgOVlVTy1M.RRpUFAPMsFJtv0RfDtL1L8SFV5mobDC'),(2023060037,'黄雪梅',6,'23huangx37@swanstu.edu','$2a$10$A9ksXogIzT9Eo1tlvI3GhOcBW8WKHvjK8ohV8TA/2shfo/8GKJjXW'),(2023060038,'汪浩',6,'23wangh38@swanstu.edu','$2a$10$2m/msZB25q.XCwJHIEE.yeh9l0/Epsj/eddMvsCIQfFWf0uWe3.My'),(2023060039,'邓超',6,'23dengc39@swanstu.edu','$2a$10$ksSfswl0EeNau7qXkXcPf.x6f.fNIP3NOOYglE5M/sPxmoxA9jqJK'),(2023060040,'马东',6,'23mad40@swanstu.edu','$2a$10$w/UJycOS0qsN.HC0SjjWc.KWQAiLd7Dw8WdH7Kh7HDYZfxNV8W5H.'),(2023060041,'张桂荣',6,'23zhangg41@swanstu.edu','$2a$10$9ONtA6rENpBwdfh637Uo/uJO8SIM3VNe4oQ/jkRkpqxaEYWWqP2ea'),(2023060042,'蒋秀珍',6,'23jiangx42@swanstu.edu','$2a$10$n8jOKiW9u33vAB5pY1aideuWOF6L8VCUvUS7Ohasg9u0gtgeGwQO.'),(2023060043,'郭飞',6,'23guof43@swanstu.edu','$2a$10$Zte3J2xj37YQc279uFV7lesyDOVTZJDhXtsi8NWc2PyR3P/upBPPK'),(2023060044,'陈旭',6,'23chenx44@swanstu.edu','$2a$10$oe/TvpEL7j.XQYjhe5Y.yOJBRuXuQYR14kchQMTFoe3Wicpk3WG4y'),(2023060045,'王娜',6,'23wangn45@swanstu.edu','$2a$10$M99JONZDnvgEH0d6cwJaU.1kDbHkZLN00yolNlrEjzXxk/uK1n3j6'),(2023060046,'董倩',6,'23dongq46@swanstu.edu','$2a$10$ykLEngL0b7KCaYv.k8mZGe4ecO5Dj.vb6QYnHk0SU6QhKzXhTFgrq'),(2023060047,'何玉梅',6,'23hey47@swanstu.edu','$2a$10$9bVTV1N6TVbfyQpPIAWXDu4txrrGJOaZScha7nFx/jtLZXOGw2TXO'),(2023060048,'王鑫',6,'23wangx48@swanstu.edu','$2a$10$62S2bnXAmjxCkxeoW5Jhxu66K5RMzWp5OiMV8.OYP5JqRg3NQUdGq'),(2023060049,'陈丹丹',6,'23chend49@swanstu.edu','$2a$10$FykqKjWBzurMmPt1SN07g.oJpP6tIR9Jb/Ptds1lvyH7oU7QxqORi'),(2023060050,'许成',6,'23xuc50@swanstu.edu','$2a$10$G7kxvbfBAxvRrEVdPZZhdOsUPAEiweVrP2hmSfq2cwExyoF/ufHNe'),(2023060051,'马宁',6,'23man51@swanstu.edu','$2a$10$dMp9aBv8quav.SXRraB.wuNLco1NDtuuVnqqF4QH6b613leMl6agy'),(2023060052,'杨博',6,'23yangb52@swanstu.edu','$2a$10$9CgBWoFxoF0TSxGt27jcJuCdGvKjBIIiEbSoLbyv4mIjKKc451pbS'),(2023060053,'江凤兰',6,'23jiangf53@swanstu.edu','$2a$10$XXRuhCzDvX6ky9wIdJLREu2ez4SMk2BisQFNLk3ZH5IvsqZY0sp1m'),(2023060054,'赵波',6,'23zhaob54@swanstu.edu','$2a$10$wDtwsmHabTPLqj2OLC8NSe1POHLUFO6N8sCbO/y.PBoiw5gd7SCBa'),(2023060055,'李欢',6,'23lih55@swanstu.edu','$2a$10$A9ipBLCq3r9XH3n/tyto1O7wfOUl/aD3doRqe7Xg8IlwGpKDDastG'),(2023070001,'欧旭',7,'23oux1@swanstu.edu','$2a$10$t/VDoqJZ.g0PHaRDnGAmc.h8AP5lqBzCiPlaqOU2V6YhVL0gFgA6K'),(2023070002,'李娟',7,'23lij2@swanstu.edu','$2a$10$YzOZIDjiA1Z4L5JCXh3jrO3rZ3tI.Ip8urXncwPLxvWawqsTCzhkW'),(2023070003,'郑洁',7,'23zhengj3@swanstu.edu','$2a$10$npv56ribOKXiSKm0YNV2DOzLjADZpcda9bTGk8kdG/Pr6uwrUsKf.'),(2023070004,'石宇',7,'23shiy4@swanstu.edu','$2a$10$hylj25UiP9R.FhKNXfBKJ.JXhOexJr5F3naQyDfNsQy4BxSLp.VUW'),(2023070005,'李静',7,'23lij5@swanstu.edu','$2a$10$WZbaaquYMyom1b7Tc6LJz.KyhP3fDI4.sHJtVMlvPhWQ0OkKu94vC'),(2023070006,'王丽',7,'23wangl6@swanstu.edu','$2a$10$OR1yN/U3WWh8YDVssyeUCusyB.FmLuNAAYzn1tyPmDAtpaapAMCxe'),(2023070007,'耿海燕',7,'23gengh7@swanstu.edu','$2a$10$I.NetR6xJ1L/OJ5qMAa8TOUm2sGkH8b/MVVfkdIVQVIub/l8fgPfa'),(2023070008,'李帆',7,'23lif8@swanstu.edu','$2a$10$SUG6hD2dEmLzZF0cGVsYPuwyOsFxiNC6N9AwXiJzDuBWQSc.GxIDu'),(2023070009,'陈玉华',7,'23cheny9@swanstu.edu','$2a$10$uZnAUKh50oAA/BHLhJnzsukxOMTBa/S6ZmWvTawBAFOGnG8z2rLIm'),(2023070010,'金雷',7,'23jinl10@swanstu.edu','$2a$10$aWxLB.THl5D18QiO0VxfseV0ya1XpfZhuyM6EDw3Fc.c7n1K08o8W'),(2023070011,'王洋',7,'23wangy11@swanstu.edu','$2a$10$vCdQ26y83f9mMfcwBoL6vOlgFXs74gX5Le/SjCmnHn1ijRYUYz132'),(2023070012,'杨玉兰',7,'23yangy12@swanstu.edu','$2a$10$d/N6Nmop0qq3EWmzwQfbSOplfUP7TrvLA3q8qh4vmYY/XiFq2vm5K'),(2023070013,'谢倩',7,'23xieq13@swanstu.edu','$2a$10$ddLtZGbhZKubsnLIeiGUP.0NfvfUxvRsSPPOrYdjGN/Vf5dIUfNNy'),(2023070014,'秦梅',7,'23qinm14@swanstu.edu','$2a$10$lDbqeSX.BnYaafiOCMzp5uYzy8SnKnFPXikXUuh3BKXSItqk/ogV6'),(2023070015,'赵辉',7,'23zhaoh15@swanstu.edu','$2a$10$HF6kf0JBtZjBFTLhZLn4Wurtaz2fzSZQJ.Krh2z83O9FPHKD.Jooe'),(2023070016,'吴秀梅',7,'23wux16@swanstu.edu','$2a$10$1v6OQmwfIno6kbvxvPArauz52LqT82x.x64aykBj1fqCAwYyQZI66'),(2023070017,'展超',7,'23zhanc17@swanstu.edu','$2a$10$Bpn6IpebNTP03BcXp/9VReAVraVGbZEpv..cVuQbYb9YRGPqu0AKe'),(2023070018,'林健',7,'23linj18@swanstu.edu','$2a$10$AuCOcZ8MeCZPqrZ1uRptE.8CpQu84c5mbqX5U/mE8FlvXwLyzEepa'),(2023070019,'李强',7,'23liq19@swanstu.edu','$2a$10$aQwoQzX2TTzNEngiUiZMTuVwYglLBpL7Lc/UahoyhQ3HNJCDC8lEq'),(2023070020,'李春梅',7,'23lic20@swanstu.edu','$2a$10$j64glz6sfaZAHUsENjsUQ.ZgYsurt.P7QV1sxXXN.w0IuxJP6v0iG'),(2023070021,'陈欣',7,'23chenx21@swanstu.edu','$2a$10$qjGsPEKyO6sKuCiwMZxDi.tSFXSAV6SwtkKd8DFMZGmB0fxt1rQtC'),(2023070022,'江静',7,'23jiangj22@swanstu.edu','$2a$10$LYbwSSa/31BY2.OiIKNcYukpE.3liAUlqZUh1ux8A36Be3/K11U1u'),(2023070023,'魏丽娟',7,'23weil23@swanstu.edu','$2a$10$b2C2j6DkzJ0KuPdmLH62BOfoZizFtb72EzNepYVv.GtPkxt3nagQS'),(2023070024,'邢欢',7,'23xingh24@swanstu.edu','$2a$10$YiMlocnAPHPnQpx.efd6..FoFlrjJe8br28WJX3Hg7B6jiUjUTKLK'),(2023070025,'郑成',7,'23zhengc25@swanstu.edu','$2a$10$MEoQ1unQlG1E9OOCuMILIeT576z60SskrIMil9/nZNqzohiPkUYx2'),(2023070026,'杨畅',7,'23yangc26@swanstu.edu','$2a$10$6Jc36JHNZMMKAmEMyRLPJeyGphj57.bl2pwcVuC5oZL/UsthOAHwy'),(2023070027,'施俊',7,'23shij27@swanstu.edu','$2a$10$ipZ8tcLpX7zjxOLiJRfHnesim7HfF9OZ343LIcIY2m9dWk7nwm1RG'),(2023070028,'周秀梅',7,'23zhoux28@swanstu.edu','$2a$10$yH.RO31uTuMgbRYwTBuYRuc9zQ816aN9iNhYxyWhrpOABOFDv1nQa'),(2023070029,'耿洋',7,'23gengy29@swanstu.edu','$2a$10$5ZXt99aA/2Q0pQs9GM/qFuF7.MtmakUkFskv7UwRuwr.MArR9k2dK'),(2023070030,'郭帅',7,'23guos30@swanstu.edu','$2a$10$P.uPkM1ZDxgRQ6QrjuRCr.FRK5iEqYFy8aGMjmxjpjqQhfLJjmgre'),(2023070031,'陈静',7,'23chenj31@swanstu.edu','$2a$10$a/u8oDDgtGDCk4.B7KfG0e6u9Cn0ixlyGJreBtgp9hnAJnT0Ylkui'),(2023070032,'王莉',7,'23wangl32@swanstu.edu','$2a$10$s7OwYmumekLFRuKCQka06.0zl29qP1s5LMHTHblVrvb2wD7fF2olW'),(2023070033,'高岩',7,'23gaoy33@swanstu.edu','$2a$10$ui81ReR3O6onp1ffzzbV..wM3iXvIcl5Jz3nuFMxQovs9FUdWvyFi'),(2023070034,'李杨',7,'23liy34@swanstu.edu','$2a$10$LH.fo9c93hztel8bygrWJO.Mel929y09gby0UcUuvADIPRjh7iTt2'),(2023070035,'陈军',7,'23chenj35@swanstu.edu','$2a$10$NJOarh4wlaDGBoJShH/Ar.MIbui4WUUQWpbk7acXK9DDAoOjqzx8y'),(2023070036,'何丹',7,'23hed36@swanstu.edu','$2a$10$RWdnh2dBJCYIE5U.RnDcn.Y/7KKgCcHcjJEXMjqE7WOSLSDajDwrm'),(2023070037,'朱萍',7,'23zhup37@swanstu.edu','$2a$10$JkO/TlwS8WkUuapdHPEfP.Ccg9XDMGFjjjoyoH8L77j4/u2KFdDqG'),(2023070038,'韦超',7,'23weic38@swanstu.edu','$2a$10$XxnYlmtzGNm6vdeow5g.q.SJ.PUTOpIlMZInyANvXoaRwAaBZRGzy'),(2023070039,'佟彬',7,'23tongb39@swanstu.edu','$2a$10$XU9Jq1Ri./cjUz7Ue8cPQ.Yv7UI/QM4JGv/jE4onqktdl3PgSIXXK'),(2023070040,'徐丽华',7,'23xul40@swanstu.edu','$2a$10$Wz54f0qTpuMC1a0KBjQoZeQ8s2vJKa1ttxVsh/nkcA4yNsPxWWwYm'),(2023070041,'罗岩',7,'23luoy41@swanstu.edu','$2a$10$1Vu4CzxO1zKJZRrOaO58.Oa/zcjnTQaSEuitXbYN1FrkoBqAGZmhC'),(2023070042,'邓艳',7,'23dengy42@swanstu.edu','$2a$10$k.CHze6K3iqRZoaK6Y2oK.qkJlON7sJqHXMPsvYwt/YYXnkvc9jiC'),(2023070043,'鞠玉兰',7,'23juy43@swanstu.edu','$2a$10$6Wo5RiutT2zYi2D.PXyF4ukugHiJaq3IWMNxI2TV2qGm8Vh6zkcwG'),(2023070044,'郭秀荣',7,'23guox44@swanstu.edu','$2a$10$7f1IMsJYai45wz5rAiqfteCgXlitQlTE8MU37BdIzmWFf31hqnmry'),(2023070045,'许玉',7,'23xuy45@swanstu.edu','$2a$10$qqY9iylb1C40voPZLhY9MuQg1crlWgKrailKBruVc81JAAJRGHAbq'),(2023070046,'阮桂香',7,'23ruang46@swanstu.edu','$2a$10$WlvlX1AiY98ZEXx9HOUP6eDaK22pnuEc04PkmuwFKBlsE873gIgtW'),(2023070047,'章成',7,'23zhangc47@swanstu.edu','$2a$10$GIRI3kUw4E3WCSl/ECYym.S5YuKymbBMn0x/gE0.LzJAORdDT9tqO'),(2023070048,'宋晨',7,'23songc48@swanstu.edu','$2a$10$/ihoo2no935ZqOLiksMWueupyew9vUhRN5cSopPtuikvG4dgeTOlO'),(2023070049,'王秀芳',7,'23wangx49@swanstu.edu','$2a$10$Z1ptzVopGBxxvg0IYRu0BebONqdcvzbmxXAqEcdTQGUkqbRH6E21i'),(2023070050,'农龙',7,'23nongl50@swanstu.edu','$2a$10$NzAjyS0Ei8CLo8cfuS43TuEccVrB.iLiQJ8erUACxEODD57LzDoeS'),(2023070051,'逯梅',7,'23lum51@swanstu.edu','$2a$10$hYSh7hd3lqp/FuSoAIiT3udKyuyiSqeOeBHkytyQsqtKkWEMC.GMW'),(2023070052,'姜金凤',7,'23jiangj52@swanstu.edu','$2a$10$42X6/vnQyuzbc5eqeg74Qu8IXHffzTjPnuBrHVuTTyGY1W9PSVfQ.'),(2023070053,'邓伟',7,'23dengw53@swanstu.edu','$2a$10$q7yL4ey5Z9tClCoVKZCYBeErWD9..e0N7iyt5qTw951GA9g5Jcs6S'),(2023070054,'黄桂香',7,'23huangg54@swanstu.edu','$2a$10$NvIsgxjXn0tRfsaedauupes1uTQlWDTDTfZHI3LtWb3C2Zp.QKKRq'),(2023070055,'李兵',7,'23lib55@swanstu.edu','$2a$10$nfm.yp5Kh9r42QSI4UdKx.Fln0ccnF7gACd41bv4TgpLJ4P.HRS.C'),(2023080001,'李玉华',8,'23liy1@swanstu.edu','$2a$10$V6/zRV1JF2bdiIPdhVfZn./AqaYNTNNziEJf5nAWwRkXIycYlLvH2'),(2023080002,'廖红',8,'23liaoh2@swanstu.edu','$2a$10$AXIZKEaDqmYxBcO9z.rpae5zBSs4Axba3F/7YlqS1OA8tTRkyWY0a'),(2023080003,'麦旭',8,'23maix3@swanstu.edu','$2a$10$1qJ8EJR24a3UkS5Lql44C.Bw6J6qFK.msImZ6IEA2lqGHp7KKSoTe'),(2023080004,'陈建军',8,'23chenj4@swanstu.edu','$2a$10$RQjb0C0fSWiuI28UwLydXesboB.NGk1oxTTTIl.FlbAcxu4VltZ6q'),(2023080005,'张桂英',8,'23zhangg5@swanstu.edu','$2a$10$JyyHagFv6WQssvWOBnqJm.Pkad/cHAzxO09nvY9//F6TeNRP.89Wa'),(2023080006,'沈敏',8,'23shenm6@swanstu.edu','$2a$10$Rk2A37BaMYIQCo0x1NVPPO3LU9UsCb.RZDmgbVaKNSLMZRVAi5Ff2'),(2023080007,'申坤',8,'23shenk7@swanstu.edu','$2a$10$VQX5RPAsRz00tSTUPiVaZeg2sdezoS16SfuTfG3op3QBeWe7vGqyW'),(2023080008,'林玉梅',8,'23liny8@swanstu.edu','$2a$10$GD70weX/DGUpRQOeO.QIUeIjPqMPaSAblW4DVfYGdAmg5du7hzWyi'),(2023080009,'黄雪',8,'23huangx9@swanstu.edu','$2a$10$mql.FbpmJ0kjJ9.sfAOsoOJR5CwVah2uC9Ucmw1HzGiJzsJOiD0Vq'),(2023080010,'周婷',8,'23zhout10@swanstu.edu','$2a$10$2tQ84Rw.gckbUamifq7ij.z9VlLroKoF/StrTenW2qqzT0E5v1myK'),(2023080011,'龚敏',8,'23gongm11@swanstu.edu','$2a$10$ZMePlK0H75NqmJmT9zAxRuBWKM5jSMNtKrdFLVg9Ag1onnvoUVfD2'),(2023080012,'董杰',8,'23dongj12@swanstu.edu','$2a$10$HH68istds6/TUrqNr/JkRenCtiqxh1S.DoSeeGbUC3j71JjpMzgTu'),(2023080013,'陈荣',8,'23chenr13@swanstu.edu','$2a$10$FNcBCmSdVHq1HEOXBNx2leIbTG4p83LL8ziXMIESFkMqbCaSW/hrC'),(2023080014,'佟建',8,'23tongj14@swanstu.edu','$2a$10$BoQNbZM4xlF4p/StIyo4rO3V21gEQ9zDCbne2bU1Oi3r8BE3YjYDS'),(2023080015,'李桂花',8,'23lig15@swanstu.edu','$2a$10$l/AkhogAkVjJoVION1UIHOtVz3oqZYgBrtuiQoWxEACeonEk9KQ/i'),(2023080016,'龙鑫',8,'23longx16@swanstu.edu','$2a$10$ATMp0Rw.uBdsKFXRIC4MwuXLriP8QBP0/v/6hOpOmGRGOk/Y493eW'),(2023080017,'吴海燕',8,'23wuh17@swanstu.edu','$2a$10$aHuanGIH65moAdgJ3pi1TuWL19RcjsFRNrbTAfP4ocLTIrgsq/IY2'),(2023080018,'王秀珍',8,'23wangx18@swanstu.edu','$2a$10$gzzFG7JOyAzGeOt3Gx497uz.KItzp0KU71Ht2.kuUIsYL5kCNzsLS'),(2023080019,'徐龙',8,'23xul19@swanstu.edu','$2a$10$XEihFjgoeLrgz/bI8RtEYO8uAzMclLjLeYUusu/9edCRtppDfLkCW'),(2023080020,'刘淑珍',8,'23lius20@swanstu.edu','$2a$10$QPQvaWxoYX.fbTE/65adEO8RyH8Cjx1boM1YhTahS3Lwi.Pq0rg1W'),(2023080021,'吴平',8,'23wup21@swanstu.edu','$2a$10$dE.ROj1WCe6oXHVVXKcK7eLD6rb6Dx8nZ.ainKUq.4nEZtpluM4nO'),(2023080022,'晏浩',8,'23yanh22@swanstu.edu','$2a$10$i2n.1TK2Qe.hUDrdr.NqE.ZqvjgpDYyygucQ1GhXCzUFXzp9sZSR2'),(2023080023,'傅海燕',8,'23fuh23@swanstu.edu','$2a$10$bHLRFhicyhTr4W1FY0cAW.oNPOCQm2ad5SJol7o75TRXoLLlU4Ccm'),(2023080024,'邓春梅',8,'23dengc24@swanstu.edu','$2a$10$i9G6ATDsm57c/D90kjMFDeAd4FiNaFqKZ41AE3d.qcqZRx76Vz4cC'),(2023080025,'陈辉',8,'23chenh25@swanstu.edu','$2a$10$Ypm92px1jj25q.eVC807NOaATHeF5CF5vSpCKyYx5v/bWaJeGgazC'),(2023080026,'林玉英',8,'23liny26@swanstu.edu','$2a$10$kaWsR6qwR0p3XtaRGQFXg.zcnSxQBDazX0rd0cMJbKVZHYLuJPZy2'),(2023080027,'马玉华',8,'23may27@swanstu.edu','$2a$10$MYv2M.mQ6CwFy9Ty59A9MOHBGQInTZaxgBW1ttRH2iv9C8sRZfz0.'),(2023080028,'孙超',8,'23sunc28@swanstu.edu','$2a$10$ai7awDWijjI6G8dv2pPfKeU1huki9muaOSMF8Y/gE7FTEMLoMzRsa'),(2023080029,'李倩',8,'23liq29@swanstu.edu','$2a$10$aJWxc1ulSblkZJCs8MIRmespwiDsAmPFvcTBWx.6BktS3J9JXNL1q'),(2023080030,'盖佳',8,'23gaij30@swanstu.edu','$2a$10$fYxgfqywgqzcwEkm6OcbmuMM1ERk3X29NBDHg9rm3ccuBQwRR7paq'),(2023080031,'秦娟',8,'23qinj31@swanstu.edu','$2a$10$o7v/09dmwl.Cu0RDTHnGoO.ze/PfNld3XwKlsa9Jd3RCTQOm8wkGS'),(2023080032,'高健',8,'23gaoj32@swanstu.edu','$2a$10$HsZuIEWW5Xv5zGokRxNX4uIOY2xcewgQg3Mj6w8cOk6SIohyumpxG'),(2023080033,'周雷',8,'23zhoul33@swanstu.edu','$2a$10$bn13lcfowxzDWU/.GF2DZ.8oLRkMlHjdMvZowyxE6f8z/C7rUpv32'),(2023080034,'陈伟',8,'23chenw34@swanstu.edu','$2a$10$pEja9g8aAmSwPEruN3Kp0OGZM1OYN.Z/xuCL1TFf4tYjS.uYesnUi'),(2023080035,'吕晶',8,'23lvj35@swanstu.edu','$2a$10$XphKyqtUS8BllQ9oAvfr2uzvg3TfEo6I0x.PALtpmtkQ9fWYV847O'),(2023080036,'叶桂珍',8,'23yeg36@swanstu.edu','$2a$10$546U8QEywokMmfJXg3h/OuO8NT9FFecTJQ4Py58ICckD7SC1mWbw.'),(2023080037,'马丽娟',8,'23mal37@swanstu.edu','$2a$10$ox0JJCGLeuhTghrY8UCg1.igMaJxsQP2GTH5xQzrK68qdkxkpVxAC'),(2023080038,'陈平',8,'23chenp38@swanstu.edu','$2a$10$regeK9Y5nPL9.WtrYLZ1JOpShhnTsuEV0qP4xF8INZTUWSA52ENRK'),(2023080039,'卢秀荣',8,'23lux39@swanstu.edu','$2a$10$qZnmEbcTk7vX4f8wCgcocu3mJS3IyyS2hGQIU59R9Yam6dgMd4c9a'),(2023080040,'罗娟',8,'23luoj40@swanstu.edu','$2a$10$Qv4RQKp/giXYoSnw2yCaxeX09dA9pDqvSILNvRtqjDGjovL10qyLa'),(2023080041,'李莉',8,'23lil41@swanstu.edu','$2a$10$.mN09xzK34sJY/sx77JI3Oqk13I6YXnHEyH7Asbvs4ZF8prNJPVdi'),(2023080042,'仝莹',8,'23tongy42@swanstu.edu','$2a$10$iqgjBguZF/RP/43BxzG5d.1YhfsHyYSG3xaeKZUMnO24K1arIxAHy'),(2023080043,'雷健',8,'23leij43@swanstu.edu','$2a$10$B06sm.aokR64jb0kEyX8AeYzNYs.IEva4QWKKbayj6J2pR62Nz7ce'),(2023080044,'郝彬',8,'23haob44@swanstu.edu','$2a$10$t3pfc6TmyWQH/kA/cC9cmucoCITKae2J6eJBtUpd3oSP0bHL4jaWm'),(2023080045,'李丹丹',8,'23lid45@swanstu.edu','$2a$10$s33YRrpnOma8oxbnSoqsEeMqddlkvwHwYVpdKjEB4gy6d5GQebd6y'),(2023080046,'苏海燕',8,'23suh46@swanstu.edu','$2a$10$NOOKHlrekaRPPOAHDWSYnuomg4l4oHLGHFsJVxdc05mzS3eOtnPpq'),(2023080047,'时英',8,'23shiy47@swanstu.edu','$2a$10$twvJk1oa8e67ag.0UP874eW.dCBiY5jJltYCFueHzDkZjSeYZu.iu'),(2023080048,'陈杰',8,'23chenj48@swanstu.edu','$2a$10$8a/d3q/3gt8ZUsj5IiTFp.mAKdXY6o4ZOjLns5gp0ADlb.SACATum'),(2023080049,'孟丽',8,'23mengl49@swanstu.edu','$2a$10$1eE4OEsEU8mFFxGcc0BO3u0W4LBzcsOBbnDCGWwkEdZV0Zkty44hW'),(2023080050,'沈芳',8,'23shenf50@swanstu.edu','$2a$10$xoy3yqjDGzue.a9v2wcpuO5m1GTPkFggXYm8q2yxdp4uafoKWQ8M.'),(2023080051,'张军',8,'23zhangj51@swanstu.edu','$2a$10$0KK95PhJRK00k0gQB6N0GeK.fD/YkG/cJXETmITr8FxqgTKaze18u'),(2023080052,'李淑兰',8,'23lis52@swanstu.edu','$2a$10$zowzkCOWC.Q0KTzPPGeUuuRMAUjfDk5KTrmF.2jrJEG0mSdcacoSO'),(2023080053,'贺兵',8,'23heb53@swanstu.edu','$2a$10$tMNmM6MlT9a4FqrPxhGbEOdc6qYopfNpJbV4GZ8U5IDytRfKgYGVC'),(2023080054,'秦宇',8,'23qiny54@swanstu.edu','$2a$10$8VWXay9Fol8X2Ovgl0LXYema5sAum/fjhFPABX1Dy1vwtpT4RFhSu'),(2023080055,'张瑞',8,'23zhangr55@swanstu.edu','$2a$10$SaeVLUXzpVGF.7reNJNx3eonhoPozQGFtBJ8uDxRDCAxKZk0pqoVm'),(2023090001,'梁兵',9,'23liangb1@swanstu.edu','$2a$10$T1IBg26MtCp2y.Uh2KrzZenXJk3oKJpO4JPZlLuTUhWyJFr22MaIO'),(2023090002,'史莹',9,'23shiy2@swanstu.edu','$2a$10$2WFjSiVHvwXM2IKX46ea/OIwvl4qALOvvF3yFyxw6zIEUC5kDOigK'),(2023090003,'王丽娟',9,'23wangl3@swanstu.edu','$2a$10$wdN91w0KT0dylN8QJt73IOglChLnlpHliw8xP.KxmefVYhM2h202G'),(2023090004,'石秀兰',9,'23shix4@swanstu.edu','$2a$10$mlHWSQh6mVDa51Nq7MEFIO5M3/kUnKuxzRoXbMg5nwZKO8r76PCmS'),(2023090005,'高凯',9,'23gaok5@swanstu.edu','$2a$10$xxgPv2glnbf5a8I9p0OeWOF/4FOQ9pXFooftRkXRt42vG.47Irkua'),(2023090006,'何丽娟',9,'23hel6@swanstu.edu','$2a$10$VQ/1qnbBTCdMe3e/jIK2Gezo//pI4A6xXhy08pUeKTZt5qAdZQnsW'),(2023090007,'刘华',9,'23liuh7@swanstu.edu','$2a$10$YhS3/4Q/iHjpw.E9UTjQmuROXH92Gw8h8FRy3j4iTZ9u5AG6B9c52'),(2023090008,'倪斌',9,'23nib8@swanstu.edu','$2a$10$d6FfVSmAXajDVfwEikjUm.pc5d1BWVYVfXCRSnIApxMw1iDadbbnu'),(2023090009,'魏畅',9,'23weic9@swanstu.edu','$2a$10$ieXMvo05zb0XZ8qO0GOmvOeYDS10YkRU/JvZdmF7LwOO3gNDM4Iea'),(2023090010,'唐志强',9,'23tangz10@swanstu.edu','$2a$10$UitjxS0mE.gjMVn5bBQgxemMJeS.VNi.xcYF2Qe//LBeCFgUHVPyS'),(2023090011,'叶秀云',9,'23yex11@swanstu.edu','$2a$10$YW1RzAQPbyZ55TxrBzsk/O8BTXipvnOsEgAMPzxgFvmJGpC9rDclO'),(2023090012,'毛旭',9,'23maox12@swanstu.edu','$2a$10$C1g9Gf5R/MnJqmXnYlIUy.AImcQdieECGE3NWsAmgk1RoK6i2Zy62'),(2023090013,'董莹',9,'23dongy13@swanstu.edu','$2a$10$CeuHt1Ja/un9/iP8vTaE2OOhfoApv16lODKkfO6dVigTHf6CEZmw.'),(2023090014,'纪斌',9,'23jib14@swanstu.edu','$2a$10$1GZa.2BQC7XnkiPvm94/WOK6FWxijKZqendLB06Emztgk9ZpsfCje'),(2023090015,'杨玉',9,'23yangy15@swanstu.edu','$2a$10$jjg/ZOMEbKWPVCqcrH9tXeqdIy36uGp53joNofpM7f.jQxpOivGM6'),(2023090016,'路伟',9,'23luw16@swanstu.edu','$2a$10$oDvzxOd1oLojk0CGZQAm7Omyrs/4DSTMErf1MrQdl5heqXon7Ftxi'),(2023090017,'谢冬梅',9,'23xied17@swanstu.edu','$2a$10$FcpVPckLxd13gKaVwWOfveIbo4C1XGxCLmHpqntzF9INME/JjCTvS'),(2023090018,'张波',9,'23zhangb18@swanstu.edu','$2a$10$lU6bm2EjlbPbcHrbTJcOS.iwI.e8SuPrmwgDrywPdtnMOeZt9G0h.'),(2023090019,'王宁',9,'23wangn19@swanstu.edu','$2a$10$ziVjSgIOO0wkcdw4HdBsj.XFfPXFqDTJbRUoSQROQv3u8v5bBjYRG'),(2023090020,'王东',9,'23wangd20@swanstu.edu','$2a$10$ETyJpoqFYHt.8pEFti26luRZTAN14JLnKcqiYuKSLh9IudgsVgNHm'),(2023090021,'姜丽华',9,'23jiangl21@swanstu.edu','$2a$10$qJgfsAHJss48XwCXbSSUD.EfFkDbbqh.4W5kGSyGWHTPFxHHitcBi'),(2023090022,'余浩',9,'23yuh22@swanstu.edu','$2a$10$wEfBYcgV4BasgfRQ92a26uXYgb/91u6uUaR5AoiSnPRq1FOUMNuJe'),(2023090023,'钟英',9,'23zhongy23@swanstu.edu','$2a$10$I9BYdui4R2B4Qypro.9tr.18NHZLdfRl7KQTAqvX5QZnQcVwBRECK'),(2023090024,'陶秀华',9,'23taox24@swanstu.edu','$2a$10$1BVJ1kcFT.Ry96ZeV2DvIu62rQOOm1NsaXUXCmFxOOYKxqCbDuKXS'),(2023090025,'叶勇',9,'23yey25@swanstu.edu','$2a$10$kdYNu9sfInZmmxxqYQGayuPqmet6TcTHlQfO2aPgO4jkSiP4Uelte'),(2023090026,'郭健',9,'23guoj26@swanstu.edu','$2a$10$p0fIcmQBvq3aP1fPEqz78ubXvpDheHKxw43S3umHI9zAeJYJegi9K'),(2023090027,'陈娟',9,'23chenj27@swanstu.edu','$2a$10$mspP74uuXCtDOpefsOoTBOS0xYQJe4EPbcto3LoC.xJlz.noGJ8yC'),(2023090028,'张建华',9,'23zhangj28@swanstu.edu','$2a$10$tdO0nRyX38otzgBgdHZ5Du.nOx1jo92JA4kLuqME9zehCRzp4cSL6'),(2023090029,'关娟',9,'23guanj29@swanstu.edu','$2a$10$t1fE1QM8uj/0aFgWMGLmCe9cmpZar2P8PJ2VH76VSxllAwW.2LeX6'),(2023090030,'全峰',9,'23quanf30@swanstu.edu','$2a$10$Q6yyZV0ZV4IHU9mt/5C.9Ona0P9OHsbWuPi3d2oaltaUkkewZXIiq'),(2023090031,'关明',9,'23guanm31@swanstu.edu','$2a$10$ISxvEQfniCaFvDpk8mV8w.XYnXhYqrcDFZRSoz4zyShmPzZyX4ov2'),(2023090032,'胡超',9,'23huc32@swanstu.edu','$2a$10$MYZmrY/AHajFqy8lEPyEmuOVnOTJZHuFrFS.N4cRTWYxxq/VXboWa'),(2023090033,'边英',9,'23biany33@swanstu.edu','$2a$10$1ySsKroQ8ACwQygIH8YXvuob3Jhu6pyIoxnG1sCJwDyosTz8CB41u'),(2023090034,'龙桂香',9,'23longg34@swanstu.edu','$2a$10$tlXKc5CmwdsexNek8lxD8ugP9RQ3StzmZAbeQM4bMbCVc7lGQEBjK'),(2023090035,'李丽',9,'23lil35@swanstu.edu','$2a$10$ZcknkYV3egmrMNFXP3OOOueBa7cCzh26iUvKJyyAnbkwzd7ZDsU7y'),(2023090036,'赵晶',9,'23zhaoj36@swanstu.edu','$2a$10$jXbbkZfL5cIJc7ywvGWeQ.Lx4qIOpli3YDf5ThvIj8103ZrlcfWr.'),(2023090037,'唐彬',9,'23tangb37@swanstu.edu','$2a$10$QnFhfaoft59ik.g505yy6uBo22lCUD4F.2GRep.6nlEASkQ7hlusm'),(2023090038,'段宁',9,'23duann38@swanstu.edu','$2a$10$pyeW6hjZkDdX4XiXPJNFv.5qtrNPbp5Qv/FbBvH0WRzoXIrSBxWZC'),(2023090039,'王冬梅',9,'23wangd39@swanstu.edu','$2a$10$rKHC7voSDszm.OVi0jyTTOy7AW51WIjHQjePvnvmoexnQ9dCtAngy'),(2023090040,'盛杰',9,'23shengj40@swanstu.edu','$2a$10$HlIfUxojilViW3TRnBx8GuSKhqbIMBWIkldb8mQS417iLZjfuHKZG'),(2023090041,'罗娜',9,'23luon41@swanstu.edu','$2a$10$ckLSSUZv2shHcHMURCzNauAor8Vxk0lJWYaW8IwfiGDSsHEUQ2BEq'),(2023090042,'宋淑兰',9,'23songs42@swanstu.edu','$2a$10$wlUXTjE.bNEwT02nS95NKu/1oFUGKtJPuzydgfN15gfz//DU5mhaK'),(2023090043,'李雪',9,'23lix43@swanstu.edu','$2a$10$3Mqqycuepca/xjbpKjRrLOjY1yl7a4foWTGINZdRldIF8RtEitkwC'),(2023090044,'俞华',9,'23yuh44@swanstu.edu','$2a$10$5t7JbLUDoSHyo4bqZvmAve3sIx61KkDCkFQoNqc/SolEgHcRk4zWS'),(2023090045,'吴阳',9,'23wuy45@swanstu.edu','$2a$10$wbNiJVJOaWaq9tycviF2Oe5S2fXFPYakZEB1tTc0AvtiPRtJ823wi'),(2023090046,'张斌',9,'23zhangb46@swanstu.edu','$2a$10$TPqGTjLDESd8lXlTUb.FnOw8B4.Pq6U3GrvwTsxeqYnkL6PtPWMDy'),(2023090047,'刘斌',9,'23liub47@swanstu.edu','$2a$10$yiYkSR2qWVA/C9kYrgsaY.JLreOsrAyPWDpIFDKR.b2uMV281.uY.'),(2023090048,'王建军',9,'23wangj48@swanstu.edu','$2a$10$qOv8Ua0vzKT3V8A3toHzBenvHXb178GZsmk1EXMMvqTBmcf.mSYdm'),(2023090049,'胡飞',9,'23huf49@swanstu.edu','$2a$10$//1ZPxi7BA8TSQcyMtK16u1SX6o9p8/mOc/RYUHgfRkyid8KLHjAu'),(2023090050,'张雪梅',9,'23zhangx50@swanstu.edu','$2a$10$UOrZahNTDjhCaF9ODrupMO7otpqy9j4CN.8Gyh6nvQLIFj8fVfplC'),(2023090051,'孙宁',9,'23sunn51@swanstu.edu','$2a$10$CwzeD8TgRNgHK.p3gpO58ebXy9D38Wlr/FGRyFUs/d9vWqm1oyjn2'),(2023090052,'赵岩',9,'23zhaoy52@swanstu.edu','$2a$10$eTdZKZlUtTOSaIYvT7j3juKOKEvNXSTkoWM9ippwNfXj6KkJG11kK'),(2023090053,'郭桂荣',9,'23guog53@swanstu.edu','$2a$10$YSlJBHAWQhcpwv00wVr8j.Tdb8GlY8t2rploCeM.q/gY/4FcI02w2'),(2023090054,'王丽华',9,'23wangl54@swanstu.edu','$2a$10$mkHkuJJa04ab54ewK/cjWeI29We21j9O6ouA02pg/W4k.bh5eR1oK'),(2023090055,'宁秀珍',9,'23ningx55@swanstu.edu','$2a$10$34Gvi8Nxi.wzblW9P1jbYuDU3XCVQXzzmEfBD8I3SzAAfVHuum6WW'),(2024010001,'魏超',1,'24weic1@swanstu.edu','$2a$10$RgFy.wbA77ZnZY73fux8/OLVUJwj3/Xnq6n4gAXa/90ZTuHkk6dGm'),(2024010002,'廖峰',1,'24liaof2@swanstu.edu','$2a$10$GndLNOpIYyRGdRdeaq235eg/Mqp9EqD6nvzH3xuxIA71nJSeflegG'),(2024010003,'武雪梅',1,'24wux3@swanstu.edu','$2a$10$2/AeAKxr8RF3yhrtXxuH5uC..uR33Wnizq6KRDCzgZNLx1VUBnjoi'),(2024010004,'宋佳',1,'24songj4@swanstu.edu','$2a$10$sDn5/G2KAW2lcbZ2sk90T.S.cr6WlwDS8L9VZirm4HaUokDiSBa06'),(2024010005,'班红',1,'24banh5@swanstu.edu','$2a$10$PNmHwtvV1qSvl6ZmhsWfku8FRCPpk77qAiI8gUsYbBUFK1vgRUS0K'),(2024010006,'姚娟',1,'24yaoj6@swanstu.edu','$2a$10$VsvpXWs3R8vxuZjgFuzlRuFgt3zPsu0zh2gKO5.QbxnWvO9RNQvYe'),(2024010007,'颜峰',1,'24yanf7@swanstu.edu','$2a$10$tUCGCEk1traXMElA6JmKse8ZAKx30DLHDBAxfDDvhLyAOxqjDNWwW'),(2024010008,'王玉梅',1,'24wangy8@swanstu.edu','$2a$10$sS99oaOTlTy4xKdGnwbI.ObO4maUlQ7VeCCqZ4KeYe.f.ztFgzVWa'),(2024010009,'谭丹',1,'24tand9@swanstu.edu','$2a$10$fPvbMOYfTDn1QeL2VBpEBuFeLf9BQ37mf/t81dnO6r1vd5mJ5JxIu'),(2024010010,'马玉梅',1,'24may10@swanstu.edu','$2a$10$cnr4bpmIb2DbRgVP6ibj8.JbYqStR/GtcHYaIM6lswsoL3.sKz9Qq'),(2024010011,'萧旭',1,'24xiaox11@swanstu.edu','$2a$10$zMvGZweo8bSzyyUF9MIW5.tpAEGvTBPifcBkwV88sxIJxrxPHncdu'),(2024010012,'吕超',1,'24lvc12@swanstu.edu','$2a$10$fo9fc34O.vVHbkCUsrN.ROKJQEVpcqZTM/mOx/t66/jHN74uKfE2e'),(2024010013,'李涛',1,'24lit13@swanstu.edu','$2a$10$H7LZZ6CCWELNRaCg9Gdcf.DlPDJaRJBd.CnM9K7jicJM3ufW69zB6'),(2024010014,'蒙秀芳',1,'24mengx14@swanstu.edu','$2a$10$zgN6KNnFIeqb4N3nwJaRDOkAo/R8vw60SdJ5IEk2W9Gj46eLYV5jC'),(2024010015,'刘鹏',1,'24liup15@swanstu.edu','$2a$10$X8dQS0Y/qXkR5tQnIuSDGuOan0gTuq4CREt8HclPrYslmUj.sXOde'),(2024010016,'宋健',1,'24songj16@swanstu.edu','$2a$10$Ps4tRoeR9DlDrJ7gZ7g2yOu3PFo7/p1GRk7kOtb8AgpEPItHBR/5q'),(2024010017,'王红梅',1,'24wangh17@swanstu.edu','$2a$10$YuyvEXXX3ak15KAFjwC9cOgOUBPQf4MOx7ybV7Ls/1EvvJyhymeqC'),(2024010018,'张丽华',1,'24zhangl18@swanstu.edu','$2a$10$1o2QEhvejTOl0S8f8Vh55u/z8DWWaRubO0QKfAdbOm/8dQ8ipHpAG'),(2024010019,'梁娟',1,'24liangj19@swanstu.edu','$2a$10$cfJgovrt4k9UM.QC.A/KtOSVz5EawZac4ixD8tKGAjhNjXFvlrl3y'),(2024010020,'高春梅',1,'24gaoc20@swanstu.edu','$2a$10$Q6Pr3EKPZ5OTHtanRwWFrO1JUv/vDz9QL1LIX77xynqkhzqKOG8YS'),(2024010021,'胡洁',1,'24huj21@swanstu.edu','$2a$10$MRLUHn8xBR4JjodZv1Eq6.H0NXMKngLXwrZYbDG.aF02//t2r.3.O'),(2024010022,'吴阳',1,'24wuy22@swanstu.edu','$2a$10$f8XthQ8XrHDd7HFlIm8AjuhBNldwG5dx8EzboRYRX69NY4StxL5ae'),(2024010023,'郭桂珍',1,'24guog23@swanstu.edu','$2a$10$/vhZRh2AHJKhrAoE821dTOdbkEZOw2JM7fNihM.I/6ShJ0KOKu7aC'),(2024010024,'袁岩',1,'24yuany24@swanstu.edu','$2a$10$jGFdZftz8mUAmZMYHVkoOehM1Sy6Vmcpw0sUWHluJV4FNy39jb/r.'),(2024010025,'李洋',1,'24liy25@swanstu.edu','$2a$10$IisIVf7LtuNe1GjFPMvS7uUwkhwH0rzqTBApP2MnTVNVqGo4mJ1E2'),(2024010026,'孙桂荣',1,'24sung26@swanstu.edu','$2a$10$rqWAYUU.kC.IhUBsqD0i7uz5om2wGFqdS3t/EpQSy811hff0A.TaG'),(2024010027,'黄东',1,'24huangd27@swanstu.edu','$2a$10$pdtehMXGO1XauHmENEssxubNveu6lZbd5xbiRTqdxn7JtnQy9B6Ya'),(2024010028,'吴桂英',1,'24wug28@swanstu.edu','$2a$10$CKtMjqwVvWY0vHTz32DlP.slvQ7AA2t9zhov9Y7aMCJfxBSLrGP1u'),(2024010029,'徐秀华',1,'24xux29@swanstu.edu','$2a$10$2fhPFGt8TXnOjZpgP/Z8o.Q9JLR0zxhVaM5.iB.gCf5.zcyO0jEb6'),(2024010030,'陈金凤',1,'24chenj30@swanstu.edu','$2a$10$AZg/PImrFChpVnAH9aClGeI4jWNTQy3GCzLc4e3nCwLbWodqC3KLW'),(2024010031,'鞠畅',1,'24juc31@swanstu.edu','$2a$10$hB1DJl5eVk0V.vKSmAwfIOKm9hPzUAjExErm1FQ9erPfrjuSnKOvO'),(2024010032,'郝玉华',1,'24haoy32@swanstu.edu','$2a$10$KUCneXZ13bqkkI9SumdGyOL2QRPi6vieYOMkEHokcofnFldZ64ane'),(2024010033,'袁洁',1,'24yuanj33@swanstu.edu','$2a$10$wEQqf.VMBQx7INphJudJ/.63/kGoZGcdMFIOqk7Ryvyajst9qzL7y'),(2024010034,'庄秀云',1,'24zhuangx34@swanstu.edu','$2a$10$XOVJhKGB8UvYVhLz6zhVyesuC5tRL1kkLFKTTjpmLnvRRfGytMLxy'),(2024010035,'李利',1,'24lil35@swanstu.edu','$2a$10$PA0n2LDTVQEfd4VC3LF1ku1.blmpZTzLwEpZxciCe82.pX7.0St1W'),(2024010036,'裴洋',1,'24peiy36@swanstu.edu','$2a$10$K3TJ1vLsVINcD.pGbAsC9OdyEPneTIovqj1hFn.w4EaGvsS.6HJaO'),(2024010037,'徐玉华',1,'24xuy37@swanstu.edu','$2a$10$2yHRLA6QvtCOGEA5AxFd3./8YR4u23J5V2rIIDyIbKFdjTBT/p5M.'),(2024010038,'刘慧',1,'24liuh38@swanstu.edu','$2a$10$EDRheLfzmBr8HTmp80Sf0eSEx9hcTcYksBA35Hs0luMP4jKoPSVkG'),(2024010039,'王淑珍',1,'24wangs39@swanstu.edu','$2a$10$pNsdtuSgp7W0FnB7lIl.puBv27GN/7IOofyxHFXaYCHXcxvGrdAL.'),(2024010040,'姚玉兰',1,'24yaoy40@swanstu.edu','$2a$10$HrhGd4qxaYt0IbWqeu3iVu70oNbWfL0HSdvK9bETWeKC8Y6s5dtoq'),(2024010041,'林超',1,'24linc41@swanstu.edu','$2a$10$Da.0wzueydQG8AjJFMG.W.5xNTrVFtUdiRHo.pAqGA6B6XNtbmjjK'),(2024010042,'孟彬',1,'24mengb42@swanstu.edu','$2a$10$GXtVXJCmRMHhICTzJzPrjuFXBGIMlRGY7cGdTOVblopvij9pP5TYO'),(2024010043,'侯秀荣',1,'24houx43@swanstu.edu','$2a$10$oHyfKZO83BE76OVnXW0WSO.prGREyhJwQ0WJMJV80fqBwfBr/R6IG'),(2024010044,'邢玉梅',1,'24xingy44@swanstu.edu','$2a$10$OfCSOEpF3wB/eqHmVjmYRuREp381wiKVW7JYtHQqEI.othfcSjwo.'),(2024010045,'廖帅',1,'24liaos45@swanstu.edu','$2a$10$JUPIY.H6v97RxRafc67LLe56ZYuTho7kTuYpQ56BkyDSVj52itBHK'),(2024010046,'张小红',1,'24zhangx46@swanstu.edu','$2a$10$U65bjE.xokUI8OHzVmiaKewz5Hn7iOwUSo3t38A5rUdKOWChMR6NC'),(2024010047,'张磊',1,'24zhangl47@swanstu.edu','$2a$10$se2Xa.R3Li4Q2bd7lZFgO.mpfreXXe94kCGy9rqJX3sCC2D3QKlzi'),(2024010048,'向刚',1,'24xiangg48@swanstu.edu','$2a$10$grtNzMFvJPUBrpaVYXLn.eJ2A87Fxo8rN4uzfpEqVfj.8Y2xWoEVG'),(2024010049,'王健',1,'24wangj49@swanstu.edu','$2a$10$6GtNRjTNMHyuJ4VM0RODOuZdDIPW3x1Px/B4jtetqthwkXQ3oMIsa'),(2024010050,'蔡凯',1,'24caik50@swanstu.edu','$2a$10$MKmcVji91U7xYcLlKOsX0.30FatTBkasPz/9ykLyg78I6szhrZTFa'),(2024010051,'罗浩',1,'24luoh51@swanstu.edu','$2a$10$RHcYRaFSIxAcduKqpz0acuRfx6NL2m/XoHsWnIfGruGSCSJnEPDf6'),(2024010052,'耿丽',1,'24gengl52@swanstu.edu','$2a$10$2FGSRONULX6yB.D9iL168ezz..i7PILI/1moW5jp80WU8CQTFkXii'),(2024010053,'宋秀芳',1,'24songx53@swanstu.edu','$2a$10$o3l.9.mms89wx2Vu7oQ8yurnHXc1KC10pcZQty00hFp8cgFy7P8ru'),(2024010054,'杨波',1,'24yangb54@swanstu.edu','$2a$10$RCX1VvPOHiRKFNrIjK0xx.K4IOexBnC4WHgHc3e1uoVkT7DLQRi5a'),(2024010055,'汤丽',1,'24tangl55@swanstu.edu','$2a$10$OcSPZmt3IF4TB0kprSbbrOQo.vWVJ7Q9v9R06izNg1V4CZv8ztjTK'),(2024020001,'廖金凤',2,'24liaoj1@swanstu.edu','$2a$10$99vihLg.4QHlqXw7eia/7OGngkDopCQY1xiEgrWCMLP6BecIIIvCm'),(2024020002,'蒋淑英',2,'24jiangs2@swanstu.edu','$2a$10$W0Ej6w4uEttVJ/i261suyuv79BwTnY7kGPgv4v8Is8fpx8/Aapn6G'),(2024020003,'王林',2,'24wangl3@swanstu.edu','$2a$10$lHs39H/JBcbzdzfTc8/q9eFPnPdtto1y964zbE2uaDfx9hqqIsbom'),(2024020004,'胡桂英',2,'24hug4@swanstu.edu','$2a$10$6aNIW4xiNBD28/.4IMDjYuPBJX3Hrf21Oz7Ng8AoaJLoTf4h8YqrO'),(2024020005,'王帆',2,'24wangf5@swanstu.edu','$2a$10$2O223Z8QX/t3VVCHBrQcQOLhVSSaque6WKodXKDFJbszyqPB06yx2'),(2024020006,'骆磊',2,'24luol6@swanstu.edu','$2a$10$GlZdssaO8sUBfChnHV0Axe3aSaGX2buuGnN2uPRSzzTyGVtraoH/u'),(2024020007,'赖兰英',2,'24lail7@swanstu.edu','$2a$10$sMn/oarsAIX8V5IT2quoq.zXEXORItTh1tTKyoRrj7ektdpDxmAH6'),(2024020008,'王桂芳',2,'24wangg8@swanstu.edu','$2a$10$/Hs9X60MkIRp7ZIDn.AYMuNfDrNMMMgTMo7EwvPsCJ.201AoBIHsW'),(2024020009,'陈桂香',2,'24cheng9@swanstu.edu','$2a$10$XNcfeEHZONn67ys7KddsDOn4vONeaaL728PJiqfH6dktMhZh5Ca5G'),(2024020010,'葛坤',2,'24gek10@swanstu.edu','$2a$10$2KLUA3cNqDCfJ6ja2dXZie91tEPiFmtNaPndra/H23k//BcHSpR7y'),(2024020011,'贺宁',2,'24hen11@swanstu.edu','$2a$10$dFZLZzS1uUEHk4Heq/l9Le3De446dDPkcMKzvKqQmhoWNdgnsBjgy'),(2024020012,'秦琴',2,'24qinq12@swanstu.edu','$2a$10$D7Vqqy/s7HKEADtpo4.Y..QODenwQ0yYrpl8zYoQ2.wpXeIr3S6Iu'),(2024020013,'冯颖',2,'24fengy13@swanstu.edu','$2a$10$YcIvSqzgD72NaHa2RzEBA.y.r5zD/VsNZJusEesLK8GO8tMHPcHRO'),(2024020014,'郑静',2,'24zhengj14@swanstu.edu','$2a$10$/kNDeyiuaQqiNYlKtu7JTuvTaqIhKV9sCofP/0V6PckAtYCSOZc/e'),(2024020015,'刘红霞',2,'24liuh15@swanstu.edu','$2a$10$/t1vwJxkRHW4s6IV9LThCekqXp/y8f6NcthNTBvjvd/Sg1W.kis5i'),(2024020016,'陈强',2,'24chenq16@swanstu.edu','$2a$10$o05GOYAKflCuVqfoNm.9B.0TS510RQT8kT8Ysn5inxhhCVC4iG/c6'),(2024020017,'区平',2,'24qup17@swanstu.edu','$2a$10$7SBhS.jqGeFFSeerlznDn.TKiVFUcByhuDjvoXHRgL1U6WnQGTaxq'),(2024020018,'朱帅',2,'24zhus18@swanstu.edu','$2a$10$PPR8.eTd8x9Id3lNC88WK.osk0hioeakAqGCBrWGPthonOIk80mQW'),(2024020019,'程桂花',2,'24chengg19@swanstu.edu','$2a$10$o/t.OTbh/lbBzIh2xu7JX.vNJ12Zn27.KbQLVqoR/uBb/Cmulo4iS'),(2024020020,'解想',2,'24jiex20@swanstu.edu','$2a$10$nTuFPFO64UvsCLfrREH8V.m7g1gm3jfA59vQZ4ANsJ56m48uvVgTq'),(2024020021,'赵婷婷',2,'24zhaot21@swanstu.edu','$2a$10$dgiQJ8bb4zJC/WAVy1VuN.3wYi5uCWM.uLLvxPNq8e1JQRvF0Ryj.'),(2024020022,'雷岩',2,'24leiy22@swanstu.edu','$2a$10$kpopjZopFBcV/Q/xAGVgVeq11jbE7V033r6xPGNk135RdsPFxcFom'),(2024020023,'王波',2,'24wangb23@swanstu.edu','$2a$10$/o/K6FYWGBFTnGC15GO./.TnyizyX4Suwoj4UZ37ubK8TtRL2ehsG'),(2024020024,'萧琴',2,'24xiaoq24@swanstu.edu','$2a$10$XTXTbvHVV.oXLLmASNXOwOyYwnKANwa/uhSVyZLQhTcuoyOHj2ma.'),(2024020025,'张岩',2,'24zhangy25@swanstu.edu','$2a$10$1Ch8qNUd/Lsr2YfI/ttedO52zRkgGm0S5225cwF36WuqQc6BdQceu'),(2024020026,'罗秀荣',2,'24luox26@swanstu.edu','$2a$10$5ps40EPOCUZwWuiCKnxc7OiCFqcygsT1aVVHKruqgD4/KIEBCVlVq'),(2024020027,'匡欣',2,'24kuangx27@swanstu.edu','$2a$10$9GiaDUHq.OZhiFyeq6FTJ.GaPgBU4GospFeESiFHsXty/iXfNdmCi'),(2024020028,'秦东',2,'24qind28@swanstu.edu','$2a$10$w7HRznm.3gHuowqLQOXRU.z2Cum93gbP8.ol4pJ7EdH6eFpxo.ULS'),(2024020029,'朱英',2,'24zhuy29@swanstu.edu','$2a$10$Q.iAzL2PsuKF/lPEfiVvMOuuT8OOS2kXJ3cc1gRvdj4jl265Ny1Ci'),(2024020030,'谢彬',2,'24xieb30@swanstu.edu','$2a$10$kJSYpkZmb5wyOWvKKHbWVedPvvIBtLXxzjFrYuNlpPG5euBP3erVe'),(2024020031,'丁桂香',2,'24dingg31@swanstu.edu','$2a$10$G9C80yAkGE8SfR0t5t7Hc.fy/6RS1J/fMIXXB7aH8V/kf4A133.Za'),(2024020032,'赵磊',2,'24zhaol32@swanstu.edu','$2a$10$TDWCP8DT.8x0kMmWUKY.a.HZXEnasCPfPhIWE53qhQRlNy3u.223a'),(2024020033,'苏婷',2,'24sut33@swanstu.edu','$2a$10$Zh/Yw.56H5lJ6hs2b39gS.f178TrqYhph9FpPz9xevNiAAABnvLPu'),(2024020034,'龚博',2,'24gongb34@swanstu.edu','$2a$10$JqfNcgDOiezRz/P42K08TO0i4xou6HQoGJrS7VGS7TP8ii5iXxRKa'),(2024020035,'徐想',2,'24xux35@swanstu.edu','$2a$10$susmkpcvL.IA/bBRlQ7AWeN./b/IMD.gbnGn3Ikyterk2iKHqKoWO'),(2024020036,'文成',2,'24wenc36@swanstu.edu','$2a$10$QxxIre8PUNFuThR9m0xTHuWK6TqOEhGbkW0cCWbL4Cpwd34CVe5Pm'),(2024020037,'刘桂香',2,'24liug37@swanstu.edu','$2a$10$FNASnDM3/Iqfa/eIetCZteFKiYPrJcq133/LaLrXwYJvxY30ZYRim'),(2024020038,'鲜桂芝',2,'24xiang38@swanstu.edu','$2a$10$Zs2qka2NBYfObcwC2ImcieqaQgk6DEdLy2X0wIavV69idPJNxVxGi'),(2024020039,'陈玉华',2,'24cheny39@swanstu.edu','$2a$10$U/cM.9hVmDaAGQS3vJYAfeRPnsTOURbjKYZz2.ltXsIKCiM/Rey42'),(2024020040,'杨萍',2,'24yangp40@swanstu.edu','$2a$10$77k/UlvvfvGfo097kXC80.44KQPJFpIPwp/zszPPfuSIa8ZnRyqFW'),(2024020041,'覃杨',2,'24tany41@swanstu.edu','$2a$10$LgN0oWJfbPnwv77YZNY.VuadT8Z0zNIEg6L.lOheqpMdrwTafEcYC'),(2024020042,'郑玉',2,'24zhengy42@swanstu.edu','$2a$10$xK3jpgtyyolyOUd6E79ISOfJCCU4Y8h/E0F0/BuQG/ph7QUXNqwHO'),(2024020043,'谢超',2,'24xiec43@swanstu.edu','$2a$10$w6hv515FKHlwUQK50m56KOnve8S873a2uHxG1bsmtY/6eYWoQV7ry'),(2024020044,'李萍',2,'24lip44@swanstu.edu','$2a$10$0Bs/49rK9XQcLJ1XnTo4benBojxk8.TTwqqHRaOo97cbcYNnz7blO'),(2024020045,'黄晶',2,'24huangj45@swanstu.edu','$2a$10$gwIqFknLUhz6qWw5NzgW.OqjDLt0iQu6toQrcXrEgupM9mvLMGB0a'),(2024020046,'袁秀珍',2,'24yuanx46@swanstu.edu','$2a$10$dJRrdqMwcyhE3dsMwtDXr.9PhEd8q8hO49yVV0py2E1W6xbFF6siO'),(2024020047,'伍佳',2,'24wuj47@swanstu.edu','$2a$10$6XKNpUJHIO.WhsxAV/R9XOWUvcHUgk3MF6V2Zco252yNLgRUJz2Wy'),(2024020048,'曹冬梅',2,'24caod48@swanstu.edu','$2a$10$QuzYvcnuSwNjUh1jGEjkvuBpuZdR0gwQbnAJofVrNP.V.Vr/pJY4C'),(2024020049,'柯云',2,'24key49@swanstu.edu','$2a$10$dJeApiBrxI73/3ZKvNsbxOrhm1fTfk1T.TpDGH4T6NwxoOaqPp9GO'),(2024020050,'熊娜',2,'24xiongn50@swanstu.edu','$2a$10$gggDnmRE3MrveAkLkPU5/utJJ/XStkxbAdaqDgtrboUeJByUIWPI.'),(2024020051,'周旭',2,'24zhoux51@swanstu.edu','$2a$10$Z8Z7DL2JwhagMVZ0Nfk8V.JuiA15LBsCnJXppXM.CciJ41DhArIZS'),(2024020052,'陈红霞',2,'24chenh52@swanstu.edu','$2a$10$VZA9XKpbArXMj.QtR632G.z2qWjYp0rK6I4Gytefks/FQphqNfJEG'),(2024020053,'张冬梅',2,'24zhangd53@swanstu.edu','$2a$10$Sg8mBmp4jOCeU7v2Auvh9uQheDjolrNPkqlyTMZi6K8ibQ5GN//4.'),(2024020054,'聂丽娟',2,'24niel54@swanstu.edu','$2a$10$SkJr.vIxN2NIPa/55Q14.OlTmG.KEXPRDVXTyJgldwdIGpGJuqdgq'),(2024020055,'蔡利',2,'24cail55@swanstu.edu','$2a$10$q3tUTMWjO9EigXmEYvdp/OnendLyYJ.KhFXipRTlUwDRCx.K7kUti'),(2024030001,'李军',3,'24lij1@swanstu.edu','$2a$10$ZHNNDelLepeDDjDbHp.v7ObhOphjqPiBQT.f3BRhQBEZMjg0MOKvO'),(2024030002,'龙岩',3,'24longy2@swanstu.edu','$2a$10$u7ZqPBPvisk6adH6WCZ1bOuMuyHV.r2s00QihR28/8d87eWEskc9m'),(2024030003,'许秀云',3,'24xux3@swanstu.edu','$2a$10$Azx646ovNuQPYa2/KZF81.ND2KJbVFyhBTDYYTIsKzPPHfz2uSzVy'),(2024030004,'刘燕',3,'24liuy4@swanstu.edu','$2a$10$1YxzD.wIAyamoKyLUKlW5u7m5l57RTjlSDB16/VeGEljF.BfO/LRi'),(2024030005,'曾鑫',3,'24cengx5@swanstu.edu','$2a$10$Z8qXWjPRijsLdl169OrRc.F8k58Ump6mwUDw8YD3d6ApuzwJ1j2QC'),(2024030006,'林静',3,'24linj6@swanstu.edu','$2a$10$Lmm5GlhSLAuvNDyoZnJ9x.wUViAdvBmO3XSNVHtxDDsLOrR3Qt9se'),(2024030007,'冀秀梅',3,'24jix7@swanstu.edu','$2a$10$3pwIU8f79X.uQShD9ADgReDDkhDq758pTfmZAJvdtNj4LfBuscclO'),(2024030008,'成婷',3,'24chengt8@swanstu.edu','$2a$10$AoCCu.Ww2yy9kc0usYG4sekRJlIzwU0p4NHjkEXb53fOyHVijAgma'),(2024030009,'薛俊',3,'24xuej9@swanstu.edu','$2a$10$GJSdmgL.TvUEIOSCUWlwEupjW8AFgKijSH9n5Hl..MTc22P3yvY1e'),(2024030010,'牛斌',3,'24niub10@swanstu.edu','$2a$10$6npOKIfs.YnsaT04EVyRvOoR.gvIfusN5DnO3S2O2hBn65otJR8r2'),(2024030011,'王飞',3,'24wangf11@swanstu.edu','$2a$10$25ZVupj.mQPst.ORlQH6yO2GgI68dyhUfMsXv4H1LC.OkWfF/f0ha'),(2024030012,'孙宇',3,'24suny12@swanstu.edu','$2a$10$mPlbyLzhjDc001Nqw5WUWeyJOYMFxZ.yW1oAsdsJd8E/B3C24Ow6e'),(2024030013,'张英',3,'24zhangy13@swanstu.edu','$2a$10$jiJAI0epffmOVtfFDadwDe2b0ijIKurQvnETS0/TFTEkIcC7LxzIC'),(2024030014,'丁刚',3,'24dingg14@swanstu.edu','$2a$10$jJ0GjN46hso5PzJ.S.MoSO9mGZBbXCXFBQsE0AUUy2gYRU0dxr0V6'),(2024030015,'王利',3,'24wangl15@swanstu.edu','$2a$10$fnlnqJGaufLe/pwUuOj/P.GCWkhWmro6EeKC2MKehjytpEL6hdjEq'),(2024030016,'余晨',3,'24yuc16@swanstu.edu','$2a$10$xcAD4o7yQSDhTPjvOS5wruWXAOTKakBNa796j18VSalYroihtWdNu'),(2024030017,'邓丽娟',3,'24dengl17@swanstu.edu','$2a$10$LupDM54h4.bCFPR/KyEfpOGWtoXOAfaN23Ki0dMduK9XaJtxQakuG'),(2024030018,'陈瑜',3,'24cheny18@swanstu.edu','$2a$10$GcxqpGCAcSstJvYsVxc2keqpZocU/mpfOArnakWxZR2dq0C64/0xm'),(2024030019,'姜玉兰',3,'24jiangy19@swanstu.edu','$2a$10$8IRHqrV.ynhVY4dQ3aOY1OCwJp5HEaUNyEPYQtzDINLek6W/c0GNi'),(2024030020,'李峰',3,'24lif20@swanstu.edu','$2a$10$GCoFj/uJDtNQSShn5hNUi.4eToe8pgTfmtNwdkpog2Vx6lMxsnkcK'),(2024030021,'彭建军',3,'24pengj21@swanstu.edu','$2a$10$5uSON.t5/cAHhzpYRcvIweQa2xD.8v1cvb83UYGpfC127dj4YdUb6'),(2024030022,'郑春梅',3,'24zhengc22@swanstu.edu','$2a$10$QcWBt0voS5E6JsUrThM9Uu9nkIUZA9oaWagQNqlBhXdlDUH2SsD4G'),(2024030023,'全斌',3,'24quanb23@swanstu.edu','$2a$10$O3AoqqXHOdilJJtWqskX4.ppHFTep1LyrVLrZncmRJDh7qvU0Gru6'),(2024030024,'陈玉梅',3,'24cheny24@swanstu.edu','$2a$10$CUJW9J8iZ1v.vsPipukAW.7BLw/2zofbqqUqKFm9rpDLN.SDhxaVu'),(2024030025,'徐雪',3,'24xux25@swanstu.edu','$2a$10$zi.Mfgq5OL8PqSGg58CJO.vazNeZaBE8VZIpfT/.Lk2zILqz6ZvX2'),(2024030026,'李丽娟',3,'24lil26@swanstu.edu','$2a$10$xeRD80.7Ypj13FWoSO4Z2eZETfglCfuJZUm.drZW4etFVQ4nvgwXq'),(2024030027,'余文',3,'24yuw27@swanstu.edu','$2a$10$q58FUwG.8WfWQkv.rISe2..YlwXb/ftUR/4NsYpFe6v3.GpzfT4Q.'),(2024030028,'覃伟',3,'24tanw28@swanstu.edu','$2a$10$FddShyOoChKzMZpH6i6l4uP3qubJLjAPXxemC0AHoN/10wG1BHLCC'),(2024030029,'沈楠',3,'24shenn29@swanstu.edu','$2a$10$Aa0zxzNx5J.2IpcgZdafqODD.ORWRtfemvj3dRlx399SieYWenCci'),(2024030030,'蒋建',3,'24jiangj30@swanstu.edu','$2a$10$hySOggKQT/t50bekox4BdOc2bKoJfzZNefvI7gI232KnYvuVN90WC'),(2024030031,'韩鑫',3,'24hanx31@swanstu.edu','$2a$10$AW8Lzagu9m8rkdgkP.1Jk.YCRM9d.D2l3LM6dYIPXEep33YE.7toe'),(2024030032,'冯雪梅',3,'24fengx32@swanstu.edu','$2a$10$Y0fNzx25wGc/76mygQYMK.6lHIAMdK9m63SmpZotfrH18HO6kyAFK'),(2024030033,'姜东',3,'24jiangd33@swanstu.edu','$2a$10$3VE3P8zHGBZWXDPDPXYRM.AFeQdSTXluEdGmEvxVxHuYiQ33/GEBe'),(2024030034,'王阳',3,'24wangy34@swanstu.edu','$2a$10$S3.Bsi54QHSY2aSo0G/v2.1jQK7dmnEGfnNuhLX.ooULxrn3oQba6'),(2024030035,'辛琳',3,'24xinl35@swanstu.edu','$2a$10$ZAuzNSZfFDBjvbxK1TfZxOXVRzzbwaEjbQZvn1wfb899WiBsI9qmO'),(2024030036,'朱平',3,'24zhup36@swanstu.edu','$2a$10$vY56nB5asda8DejpB3LXGOiUxcGFL1UgA.74S8oOF/CloN.h3AXQa'),(2024030037,'杨晶',3,'24yangj37@swanstu.edu','$2a$10$fIqyyU8LWh0T.ddzCSp0FuR6d0K7gbKQOzOPtpBhhdnLvX0xwxLBq'),(2024030038,'唐佳',3,'24tangj38@swanstu.edu','$2a$10$0l2aAYMCt53qau0CQIoYRu6.ftN9Q/xldAYapQ9QmmRYBRCwjyUS.'),(2024030039,'周阳',3,'24zhouy39@swanstu.edu','$2a$10$8OtbjlPAXLnhNgRFTjaQNuD40Mc5QhNgoBYoUrGNLVqitF24oPMAG'),(2024030040,'萧秀云',3,'24xiaox40@swanstu.edu','$2a$10$Jtc4IXaR3I094yL64ftmH.uI2zVvGneNZLeaq8qenEpB1i0FsxCFe'),(2024030041,'辛成',3,'24xinc41@swanstu.edu','$2a$10$t4ZrCX5FYB6hEPCssiM0tOtkuRMk.6ICncRGZu4x3/FnfxVcmDdtC'),(2024030042,'崔华',3,'24cuih42@swanstu.edu','$2a$10$LNsWwaw.rq0wyNZcABs/v.4LJpXzad5qXbqtz5w3kaUyQl3DnMUgG'),(2024030043,'李玉英',3,'24liy43@swanstu.edu','$2a$10$OuiVOHo41lrSqU5rWlW/JOqjNJ.KyRJG2loaTfP85WoBLmKuTLzEq'),(2024030044,'颜平',3,'24yanp44@swanstu.edu','$2a$10$.Svi.KNBUzvKTsJ6c3SQlOWTyKp0NLFwv899LJvRLBXyAfHrg31NC'),(2024030045,'祝飞',3,'24zhuf45@swanstu.edu','$2a$10$1IbnSVg93U838xvfn3unN.tOo6AgLBr6seVgfa4F5/YmwKts30AQW'),(2024030046,'隋阳',3,'24suiy46@swanstu.edu','$2a$10$5aIpLuA1IVsrr8iriIwNv.lyjQhDCcao.Pga29eoiVd3BVGDq0T8e'),(2024030047,'贺春梅',3,'24hec47@swanstu.edu','$2a$10$l17zXxXJAMRQbklMYPU8gOx6G6vW8IUwldc3EZz0PuKBzcZRJOBUG'),(2024030048,'赵丽',3,'24zhaol48@swanstu.edu','$2a$10$G9bY3cAcS2/5hPW8uuARpuf8/DtkulnCdc8vQRZuDCT2ZRwm7d/72'),(2024030049,'郭丽娟',3,'24guol49@swanstu.edu','$2a$10$P0/0vD8NmUndqVAHKcnAnuumko2.glKnIeQcnKvwcm9d2McDPXu6W'),(2024030050,'王娟',3,'24wangj50@swanstu.edu','$2a$10$wqtTpFRmLJuCFcim0BdL1ugAP3HyEQAlhtEU6AM2AZDtdTCobY2.G'),(2024030051,'李瑞',3,'24lir51@swanstu.edu','$2a$10$MN6mB1.BQ9Qo7D8k/.FdO.NVddPYYXImcfTdHI.hCKNW4CSg8rMYm'),(2024030052,'王柳',3,'24wangl52@swanstu.edu','$2a$10$WGbPJTOLnyBlnQ1F6BDn7.nP2WrzdkFiu.W49ZExHGHATj0QjQ0C.'),(2024030053,'吴梅',3,'24wum53@swanstu.edu','$2a$10$qfBMTj6MnY2zVdi/LrOGH.a5UU2s/fo.68nL6cl5sZ..oQq337yfu'),(2024030054,'宋彬',3,'24songb54@swanstu.edu','$2a$10$Z/9vgvA6uXP0TPrSSriej.sxfdm5vKA37BdXemIls2WYuxMBCxcvW'),(2024030055,'申雪梅',3,'24shenx55@swanstu.edu','$2a$10$BCIJTdHQvGvhU55iOWyDhODnkbcJ8S/R0c3hgvSayphprJ9C9wWq6'),(2024040001,'潘明',4,'24panm1@swanstu.edu','$2a$10$2K40tUYhefpIeAcJtVgWjOjGJMPO6wx0hrmZW8BJJiM/hHxeCX9ey'),(2024040002,'张俊',4,'24zhangj2@swanstu.edu','$2a$10$bVpZUl7enWwVzRLzg7lmqumgP4Uc7ndkMhw3rGYV.SffjZOhGbWKi'),(2024040003,'陈鑫',4,'24chenx3@swanstu.edu','$2a$10$xxbyElTq932DvgYyBWuh1.YD16TLKmQbw1sVuOT12oa3WM/106TES'),(2024040004,'钱晶',4,'24qianj4@swanstu.edu','$2a$10$0kph6xw.hsaxGIstiizrKOGJE1VMY1oPAHuYh2ah0XfSstjsV3pvi'),(2024040005,'蔡秀荣',4,'24caix5@swanstu.edu','$2a$10$q1LgAYkjaw3/wUgNHkDaAON4IuYq9WpVE7AsSZaYYFXVSu49agJsG'),(2024040006,'施建华',4,'24shij6@swanstu.edu','$2a$10$icsLUl/oaFJEDx5NaK3U1OwMRYmQBCJ4zmkWJwoBfYm0pcli6tQAq'),(2024040007,'陈琳',4,'24chenl7@swanstu.edu','$2a$10$.XrvkO7Ks36HTTgAxgDKNeijBH2KLWuidhH.Gk0eAzl6EMDgt6f06'),(2024040008,'李阳',4,'24liy8@swanstu.edu','$2a$10$Tt7AgFmdfjqkwuhToQB5E.mHp2pKUhIFxiG7GZMVHo4IJDnZkRy22'),(2024040009,'林洋',4,'24liny9@swanstu.edu','$2a$10$vv2PFet3cdhxNgGXJ9cMo.TmcAFP.meJLl2VPp/iMXwhWVquL2Mt6'),(2024040010,'杜成',4,'24duc10@swanstu.edu','$2a$10$1RQIOveKVxe86wXGRvgvwulQR2hjMgqgQr9u.Q.lzCcKm6GR4WIGO'),(2024040011,'李婷',4,'24lit11@swanstu.edu','$2a$10$4xr8WXAMcWc3P2ZPhj6Ij.iUoS5ogb7R6SaTJPwYLfIWzmanbPtXa'),(2024040012,'曹英',4,'24caoy12@swanstu.edu','$2a$10$HgltsCtKV7SOhUSk0lB/8OU/W7IYBVZo4Ync2RbhuK0ivhjJ1GxRa'),(2024040013,'孙峰',4,'24sunf13@swanstu.edu','$2a$10$9NPUVWl.373nTrQk2ARknev1nw4ZGvxmhWejgnOn1G8Sx363UM0Ei'),(2024040014,'姚宇',4,'24yaoy14@swanstu.edu','$2a$10$.y7U3jfhOt/fplmb3Hz0IO5VkmfSTK0IfjUEvK973lbxl9GYQf/7C'),(2024040015,'马萍',4,'24map15@swanstu.edu','$2a$10$rWYBLVFy80LSFrMdzbNYGuT6G7EvYePX1pJYoUlIL9I7/foxlrtoq'),(2024040016,'龙欢',4,'24longh16@swanstu.edu','$2a$10$j5OBg/TNB0LU56BqCKdzQuosYPsB8xt2fo1a2CKqn/.rfD0E5RSVi'),(2024040017,'杨艳',4,'24yangy17@swanstu.edu','$2a$10$UBm92kH6oeDJuMaffWYxB.YlJOtJ4.VyhwNUiUGfMYobkFjDaL6t6'),(2024040018,'阎淑英',4,'24yans18@swanstu.edu','$2a$10$666uHlhELCIcUMpUe2ReaO5a.BGT2ZpRP/fPFQAZDeN0dsoL4FgiC'),(2024040019,'温桂芳',4,'24weng19@swanstu.edu','$2a$10$Ih52SMlUf8Lj2105g.fvNu2skdiIOagphIFLVY01EWd5RAfdyN5k.'),(2024040020,'刘兰英',4,'24liul20@swanstu.edu','$2a$10$z2Vqdd/PqKsMKafuLxJfie5ojh/WL8B8EecKLKMm9gjOiaMzWjpQ2'),(2024040021,'李冬梅',4,'24lid21@swanstu.edu','$2a$10$CKcgSwEwTPUbISJUnIF6FOckXZdoxr9kbNzv1dpx04EVTwiwVhcnO'),(2024040022,'王桂珍',4,'24wangg22@swanstu.edu','$2a$10$hbytk6HWUN4go.w9n6ffgukUNpjcvHmvx/Xw0.Tq/gxqtKe.79beK'),(2024040023,'陈柳',4,'24chenl23@swanstu.edu','$2a$10$BffGvFSWcSA1BE/eY8oqK.9gSnkm4yCcbQkLeJNS2AXXAmJNQXvhi'),(2024040024,'余瑜',4,'24yuy24@swanstu.edu','$2a$10$3CyqHYSgAWHEL7WWl6s.QOENNlUf9fg1iaISkSKLgm7w2crnXq4.u'),(2024040025,'岑金凤',4,'24cenj25@swanstu.edu','$2a$10$8IInYgjkPfZIcdYyZFOyLOmF3371h5ONHUeqHpK9zcsZtW9r5lFwq'),(2024040026,'麦健',4,'24maij26@swanstu.edu','$2a$10$574FGUaszLjOpUBcZIjxiuDfxvlB/VSIEg1zRTLDTSTbmJLiV6Kcy'),(2024040027,'黎丽娟',4,'24lil27@swanstu.edu','$2a$10$GQPVnN7mXc3QBTt.iHIpo.S4vOk5CYANXrghPii.eVImhgjUZ./iG'),(2024040028,'刘欢',4,'24liuh28@swanstu.edu','$2a$10$xEM70t83xmhDjnxcwYmltuO/2Z2tIJVIrZxdZe1DQgZ5FJHCzQgnG'),(2024040029,'李丽华',4,'24lil29@swanstu.edu','$2a$10$jzB7mYlHT7R.Vh5yS1rjNucUIKv1O3uzP3ORfb.QOrPcLWzT7uQia'),(2024040030,'王洋',4,'24wangy30@swanstu.edu','$2a$10$KgG2B68m6GoweNiQXGYhQuBxCwuSYKFGrMfUOr00PaNfyCgyg7y56'),(2024040031,'杜璐',4,'24dul31@swanstu.edu','$2a$10$bJKChLrEZj2xMLF9v789J.0lbED./.Xvx7ASqxidl0MsTolL3kdpa'),(2024040032,'严春梅',4,'24yanc32@swanstu.edu','$2a$10$5hogKOnr6nHri9hL356YQOYuoe8oA9Dxcp3uUfTYxYs7pl..kXUyS'),(2024040033,'徐丹丹',4,'24xud33@swanstu.edu','$2a$10$79m4H0YILthRH56YD5z2SOGRyaGYjVaoPe1curmuORZyvqcTiUjVu'),(2024040034,'唐平',4,'24tangp34@swanstu.edu','$2a$10$zYUNa6NGvmyx9UdjFkE14OrtlO0OdBPCc.yhc2X633OKcva2z2Ej2'),(2024040035,'林敏',4,'24linm35@swanstu.edu','$2a$10$8GfGM7wk5sC6fccJgy4J1.02pes3RYQfyVmj77BV48PxS8SEGcSGC'),(2024040036,'吴丹',4,'24wud36@swanstu.edu','$2a$10$yj8GgFnjAXQKn2U7FXbv8eQPIPLgbBnT4ILQ6aHD/nEI0df49OMGi'),(2024040037,'夏红霞',4,'24xiah37@swanstu.edu','$2a$10$9he61f7hVu1bKSDG/37o0eC3CakMIvE0M1k3Ltob4pzgCnrl/4k5W'),(2024040038,'张杰',4,'24zhangj38@swanstu.edu','$2a$10$nGWh0A7yz5e7vzkdy7MtCunrkLdXLuyaNBp.r3vqfIlQ1vcrfjANq'),(2024040039,'何健',4,'24hej39@swanstu.edu','$2a$10$oFcKmmnPZR1wssuahEBJEufQCuS3fCVLnuB1S.hL3pneuWXufyfze'),(2024040040,'黄红梅',4,'24huangh40@swanstu.edu','$2a$10$tDOMURK1QC2Mc0zPqH8uUe2iYlgIzHbyPFe9LUKo5ZuwrkUM3smMS'),(2024040041,'胡雷',4,'24hul41@swanstu.edu','$2a$10$7ZhzW659lglOeWhMWImsl.2CqE0PecMEIjfxYd8CLiZ5V0z6u94y.'),(2024040042,'纪楠',4,'24jin42@swanstu.edu','$2a$10$85p672TwNIZ/4QCQEz8zee05rcjoq8hGOEY12mYcIp/feDwhx8pVe'),(2024040043,'黄秀荣',4,'24huangx43@swanstu.edu','$2a$10$esGNEQ1yYk89auISBWywQ.r4oErPRyKMx2qtAZDbuN6sRWvsyZx8u'),(2024040044,'熊莹',4,'24xiongy44@swanstu.edu','$2a$10$z3Ntw9hv8LeW4BQX7rYc1OQHP2jWyqApzRzCyn/dr37ZWpMNSpmAu'),(2024040045,'刘玲',4,'24liul45@swanstu.edu','$2a$10$Uiz4ckZMrgq0smYXRyQq5OuHyoJg5GJm5GQRooH3iWWZjDdM3FPou'),(2024040046,'牛雷',4,'24niul46@swanstu.edu','$2a$10$rT7.ILF1utIhwZX8mLThtemqou1/.EqHigccCO277HhcHIJ/FnA8i'),(2024040047,'周英',4,'24zhouy47@swanstu.edu','$2a$10$5Z5r14I6qC4m6oPuKMFf/.IX86zg.LrpnYy7TH2u600gxmeTSgi/S'),(2024040048,'王玉珍',4,'24wangy48@swanstu.edu','$2a$10$rIu9FRwLAXkd7aA3zVAzZ.DQAElMzrrotI9GGjpQYjRfPnhQRSH0K'),(2024040049,'王俊',4,'24wangj49_1@swanstu.edu','$2a$10$3FBaKYw02NCTCs94C.bXAOuKz070df7Bu4U9aABULYRoKGABwfzAK'),(2024040050,'汤博',4,'24tangb50@swanstu.edu','$2a$10$T1vrTyNC7UMGvBB8pwnm9OkkaqYpEQNtBbZQpLpQN.Cna2FpCMg4i'),(2024040051,'董军',4,'24dongj51@swanstu.edu','$2a$10$ofRYS0Zf7hEQYFRZjcLUI.Eqc5dwEyeLcfQwmwcA1MPo8hyqUc55.'),(2024040052,'成秀荣',4,'24chengx52@swanstu.edu','$2a$10$Lzl.y48Bb.QN2Bo5.5uwHOW.w.zwT8a2JlszFNU3gyrmPVzkYmayK'),(2024040053,'满鹏',4,'24manp53@swanstu.edu','$2a$10$AayM42sU/p32rbeHjHV55OBtQCi0RR9BNA7B/CRCtvvFl2WPSVpA6'),(2024040054,'周瑜',4,'24zhouy54@swanstu.edu','$2a$10$HGUbfp4BBmUwecuUGDKHY.GZ25IZUh4mz01gMaGd3yqHPrbYAWn1S'),(2024040055,'刘军',4,'24liuj55@swanstu.edu','$2a$10$yvU5rgVYVhZvmFN4ODnXtOne.WxIN3RoFOhlAbfYauIW4ntAy8YzO'),(2024050001,'刘凤英',5,'24liuf1@swanstu.edu','$2a$10$HU5nQ0OCx1T8gVoyqz.aWO..wn4/SiSDFHBhs/vdS3pubrsjg5VhC'),(2024050002,'杨强',5,'24yangq2@swanstu.edu','$2a$10$3d49ucaLvYV8/HXIX.GksOdRt6pa3.uCJ85jar614Pz2cGQD1CXyy'),(2024050003,'刘桂芝',5,'24liug3@swanstu.edu','$2a$10$2Rn5/lTnsW3270wZGISVd.BfhTQiVTefcG1/H/GmyJ8.2t8Hzpy/e'),(2024050004,'谭建平',5,'24tanj4@swanstu.edu','$2a$10$LM84bfMCsTZ20Tl7SYITp.RFVb9bne/3w56sREQXoR8WIfqimS5Lu'),(2024050005,'王英',5,'24wangy5@swanstu.edu','$2a$10$h1g3H1HB/GrszMVEfyp2UeDvDoaHRe6gXTreVjmT2mwzuGB.PHSz6'),(2024050006,'李文',5,'24liw6@swanstu.edu','$2a$10$/K8aJuOXIJgXwaR/MUke5.NHfYoJPhPPOO3uVxBIXu8loJFXjtlzm'),(2024050007,'宁建国',5,'24ningj7@swanstu.edu','$2a$10$V9NoCRZVg5xgYrgab42cEuGebVHhHLoShu7hVnDosG6htksu4a/3O'),(2024050008,'王梅',5,'24wangm8@swanstu.edu','$2a$10$aIkgQySkk5W/KoZJbrLXlO/r5cb9RAi6Urb6tPSBn1/UBw/9eKJFC'),(2024050009,'王兵',5,'24wangb9@swanstu.edu','$2a$10$FzMwCRsXNX9MLCR5Mc1DjOIsZ0zTzp0bUBBUUn7PDW2A/FLdr0692'),(2024050010,'翟桂兰',5,'24dig10@swanstu.edu','$2a$10$PNTpVCDuwNTuHbdrk.vTc.JSg534v5ixYyZn8qaSIPxB0Paev.PQ6'),(2024050011,'宋淑英',5,'24songs11@swanstu.edu','$2a$10$d3KXDHiMlOiiAsdAwehmVOKY6VuShdgESPkaOF.R.V6sJHTK.L1sK'),(2024050012,'李东',5,'24lid12@swanstu.edu','$2a$10$cXpW4I7qdWnFpWZPsa8KP.52etUdVvvJl9sK.pLii.6jfOOQf29qG'),(2024050013,'游秀华',5,'24youx13@swanstu.edu','$2a$10$wyyePBgqL/Wwa0Cm4gKxNeaaAxRViLhwhY4R9/rJdrsUvGMwogAjW'),(2024050014,'邹桂英',5,'24zoug14@swanstu.edu','$2a$10$AcWF1wH.aGh3tU.gpxrqNuPkJApWpcN9qkZcKV9vbEEU6M0.zcS0G'),(2024050015,'何东',5,'24hed15@swanstu.edu','$2a$10$MOeAvBSZFoT6WzEnxK0aqe9PQcWNhdUaQaiJnswR/Q1UvjwgM6UQe'),(2024050016,'熊坤',5,'24xiongk16@swanstu.edu','$2a$10$XkdJKD0eUURYezMjGol/aO2RLaA9vJDD7t6slwjtbFlIWL9ARYxky'),(2024050017,'张军',5,'24zhangj17@swanstu.edu','$2a$10$NMkipInOtM5IB6Uo6BeT0.u4/VcOWDcX57.Rlhez0jIfsi1kF9czG'),(2024050018,'张欢',5,'24zhangh18@swanstu.edu','$2a$10$cmMSdhxT5Oiqt1081dtxsOLENVQD78wLTG6wqscB6vNyC3dcUnzGS'),(2024050019,'王鹏',5,'24wangp19@swanstu.edu','$2a$10$IuOOyuW1V5rLcVwR9NUHeu2qw46noH5Qb24g93lWMjSXWtSflPZNW'),(2024050020,'马璐',5,'24mal20@swanstu.edu','$2a$10$JJbFr0gvVGoQF5kqTcztcOMv/jAK7293rIXRu2CprJJuAtJ9nbqPe'),(2024050021,'张宇',5,'24zhangy21@swanstu.edu','$2a$10$EEznjGKxnksUvBbfBjP4ou13XsftNm73EMlbiBJXOG1YQWacs8zyW'),(2024050022,'丁伟',5,'24dingw22@swanstu.edu','$2a$10$M7Nnmvcf8.viatWslCdRxOjLFva7CKfYYaoMyGhl7.aKIJrqGNtx6'),(2024050023,'张建',5,'24zhangj23@swanstu.edu','$2a$10$laiWU6QjnTYJ3Ir0UOLB.O1nM83IQfgbxz9oRjLqLUll3oNwqqqq2'),(2024050024,'程秀华',5,'24chengx24@swanstu.edu','$2a$10$CCgdU1q6AHpRB4AU8COsQ.RpdVzD/wYgtyuZuWJUWk/A64H3ya69O'),(2024050025,'杨海燕',5,'24yangh25@swanstu.edu','$2a$10$5aw94RB5hPYvJo6Ne8Y14.wTjPIiR8I6fjUFUQQ5Ay.YhTLQc.cwm'),(2024050026,'谢斌',5,'24xieb26@swanstu.edu','$2a$10$Q20HGx/aQQeUhIHu.Tqgve/pVdMDxZJL6iC0cqCI1ECXgZBFtbljO'),(2024050027,'顾琳',5,'24gul27@swanstu.edu','$2a$10$5Iaop6.alQY2vbJTVs8TreL.Af1ST96Jip9hHLxF2s2DzqYnv3SbS'),(2024050028,'江兰英',5,'24jiangl28@swanstu.edu','$2a$10$o9Ob6d/SvqZSc4781Atl3OY23.A3HtZ4WJXmmrwqf7TlcvIhaDjBa'),(2024050029,'刘波',5,'24liub29@swanstu.edu','$2a$10$juryFr0LIW921X4kgjyAke87NXK.F5bs7Om5rfAVRRwQK.LQUgMQW'),(2024050030,'查建',5,'24chaj30@swanstu.edu','$2a$10$yDlA2PmqGqTfIwdhPamwqejBiwtI7FPWuR6HM7hFGT8Y495JS/O8.'),(2024050031,'徐成',5,'24xuc31@swanstu.edu','$2a$10$5fyRjyYnoEUGuz6TViV5MuH2/6ICDmAyz9LK.vmsuLgGluUn.jwNm'),(2024050032,'宋秀荣',5,'24songx32@swanstu.edu','$2a$10$tUTo2dmmlHevnzgeBH1IKeHkh6Nwfyq0FOw00iUaW.Ph/3bTxaQr6'),(2024050033,'孙霞',5,'24sunx33@swanstu.edu','$2a$10$I/6mkr5/mP7Isu3Q0v4DGuJD9hdfAk/hyJkToLwqVu8b7WQamM5Rq'),(2024050034,'周梅',5,'24zhoum34@swanstu.edu','$2a$10$1cfMc1cRzCPcAnrRbw8tK.xobf9ZpUGHHpaluXtKdoEduelMySm4e'),(2024050035,'谢秀珍',5,'24xiex35@swanstu.edu','$2a$10$F3I1Vo4mJ6O2z/zb/qzWk.i5NRymIV85GPgZ3b4/KrRTRju085hI.'),(2024050036,'李秀荣',5,'24lix36@swanstu.edu','$2a$10$24sUPbcGckOLXDE7uClf3ujlUDs8W3rMxF26UdpZ19YD/nkkCiFDC'),(2024050037,'张秀兰',5,'24zhangx37@swanstu.edu','$2a$10$tJSZseXZPEJQC1sHn3ox7eNoFHlzspcTE2RcI56IQAiQdwVHKBRu.'),(2024050038,'李红霞',5,'24lih38@swanstu.edu','$2a$10$fyJU14Y3OEiGGiaQGwqPxesPkp28IJbXPM3Icetfk8/ueQQiLIOL2'),(2024050039,'丁倩',5,'24dingq39@swanstu.edu','$2a$10$k5nX89NUB1vqYUxkFtM1cOpsnkN3Md1SBCdhCEurpag5KXkSl0Af2'),(2024050040,'陈玉兰',5,'24cheny40@swanstu.edu','$2a$10$KK2rrVTuR7DShOeVfpRSIORN5VmCu9ATdscxCYG2q4t/3zCoCORsa'),(2024050041,'黄平',5,'24huangp41@swanstu.edu','$2a$10$s7r4snyf80kRc/5rptOzoOmuO.NWxfRGz.ZABvXqUlYfYHK4.vLQu'),(2024050042,'苏柳',5,'24sul42@swanstu.edu','$2a$10$zJZqUkio/WMaABcpSKMT9.vlM791hK652qty69/bIkJduR1J5qSQy'),(2024050043,'严莹',5,'24yany43@swanstu.edu','$2a$10$GMyync7UjgMZHTWMkSsEM.Fx4DKTQSqwxP3cpnAwWa82QuJFzFYXS'),(2024050044,'林秀云',5,'24linx44@swanstu.edu','$2a$10$Fi.WbrH/Ls8Qu2H5TjZnDO92szCfkjIOeJFtc1PVoj60IV6YkL4AC'),(2024050045,'许玉兰',5,'24xuy45@swanstu.edu','$2a$10$yi1c8Dpd/9bEMkbPvtFWMuJSuK/wgfvrdm/UHAsOf1OnIq/zK95eK'),(2024050046,'傅雷',5,'24ful46@swanstu.edu','$2a$10$BriAkq5XHNDQOQs7jicPD.6Axh5Zi0tTMDL5nHq0in3Kw5dW1gu9m'),(2024050047,'王燕',5,'24wangy47@swanstu.edu','$2a$10$F8e30Sj4dPTwVZULbDx5H.1MNG7FLiGI6EGwdQaBejONXakz.ZDby'),(2024050048,'张彬',5,'24zhangb48@swanstu.edu','$2a$10$AgVBaZObAGGd9KU2Wv/aE.d2MgdvZNEtz3XvOHuYV8nPBiGLdlOKO'),(2024050049,'马霞',5,'24max49@swanstu.edu','$2a$10$DQFhkFqt3xlaC/IchfVEzObwAqHDAY3Mb49EJUaaH8KErELHvxI0.'),(2024050050,'李春梅',5,'24lic50@swanstu.edu','$2a$10$ZSi8StDA54oP0EP7G54iBephSEoUYHanvuDjWtPy9v.kkEfIhFHGG'),(2024050051,'袁玉',5,'24yuany51@swanstu.edu','$2a$10$Dms1FJvML3lXynGtXEozdef/uwXIzX.LBpAhF06cpuqcwaajE6Fgi'),(2024050052,'邹玉梅',5,'24zouy52@swanstu.edu','$2a$10$nUhHrTXbRkRzhzQSmvYZV.orRljKd2L605eQJDf8dX3VpzLggPmLW'),(2024050053,'邓丹丹',5,'24dengd53@swanstu.edu','$2a$10$p7E96BzC6Ghs8Pa.Y.drhe2FrI9RpxChWicwUIY5Rm5EdeoSGxJEC'),(2024050054,'杨欢',5,'24yangh54@swanstu.edu','$2a$10$2r/FLHFklBQyXh51BSdJPuiK9WeTneyJP7uzfwPZg4wc6i79mY6jO'),(2024050055,'周瑞',5,'24zhour55@swanstu.edu','$2a$10$kdzvNe0u4GiyrpCkbfMANuW9bdtw85/uvXzTDfeP7Fu3/yi5ihonW'),(2024060001,'刘秀珍',6,'24liux1@swanstu.edu','$2a$10$cMXvjDud5KKugkISZef4Pu5xqJpCysaosxknvTW5XFuY4WBKPs5aa'),(2024060002,'李云',6,'24liy2@swanstu.edu','$2a$10$yFgiBTzQK9ntxebQt4emQehyY.YjGcBmU6lQuIVB..WLBqCc9EvmK'),(2024060003,'吴丽丽',6,'24wul3@swanstu.edu','$2a$10$hHHQQ79darnWt.OaW89uD..W2XFdoMwkagnB6fdsWXi12GiWlirvq'),(2024060004,'张桂英',6,'24zhangg4@swanstu.edu','$2a$10$Rf0Y5KL/mkfysnp1Q4SiN.3hGQAjF9UTYKUmumNI/uOMrbUoR2IQq'),(2024060005,'李玉华',6,'24liy5@swanstu.edu','$2a$10$vk20w77.urMNQ2XG5RIbPeUU6p9BIAjsvNZ0O9C8BJXsDZND0GGTa'),(2024060006,'刘坤',6,'24liuk6@swanstu.edu','$2a$10$s9G4of7o5AkKvnOF/hSWDey4FPP97QVQnwh3yRSrcIHJv/fIlGza.'),(2024060007,'刘强',6,'24liuq7@swanstu.edu','$2a$10$NIQHGbBpyf6hwukYyH1XqeMCBXb3L0UGWZU5vgkzFmQobfsg.cGgy'),(2024060008,'王海燕',6,'24wangh8@swanstu.edu','$2a$10$TD2teO5mqAh0siPoC67kWO.yKiK6uvCpA5HHmlzM8O/8aij9K.6PG'),(2024060009,'王建平',6,'24wangj9@swanstu.edu','$2a$10$E/PdJJ3Auv7OVs5koXPOUeLK7oAQyC6BXwmz9tX1h5xJv6RHT3PS2'),(2024060010,'殷宁',6,'24yinn10@swanstu.edu','$2a$10$nLeHhlSifG2Wtn0MTDxQROp7u8Xod5eza9l4k5DKvaZ1llur6a/TC'),(2024060011,'刘丽娟',6,'24liul11@swanstu.edu','$2a$10$n94OVo8SbFO.mT8Enwbu8ebkFrc8oP3r8kXxJ7cLo5pizf4Aa7mpm'),(2024060012,'何英',6,'24hey12@swanstu.edu','$2a$10$nhhTPJI1oXmlVIe6Sqi32.glA91iLL88WugdN89EWSoxypkSG/h4.'),(2024060013,'庄秀英',6,'24zhuangx13@swanstu.edu','$2a$10$NqcoUnSkxyEj0h53idSWHu66kbstMbHf2q3U5eQO2SzP4VvLHNd5a'),(2024060014,'林艳',6,'24liny14@swanstu.edu','$2a$10$R9NDU9oeL1zQ6Ex3gMf3FeLql5mwwEeDueF7Iv0rJRpTR10aydKRe'),(2024060015,'朱阳',6,'24zhuy15@swanstu.edu','$2a$10$e05mGx6K9bjg6i0oIMsu.uNQhyYcTVP/ty3egizFqz.RbiZdO0qse'),(2024060016,'赵志强',6,'24zhaoz16@swanstu.edu','$2a$10$ysGvyaMdt7Enudmi1r8J5Oixnp5uRNjT9NzNnp3Gx0qGeFdYdg9PK'),(2024060017,'董英',6,'24dongy17@swanstu.edu','$2a$10$wNM0mM0cUAgXcatlf2Et9.eZ30x2ag6CsK.gHJra2zx6TT4PmeKtG'),(2024060018,'赵丽华',6,'24zhaol18@swanstu.edu','$2a$10$Pt.eAttal8rZ7ToBKObXVuIdPyfcKFdTzvjMF.yMdabsnOghkhjWO'),(2024060019,'钟倩',6,'24zhongq19@swanstu.edu','$2a$10$QVt2IuVY3rBUIWVJE9QqAuY47p8dVAlHvivpzSDmz7un7Jixskpdy'),(2024060020,'刘超',6,'24liuc20@swanstu.edu','$2a$10$s7z3FDNAwf7v3JlvC7LSnuaMnId8Ko.PExFA0e/u.IKX8CJOSMqbK'),(2024060021,'王欢',6,'24wangh21@swanstu.edu','$2a$10$Tmaj7IqKHrXC8DQyJKm8c.esmWzsKcylweqOcuxZiNEDtU1tbcxVW'),(2024060022,'郭柳',6,'24guol22@swanstu.edu','$2a$10$i69ysZk5/KLg8PubKqhO7.fqI9CiC2k4RB4QMMSlrLJjEE2eez466'),(2024060023,'任璐',6,'24renl23@swanstu.edu','$2a$10$lRDnn9a4aXaqS.D3hP5T0uexphjBKStJBF7cdi2D1XXINbzRY2i2W'),(2024060024,'覃璐',6,'24tanl24@swanstu.edu','$2a$10$6ytebKLmDKChdyG9S8WHEONJG9065nk7rb7zd9sPTicq5gIMx3jlC'),(2024060025,'华丽娟',6,'24hual25@swanstu.edu','$2a$10$JjAWoArZ9uolZ74Gu1gSu.0Qal4SIFV/qXOYMISZgXM3Aun3w7alq'),(2024060026,'王敏',6,'24wangm26@swanstu.edu','$2a$10$AqJsOSlKHVfmODvWK5rkHOWW3l6m1QNhsDtjL5mLdg0PSkM23Wt/6'),(2024060027,'王彬',6,'24wangb27@swanstu.edu','$2a$10$erASHWXPdKl4S3OEA8a.FOnMi0E6nATfL.x5Ed60HcjwBOxT9Wd.6'),(2024060028,'谢凯',6,'24xiek28@swanstu.edu','$2a$10$b4QGXzfwwCmaJaESStxmweeR38abYcp3Elp.4yGQpkKxNm8EmfUj.'),(2024060029,'裴坤',6,'24peik29@swanstu.edu','$2a$10$cfDqXQguZjqBzlVDnCTjSuHAmGsJj1JMsLEutNpByO9tqPM9BhXyK'),(2024060030,'王秀梅',6,'24wangx30@swanstu.edu','$2a$10$IqezeFN0bhJhFPU10zEfDubEI8eGiNNpZuXUPK3XdNx./KYfWlNRO'),(2024060031,'王军',6,'24wangj31@swanstu.edu','$2a$10$hD1Oy42lOToVXi08KGN8fOwKfrqav.X8AwgP3IUv0oO27lOow5Tle'),(2024060032,'郑凤兰',6,'24zhengf32@swanstu.edu','$2a$10$kBFHMsrKj/XTjhb45n776OusExfliNIS4f7SlV4PErXCEQCP4i6dO'),(2024060033,'魏波',6,'24weib33@swanstu.edu','$2a$10$DBLgS8bqRcOBcHpopbdWF.K1fmgl9X8Hx2Exwi0D.ffDArCRJ67C.'),(2024060034,'熊帆',6,'24xiongf34@swanstu.edu','$2a$10$tgXR7zM3cpXbEL1pnIesWuWhXlSza30E8nmH6maEa.lypt/a50pNO'),(2024060035,'王楠',6,'24wangn35@swanstu.edu','$2a$10$rxEz.x1i7naKX2QaxSFR1.wJCRe4p2pX.eFDrOBg2SdxoC79NU76S'),(2024060036,'王婷婷',6,'24wangt36@swanstu.edu','$2a$10$0tm01m9ASzHeZSESll8Kb.17hiKqYUjdhUPSrdC6nYO.xxOWhA.3W'),(2024060037,'罗静',6,'24luoj37@swanstu.edu','$2a$10$63hDn4TzRv1elU69kWGRCuYg9ijE3XUacs/gRKcJuubyZ5NEXqK7q'),(2024060038,'黄洁',6,'24huangj38@swanstu.edu','$2a$10$xYV9BhB8Aj6Caap6hM97MugAs9TmlNas0nQ5OFP4yMMsvMwoZaNBS'),(2024060039,'郭欢',6,'24guoh39@swanstu.edu','$2a$10$ETVpd7PJrfCFmtC46uLQ7eD/E5H5c1ZNC7JPzRSI4Rw.O5/gLgWc6'),(2024060040,'姜璐',6,'24jiangl40@swanstu.edu','$2a$10$7Y.UzNjAHzYf7UaWDc1syOX5GyUSyNSqg7NsyDQXYJcF8jTOhnKYe'),(2024060041,'胡成',6,'24huc41@swanstu.edu','$2a$10$N9aK1dRlfCOgztW32Ve6x.zJQ2Gt.3zzckW8IsyGGwiOxiQFYcd/K'),(2024060042,'梁欢',6,'24liangh42@swanstu.edu','$2a$10$PF1rtzgNWMbghbMkrn620efh7RSQCAopT0XPbThC8hzkDYsTBKq4O'),(2024060043,'韩旭',6,'24hanx43@swanstu.edu','$2a$10$g0t0a9hCVcmELLyojNgq1O1j.zltYe7kPzjdnefJOPDvP7IMNOeGe'),(2024060044,'张桂荣',6,'24zhangg44@swanstu.edu','$2a$10$7rUvddnsg9huX7IIXi7VOeE4wXMthT7NPXkI8UxO5der0eTD1Vo3q'),(2024060045,'张雪梅',6,'24zhangx45@swanstu.edu','$2a$10$rlb.d5t0kMflfOhA3gktZOuYW1vztxh2lm81q18//yW5EBEl/xXUG'),(2024060046,'窦婷',6,'24dout46@swanstu.edu','$2a$10$hjZSNrz7QgGzZ46jMV0ZNuK84EzV91Th/cRWKG8LILr.gP5PLPThe'),(2024060047,'李丽丽',6,'24lil47@swanstu.edu','$2a$10$IuXFbxCQkwxyPqiWCvSTxONsCgssPSZ/flq/RckKn3enrojaEePke'),(2024060048,'陈兰英',6,'24chenl48@swanstu.edu','$2a$10$UVvo7H4XqgtjY0oyi1qszexHJ5/tkC7byBlWLV9zcGCAwDxMkvibu'),(2024060049,'左峰',6,'24zuof49@swanstu.edu','$2a$10$PpfiTXPnBJph/T9MbjFRSO9tYNQKpkp4iDpSzvlujkTIYjL55E.cG'),(2024060050,'黄玉珍',6,'24huangy50@swanstu.edu','$2a$10$nhRqxwTgd3pl6VamUmw3Euz9pilYWTQ2W17Va7QPt.nCjEgQD6ooK'),(2024060051,'黄桂珍',6,'24huangg51@swanstu.edu','$2a$10$2Jy6349RtUKwyP5p2SwqWeQ.B/oLh0/V8v3RcNjL.MCNAb1XBMYDe'),(2024060052,'蔡艳',6,'24caiy52@swanstu.edu','$2a$10$ggRXHM.5lvujpucQSyPkCenBHe6jdf0y2EsvpqN9zx4re1UAdx7vm'),(2024060053,'郭龙',6,'24guol53@swanstu.edu','$2a$10$10koEBWKwuEERlfSaFfFoeDg5ZVvLvc6RjPDN7I2qUGgiI8l0s4.6'),(2024060054,'汪伟',6,'24wangw54@swanstu.edu','$2a$10$E0sGNMp1DR.Ys37DVsftW.jaNYmILqaOH1/xOrulfjW7Ot98ytLRu'),(2024060055,'董杰',6,'24dongj55@swanstu.edu','$2a$10$3MPOSXiOgZY/X9byCDLTguTijlKS6soSfh2VM/IKMmGt9E6xHY9C.'),(2024070001,'王玲',7,'24wangl1@swanstu.edu','$2a$10$rnhUnOv32u5wyjUe9rr66.lu0HrppVexoq4xxrveKhWYMeEZ.PxVy'),(2024070002,'王峰',7,'24wangf2@swanstu.edu','$2a$10$HXCf7BZb8VEh3dQhHMbzp.XNkjKhFWu6e6D7IMx35SZk4i6FI4hw.'),(2024070003,'李欣',7,'24lix3@swanstu.edu','$2a$10$u6PCIqSt62idEeiY4IH5Pu5TdIfhrrOKcNePqoSVFYRLUQMn1PX5K'),(2024070004,'赵军',7,'24zhaoj4@swanstu.edu','$2a$10$fpD0LSGkiLFb9iOSBev33eDW9Lgkm2Y8wkCaNJYZoaof70QO8b9uC'),(2024070005,'周柳',7,'24zhoul5@swanstu.edu','$2a$10$ZFDtWU0i0VO47dkf8F.mk.4FpFVQ.wvTPC.PhUiSjuqV7n2CM4CN2'),(2024070006,'唐玉兰',7,'24tangy6@swanstu.edu','$2a$10$KjthAwRmAHPqDG8GM7ROmO28NmGgo4TVuGpQ3tmJWdBLFQTEXob8W'),(2024070007,'李俊',7,'24lij7@swanstu.edu','$2a$10$XimfgZwV2L6JOELCMoNA1uaODUyiwO3Fgm7IntTOaokKlpHeEgk.e'),(2024070008,'王佳',7,'24wangj8@swanstu.edu','$2a$10$3vSy4n5FwOAQaPKFMQGbZOPE7R0Dkdj8iaV4P.fzgHyE7GfaEq08C'),(2024070009,'黄伟',7,'24huangw9@swanstu.edu','$2a$10$rjWuVT69B27BIEzKIzbxiOf7/Xhn0M3t0Hv/EpwOyBtF7CbQYOHYm'),(2024070010,'秦利',7,'24qinl10@swanstu.edu','$2a$10$pnL8.P3TCF6qNDywwehJ9eux2GB.GsIeWgf3aBdMOJWwEC.G5.lC2'),(2024070011,'徐建军',7,'24xuj11@swanstu.edu','$2a$10$GtrSXWyhnGmD0cgjaqFDx.2m4RSzIMKoKBLYXKUZYNXWqYGcI/mJy'),(2024070012,'周明',7,'24zhoum12@swanstu.edu','$2a$10$OZInbpWahyK4oJevLmjhb.u1ExyWht/JVLJZjhCnCAOEbQ18rROKu'),(2024070013,'张红霞',7,'24zhangh13@swanstu.edu','$2a$10$2VVZykqVUDQ1xgjWm4Jode.AU0NKZ/.vgAWQadaetWWBo8aE8vO4.'),(2024070014,'马玉英',7,'24may14@swanstu.edu','$2a$10$DUGOWUxMIZzrZTmY0/8d1uTOch/wYh3.WkumweVAjZ/AaMQ/0RIaO'),(2024070015,'贺鑫',7,'24hex15@swanstu.edu','$2a$10$t0ohAJ1Ikp0.bojlDqX6d./RSmnKLA.sUzFgII9sjry0Dcc2bz9JW'),(2024070016,'雷小红',7,'24leix16@swanstu.edu','$2a$10$V8pUHrm.69sheiKn5OBiBeUYzeMVysmM5yCqTukKTEpF9.InxCLvK'),(2024070017,'贺平',7,'24hep17@swanstu.edu','$2a$10$605ScWnXaj6zAXUyQlKLWufW.8nvaDq4cDc40XqZA1rEWyi0R7NWm'),(2024070018,'何丽娟',7,'24hel18@swanstu.edu','$2a$10$XHSmz0cJwsewU2mNTgQnPOHk/Eayr.ayPMw8BQdMVAkyGA2l8IRc.'),(2024070019,'徐桂英',7,'24xug19@swanstu.edu','$2a$10$3fKHFo9.m3c4odPyJf/0k.PUDuXCDDCT6gDBO7R2sB7iBuprSPOdW'),(2024070020,'孙桂香',7,'24sung20@swanstu.edu','$2a$10$ajDTv.Anh/XmzYi6IxIKbeZBmESkKDrOGcsFS0HP.Viwmzo4ADzWS'),(2024070021,'张林',7,'24zhangl21@swanstu.edu','$2a$10$C2/2Y1ENGwGMajPW8BsI5OSfzdcFOSH80DwJ5PT.Rv7GfUkpsEi6.'),(2024070022,'黄佳',7,'24huangj22@swanstu.edu','$2a$10$vLcx5d3R0ECSiAgwKy8psOutUbfUFbg4YhVAWOUDgMV3YB6ii5T.i'),(2024070023,'郑雪',7,'24zhengx23@swanstu.edu','$2a$10$YZFGUMLaQ.nqMvG9FBZ.peHMCdZXiTW4i2/3xF1h/erzOQVJmG5Oi'),(2024070024,'高秀华',7,'24gaox24@swanstu.edu','$2a$10$xGiPuX8delOhiJIIFgCzM.JxYwymAs89hculxR1rmYVkdEyyFmjHC'),(2024070025,'仲刚',7,'24zhongg25@swanstu.edu','$2a$10$lCCGwLgy9WC3doXJH2G8uOcU0lNwqjepdcWwOjVbpdJ257vfudrd2'),(2024070026,'岳雷',7,'24yuel26@swanstu.edu','$2a$10$2iq9NUuGD3lDqb4VgsWsMuoWlNmrlMxS7OjBKWEOH134QpSsfEkd6'),(2024070027,'张丽娟',7,'24zhangl27@swanstu.edu','$2a$10$LJKRniTyhfFxwukZhnujUeXKcn1rz/xB4Ptpj83uSQ0bcP2M8KJAW'),(2024070028,'郭帅',7,'24guos28@swanstu.edu','$2a$10$86k1DT82CexzweVV3IlutuJzKvswZ0aasrpt/qZ83g9FlzZp6T4Zu'),(2024070029,'袁欢',7,'24yuanh29@swanstu.edu','$2a$10$HAHvn3noV30m6oFYhAFXH.QhQ5V0H.cmf5rkNs8n9p990J5pOw9S.'),(2024070030,'詹玉华',7,'24zhany30@swanstu.edu','$2a$10$MXev5lkN2Dg9VY3zoBQpgOgHpdFSZjUJGTaqQYSTz67en3cmcVpB6'),(2024070031,'高燕',7,'24gaoy31@swanstu.edu','$2a$10$sEmL5XJiTtz7Tsh0lGLcP..Ff0uJ7XO1az1c8N1c8AabyVDeD6hNO'),(2024070032,'李雷',7,'24lil32@swanstu.edu','$2a$10$AwY5agEVB7n1xkbdrxxJ.ewCKq70lxUhjITukofMEp1YlaAciV8bm'),(2024070033,'陈桂英',7,'24cheng33@swanstu.edu','$2a$10$iDRhMbOBVJKwvNuv2WwlXOBAWDUnSsOGlXRFf8LFY4M/qDaeyLFjO'),(2024070034,'任强',7,'24renq34@swanstu.edu','$2a$10$ZqMPzOdvD4wmNQjDxPMucOzFQSj9yTLuoKIkUfaQ19LrqYWsPpGbq'),(2024070035,'陈璐',7,'24chenl35@swanstu.edu','$2a$10$qffrkpIls0URhGsMS937KuA3GM/1TUlcAEQPaoRDBwV6yAZqxxkCm'),(2024070036,'桂利',7,'24guil36@swanstu.edu','$2a$10$SPQf.W9mDlj9Qs/o7Mx.De/6Op1.BtdAOinu39bi3D7JxYFykwzIO'),(2024070037,'杨博',7,'24yangb37@swanstu.edu','$2a$10$Y2oHDWz/r4CGaT2MqxWqJO/awVwyTfktwzhjV3RFn/URzBP8oiORa'),(2024070038,'周欢',7,'24zhouh38@swanstu.edu','$2a$10$D12tAJ8R40mYtHqdfnFit.s7tN3eowxP9107w0cGmmPfJ/ljIP7Nq'),(2024070039,'薛丹丹',7,'24xued39@swanstu.edu','$2a$10$/g5DIAF.LQMgLzqcLOWKLu5kOUMCpsDbn/mZ3a9y1QeTDY2EXqfW.'),(2024070040,'孙彬',7,'24sunb40@swanstu.edu','$2a$10$x46Pv7JhrXaIhpGrG/RhruI/rLXnUrZ72ao7IYqp.zd9EG3fGNy.q'),(2024070041,'周倩',7,'24zhouq41@swanstu.edu','$2a$10$mKZwZxyoS6NR21ADYiavpO/d5l0IznD7SBXur4vT8a88ooXg2Gzvq'),(2024070042,'伍刚',7,'24wug42@swanstu.edu','$2a$10$Ylz03GHEuR1TBSlGMUTUBOTYq2O.3FgbhDFjIpdzyXnKKRauAnfVO'),(2024070043,'周军',7,'24zhouj43@swanstu.edu','$2a$10$TO2xITIRjxuYs9ZELYrvGuhGpz2h1CJgVd1JuEMswq0UpMoclNQmO'),(2024070044,'黄琴',7,'24huangq44@swanstu.edu','$2a$10$faK8zZch1W4d/WRvTq/8eOENKBMKXlZn6nuv47YPl5Mekz0Ek3csG'),(2024070045,'杨楠',7,'24yangn45@swanstu.edu','$2a$10$WoyXoXoB24DxqHMsD791EuvrcczvsfunKFrpIlaXNo8f6GUuwYhfC'),(2024070046,'彭倩',7,'24pengq46@swanstu.edu','$2a$10$4dntlbrnbzCBkpzg2dcateFJc35m1xfEgKLx0GfPOL5o5oGBI3zRG'),(2024070047,'胡玉梅',7,'24huy47@swanstu.edu','$2a$10$pKeSW8Y81Qnk2ojzhuO3ZefrYy4NDqpYhrZJGVJkgj5vKULICdNoK'),(2024070048,'王亮',7,'24wangl48@swanstu.edu','$2a$10$rsJSvEfXDfZHBHGzwozl9.MPTayoWPjxtC0LWAiq1iEbJSWibM6gW'),(2024070049,'邓凤英',7,'24dengf49@swanstu.edu','$2a$10$cIOoCUj.rrffsDTefhuLXuUGae5jPNJtKevbLIcpCPwFZexHcm3T2'),(2024070050,'韩玲',7,'24hanl50@swanstu.edu','$2a$10$guMqfaYF/NR3F.uAP1HbK.3ze0RnjJrweuuaW3mFgBkpBz7hQQ912'),(2024070051,'杨婷',7,'24yangt51@swanstu.edu','$2a$10$pUVSUWI6vVlvDdFJH3SrleMPNG9RHMzQ.tli9AbsmSt/ryJlN840i'),(2024070052,'卢璐',7,'24lul52@swanstu.edu','$2a$10$T77k9N7Ial713W6emaRDxuqlNr45s1IWY8FSdXZdGdkRm2KgEzwKy'),(2024070053,'鞠文',7,'24juw53@swanstu.edu','$2a$10$8dJSKGgxqcdJYweNSo7uL.mg3KI0ZSCNLgbKd516AtaWI9h3F5DLq'),(2024070054,'潘淑华',7,'24pans54@swanstu.edu','$2a$10$kbxgmWdNp2tKDfJhrHjOyOSqmCAbz002zTfnUyYzexG24GyA.vo5y'),(2024070055,'陆秀芳',7,'24lux55@swanstu.edu','$2a$10$/j/wW2GRbNBo5Zmu.CKNI.3OIT9zaIiH2PDvxsWDlR9MYNZBDwf/W'),(2024080001,'邱涛',8,'24qiut1@swanstu.edu','$2a$10$CHdr3BTer8ZsFQ3E6Iq9rerGhPEWNdqLW0gmCZ/jLEH79S1SYxJXS'),(2024080002,'李娜',8,'24lin2@swanstu.edu','$2a$10$GASfIx20Gt9nx3O0lBxvGOOR600tfoMGGc7AM7tW6ZNepXRf/zWji'),(2024080003,'曾雷',8,'24cengl3@swanstu.edu','$2a$10$4ukFJl198Lkk4CanpdkfMOnTSkNBjoOmR4XV5rrPoWbynuzd7FnBC'),(2024080004,'郝金凤',8,'24haoj4@swanstu.edu','$2a$10$8r0R6kMFnDGaP8MEqZSfPO2/Dc/wRuYDHugx6GODMuMY88FUCrT.u'),(2024080005,'项金凤',8,'24xiangj5@swanstu.edu','$2a$10$7G7qjD4dvRAXjzrTU5xVGOVb9UwA/kz7UJ8aueySmCKTNw60sip1C'),(2024080006,'刘瑜',8,'24liuy6@swanstu.edu','$2a$10$zxuof2C1ZHJliNOHic7GuuLWC7Qbo7hehMljVIBIGIYwlSvPBeXBy'),(2024080007,'郭伟',8,'24guow7@swanstu.edu','$2a$10$OmVxG8kJV85x8wvQrrHG1OdsqtNv.v6wAOKB9b1rIq8KI1hbh32Qm'),(2024080008,'王秀荣',8,'24wangx8@swanstu.edu','$2a$10$1QXQJ3qQsFk55BYrfxHc7u3zkyYCqQn9JTnbgA.fVSf1WGbsRA6/y'),(2024080009,'李琴',8,'24liq9@swanstu.edu','$2a$10$/i9LDyzoq9FIJi9dvRSZ/uMTvx2bBbKhaPm9uIQIXnF23KvjzHhl6'),(2024080010,'黄桂兰',8,'24huangg10@swanstu.edu','$2a$10$LoyL55EjU4LKDz5bYly8ue74yPq0WgG9qSJbdb2Xj59xFZcPBjW8W'),(2024080011,'杨丽娟',8,'24yangl11@swanstu.edu','$2a$10$/3v6QWoEhPY8L/GPcAq09OdoyPMXcnzT/ghflnuOmkD43KA1.nqYu'),(2024080012,'梅鹏',8,'24meip12@swanstu.edu','$2a$10$/bfExqsck8r93UAs.hDW9Orm3wKeK3rkRRjeEkwXnCQvFx1lefdQq'),(2024080013,'金帆',8,'24jinf13@swanstu.edu','$2a$10$QR/1n3lvNhPqfdXRJ9AE1unxrfBJriSodR8XLYRj5/aML5yYwwMTG'),(2024080014,'吕文',8,'24lvw14@swanstu.edu','$2a$10$o5Ol3G.r4Y3gn48heA2At.8OS4QgP0aBWzjapaxai38CGQ.Z3o41C'),(2024080015,'廖小红',8,'24liaox15@swanstu.edu','$2a$10$xQX94DtnO3sTOdRE0irDx.FxlPsfYKW7Yvj..NX3LkmzyNc0jNsOy'),(2024080016,'焦瑞',8,'24jiaor16@swanstu.edu','$2a$10$05hdXlZc4WGLkG9Pxht7d.yT/rK9SqRBqlkHTxy.4GsPuT042SzrK'),(2024080017,'曾建军',8,'24cengj17@swanstu.edu','$2a$10$QefU21LgWpP6ufpZwKW0Fu7IVJqUemItzHdGiKXReeQ9WOo/Oke/S'),(2024080018,'袁帅',8,'24yuans18@swanstu.edu','$2a$10$LVNZ7p9W7oVkC.yGOkpUIugWYLjYWk8hJCoZf2XUr8PLc8AwDn.ay'),(2024080019,'杜玲',8,'24dul19@swanstu.edu','$2a$10$tv.BIAfjij.J36hk26fg0Oi7lo0AO8kNof/oeIvI.gubk1PFSVcsi'),(2024080020,'阎岩',8,'24yany20@swanstu.edu','$2a$10$mWyUWnPLMaupJK/mYGdHjOFDX2BQ6ZBoXCJqx3Y2vGc0T1Rg8JUzm'),(2024080021,'宋桂香',8,'24songg21@swanstu.edu','$2a$10$ExP5LQqEudtmhVU8Suvn3uYZG435gw8CZ1Lha/KWy5oy0eo8t45pK'),(2024080022,'李伟',8,'24liw22@swanstu.edu','$2a$10$BQh.7I2nBWAlxMoByMcSPeYUTF/UoscphLtC.PXUwlxwwi8KlhP9O'),(2024080023,'刘岩',8,'24liuy23@swanstu.edu','$2a$10$2LGN4NNBzbNSunSciPw3O.Tdssoq4gqfMB8Ww6SNn9vonEefTQhle'),(2024080024,'陈红梅',8,'24chenh24@swanstu.edu','$2a$10$U9kxZRrJgWDD/jXJPuvqhODaIc1nVNMMZIwtLQctMjL5pImjkdQAy'),(2024080025,'马晶',8,'24maj25@swanstu.edu','$2a$10$54odi1NPbpilRjRbikn3vuhaScR7MtOSIvGwR1SwPjoQqi9UgQc2G'),(2024080026,'张霞',8,'24zhangx26@swanstu.edu','$2a$10$ZyWw/46dGaDggmrFN.XOVeZF8sdzBySjxQM/ONSDE3T8dubqCFHsi'),(2024080027,'刘晶',8,'24liuj27@swanstu.edu','$2a$10$2IeqW03znFQYlY/hcC4gB.Ymwc6QZWwEqhP5QHHVXDn.EoZV97msS'),(2024080028,'黄莉',8,'24huangl28@swanstu.edu','$2a$10$NNeUFz.nXo/Lvl.yW9s2HeLjB4O313WvSF6TCDpKvhl/iQzCyJs6e'),(2024080029,'孙玉梅',8,'24suny29@swanstu.edu','$2a$10$c/mkG6/d8CgJZtIlYt.6Q.LSpOjTnJlZCVcFwMa9XeaD2HSBwDS7u'),(2024080030,'刘兵',8,'24liub30@swanstu.edu','$2a$10$4tMyvrkdEvNEfg2LivsTXeeFdT0lKr2Hxq0OjRgvxqqw/kfCSdM2u'),(2024080031,'宋鑫',8,'24songx31@swanstu.edu','$2a$10$0wERAsKG5oyIo4xP2lXU9O3J9wR/oGDqdIEArPFlInCp0MWkZpLee'),(2024080032,'余杰',8,'24yuj32@swanstu.edu','$2a$10$ptg8C2RZVQOV.VtAC7dl4OWCpa1.PSru45eR0jRXaeoPPXzGIFHui'),(2024080033,'龙林',8,'24longl33@swanstu.edu','$2a$10$jg5QDKJFz.pMcDADkGdfYOZYJDoaahNhAk5ejY8kLC7qYOq1gdK/m'),(2024080034,'秦玉珍',8,'24qiny34@swanstu.edu','$2a$10$NGcCBLTrZ9w1suhVXxkCwOkFQiB82ZZYn4EGkNvzyfIOWxd.dRncm'),(2024080035,'文健',8,'24wenj35@swanstu.edu','$2a$10$uJjlQOWcdQ.AwN/1tY2Dae7SST4/JcAPhUhy.AQzQmWMqUZ4FEHxW'),(2024080036,'侯凯',8,'24houk36@swanstu.edu','$2a$10$iyTqnylRRNuYiEGA9OfCeurO8Lpd51WQSE1V9pJtBCSMxzPU9A5qa'),(2024080037,'覃玉兰',8,'24tany37@swanstu.edu','$2a$10$d739/4wbsicnJV9JfMTYSuZ/JYyCxzsE0bx2m.DZq5OmrH7mUcwEa'),(2024080038,'张琳',8,'24zhangl38@swanstu.edu','$2a$10$328hYoMtz9IB2D3E4AbDzumPlmuQ5JUQtJ0lvvS.9/K5ZmOje.3v.'),(2024080039,'朱秀芳',8,'24zhux39@swanstu.edu','$2a$10$fVmFjrMOeYBksR8OPsVi0.MFhqNfCFpyCmdqWxgtuOsASXsxqSn6m'),(2024080040,'胡芳',8,'24huf40@swanstu.edu','$2a$10$juyUG16ZV2Ww7TxELB0C7.cKodtg6Cd/HuMG/RRrhOHuBwYWUf0TO'),(2024080041,'陈荣',8,'24chenr41@swanstu.edu','$2a$10$s1Frtbl8A8T4W2OAdMXLpOLHGTL.8QmZ0NUfEcPbhdCSoFqwBo0uC'),(2024080042,'郭斌',8,'24guob42@swanstu.edu','$2a$10$3RWLUSwvMkFzLSki6dADLuzomJbjnbxdMFfvOO1m/FG./.5RKYUqy'),(2024080043,'张浩',8,'24zhangh43@swanstu.edu','$2a$10$FLLNut0H8ZfOdS1PauL3veiAev1uCjLqAAfHlAw45o6GTb5k6zg1O'),(2024080044,'韦洋',8,'24weiy44@swanstu.edu','$2a$10$9FEB/B6hE9LYQIVMc7PWnu/YIldaulKaJw.BjFE497aSe/nKGCxia'),(2024080045,'张兵',8,'24zhangb45@swanstu.edu','$2a$10$.sV0rli8eWkcYDQL8qXmhe/3LUCdA4wKUc.QstiPW1eqV3OrTXE0S'),(2024080046,'李志强',8,'24liz46@swanstu.edu','$2a$10$79.7N6SjnGM5qTMneGqai.ABHRati/a22Kt5TvQOyYnX.Yipo/x5q'),(2024080047,'张鹏',8,'24zhangp47@swanstu.edu','$2a$10$oiCdoBGvOQFEDkbmXeLoRuqVe9JDUVVbSHjDd61yoHrp.eF/d3Ke6'),(2024080048,'周秀珍',8,'24zhoux48@swanstu.edu','$2a$10$bs3IG.CWXOC94xl2l2C8WOcVOZJfC6VEFBuUD5tmhG40ha3Q.81UG'),(2024080049,'宋东',8,'24songd49@swanstu.edu','$2a$10$eOR2vKC6Qo7O2NnLDy.HzeodqWq.X2LdT9f8.zFtza68z4he0v.cG'),(2024080050,'曹勇',8,'24caoy50@swanstu.edu','$2a$10$TGg2Z49N5LcPCkG7GS4N8u2JQqUD7xxfjHgp76r2ZOaVYFtWT6tau'),(2024080051,'单凯',8,'24dank51@swanstu.edu','$2a$10$rqj2HXuRepf8ysXjrWeW6uAcx2jmujTlH/b0ivzI33mS66g4mTJOG'),(2024080052,'陈秀梅',8,'24chenx52@swanstu.edu','$2a$10$HkYdybuHvO2C2UasLwXRO.I7MTCQP2TAAPLV0pM.Kam3szdN9jOvS'),(2024080053,'李博',8,'24lib53@swanstu.edu','$2a$10$l.c2ktqPPmcDDqDzSj64G.omUQJI4j5UTwsxekGxjObAKY46AGjjC'),(2024080054,'刘淑珍',8,'24lius54@swanstu.edu','$2a$10$coaDKqP5npLN/pMpnkZXPuvaijIob0N3NZtX8L3st.mx3OZ7LW11u'),(2024080055,'许桂荣',8,'24xug55@swanstu.edu','$2a$10$Myahygyikf5LvFsd5sRb6OMg/2RZR.yu6BBI3uA5uO4ByAZEIXDKe'),(2024090001,'欧柳',9,'24oul1@swanstu.edu','$2a$10$Zhw1dBHKv3J8Hy5WlSIKD.5r/oPyiNErafNuZvO8nRsby2o6O.CMm'),(2024090002,'陈芳',9,'24chenf2@swanstu.edu','$2a$10$KUzqu/qAeamRta3AdA1ACu6wjFH5qp9KcRc63w9E7JF1U59Z7Ho2O'),(2024090003,'苏丽娟',9,'24sul3@swanstu.edu','$2a$10$52Vq.b4q1YnKEp3kK/RFjeyAvf7r6.uaRMvzQxFC/ESn9CMhHRAGO'),(2024090004,'孙浩',9,'24sunh4@swanstu.edu','$2a$10$PhXSr37x4Sbg5gVn48EPX.GYfPzZeungsLjPPpEGNGsa6hFk1RkHC'),(2024090005,'陈玉',9,'24cheny5@swanstu.edu','$2a$10$OR/DM6rBAuJTVIf8Bbzcje9AmGfb.OcgUlfmN.Pd/Ffse7u0I4qVW'),(2024090006,'乔雪',9,'24qiaox6@swanstu.edu','$2a$10$TxtkwuLMC2WEkWsEo09SIep9c0GQCIC8Lf1UxhzVdE9NI/5sgKEuG'),(2024090007,'伍慧',9,'24wuh7@swanstu.edu','$2a$10$8OIagweaAzwE0/qyEazvj.4.gPT0zHo9dHKO9PYMMXYISWQQ6TcPu'),(2024090008,'杨健',9,'24yangj8@swanstu.edu','$2a$10$MsnF5673Mg1FXwTj/eaTKu.0mP2ml81ZNAbiPCChdBjT9yTrqEjKC'),(2024090009,'邱建平',9,'24qiuj9@swanstu.edu','$2a$10$KQTnum39haWHuJWartDrcOhbUKuA7D0nCDNjtqWBKXeBKAHRzS7Im'),(2024090010,'周秀荣',9,'24zhoux10@swanstu.edu','$2a$10$fkO1DOyo9OSrXsCQ7FRc5.SjiSTPMYsqtBRe7ndNVPBUL.5UOAbAm'),(2024090011,'杨小红',9,'24yangx11@swanstu.edu','$2a$10$g/9B6NOmLFtN1GQ/oP5W4eaXEHrwE8KuZFotUM.K2abh9MHVQwyBq'),(2024090012,'董华',9,'24dongh12@swanstu.edu','$2a$10$g15JCRegpPobSXGD3dhK9.73vta/.vUwMjcvLtaOGm.cPKwAQ4pEq'),(2024090013,'潘雪梅',9,'24panx13@swanstu.edu','$2a$10$lpuHpzHkbBsRGo.ONeHvk.A9LW5SXL7948ajie.Zsh4Td6VopJLLG'),(2024090014,'刘娟',9,'24liuj14@swanstu.edu','$2a$10$sFF6GMzV8F.8Fi4rOL4S2.QuMjFHg6aKvfA1qo81ygn86zmfJ588u'),(2024090015,'曾荣',9,'24cengr15@swanstu.edu','$2a$10$9NLBtJkidx1DKEERI4QZ2.wGPHdNn9CXNtEudtm0WSwtwN4K7tzkK'),(2024090016,'汤桂荣',9,'24tangg16@swanstu.edu','$2a$10$H3Oo7BwqXWadMJ8P3ziVUeWNodzQMc6Uilmec0DoZonpXOgbOqiii'),(2024090017,'冯雪',9,'24fengx17@swanstu.edu','$2a$10$B95EfGctcVrw79cnbExEu.AdUrn0XTKwbDIDc.rD78jvFR5m/J72K'),(2024090018,'谭凤英',9,'24tanf18@swanstu.edu','$2a$10$rNojKdEK3noRPkqeTiKTo.q9nCAJSGcgWeIck/x7qB16/h.0Z1.L2'),(2024090019,'高莹',9,'24gaoy19@swanstu.edu','$2a$10$UEvgRHSLEyXVFzj.E4k7b.JqlWLqzgxv4JpbqLASXxhoOo6ZCp/0C'),(2024090020,'李斌',9,'24lib20@swanstu.edu','$2a$10$KYgGW0Y9VIJDD2drDVNjj.59rB1bwODtJDn31InzYggonN8W6wr/i'),(2024090021,'彭敏',9,'24pengm21@swanstu.edu','$2a$10$Xbrd2GlVAFHijs4b137QCuywGcPr2fmlVnFuYGERLLOkQvSerw0l2'),(2024090022,'张金凤',9,'24zhangj22@swanstu.edu','$2a$10$UzRaHKDyGtrlb6CzI2EaUef318OhPvHflF4.pwV1MK1gm6gMR6tVW'),(2024090023,'韦萍',9,'24weip23@swanstu.edu','$2a$10$0HtmulmWjU6.MOaNeb1TAubNEmi6uovdixsYT7mWOSjydW5zXnHY2'),(2024090024,'刁婷',9,'24diaot24@swanstu.edu','$2a$10$gwMoISu5zFSpC17dkflFq.DkL6ibLTGWodwnBu7WeeAb2tFDAp8UC'),(2024090025,'耿婷婷',9,'24gengt25@swanstu.edu','$2a$10$RAM98EfZsyclZnjtSQwpAO.uJ5QxY6eldfDxm982IQ4biswtNWEpO'),(2024090026,'胡丽丽',9,'24hul26@swanstu.edu','$2a$10$7Sqo/JvTuMp9l.w8v7tk0O8s53IVg57nHXuWe5vBJl.mKI9i36KGu'),(2024090027,'马春梅',9,'24mac27@swanstu.edu','$2a$10$kXgSu9bT42FN3T.mOTyHKOCJZ6XWku0qON12IZpAH/rdZ2vKXR.gK'),(2024090028,'张丹',9,'24zhangd28@swanstu.edu','$2a$10$HI8wRnOa49k61UTCnOaomuTSsRDpg96l1sLupCY6mo8n.bmbUuSci'),(2024090029,'覃宇',9,'24tany29@swanstu.edu','$2a$10$M3QwGuzn86/Xh.2ri9bJguQt1fdPZORgCaj8M52G4y7nyD5s4GNRW'),(2024090030,'谢志强',9,'24xiez30@swanstu.edu','$2a$10$q91XxY9LwqZUDivaPnEgBOQzu2A6t1dXuH8WhsBblrefubeCSAYPy'),(2024090031,'马岩',9,'24may31@swanstu.edu','$2a$10$8jV9zocGAhBwC/eSr71hOecH9SwJbh.Khih8HwQCKuhon2QL1xlmS'),(2024090032,'陈斌',9,'24chenb32@swanstu.edu','$2a$10$JqzWAKMMcfZnsl5WOjYpneSVpzktdmR6iMcYVMXxawAM9KsABG.G2'),(2024090033,'何杨',9,'24hey33@swanstu.edu','$2a$10$Z15as8Wcuk.ZYX5EDQmFM.HICmpYcwe1Aar2JxVE0zzNY3tYoDnmG'),(2024090034,'程军',9,'24chengj34@swanstu.edu','$2a$10$WPOpJlsCFyexQhRORfL5iOisCHQ2H/L6vpfP5naHkvP7hZiP.PKi.'),(2024090035,'廖玉英',9,'24liaoy35@swanstu.edu','$2a$10$8/sfx0AbOOh4BfDHiNTdsunl0xtY89wrax7t5/d4SSNn24HyuQOQK'),(2024090036,'陈超',9,'24chenc36@swanstu.edu','$2a$10$QCaykTCgf3/L2By3y5W8HO1NfaVjy/uLj5HzUhIjSW8l2UyqBYDsa'),(2024090037,'杨丹丹',9,'24yangd37@swanstu.edu','$2a$10$h6PVYpr2EKYOQ0KwS0ZN/.cpV6AeiPaWEg59bBjd7kKANEZPbkpQi'),(2024090038,'赵金凤',9,'24zhaoj38@swanstu.edu','$2a$10$PBMOYbmIBPkbbmRjVDUvc.uDqsZzYf9eiT153DurINw1rcTQMkwb.'),(2024090039,'申想',9,'24shenx39@swanstu.edu','$2a$10$X1uhjpNBtsJbw0b8YvsI6.uxZtfFTY2Rj9fTu2L4EGao7uuFHDoYK'),(2024090040,'池宇',9,'24chiy40@swanstu.edu','$2a$10$GuQ3A2Zs0sqO4JmYjXBFxeasLbAxGFPM21Rhmel4q2e3eYjhxLtJC'),(2024090041,'夏桂英',9,'24xiag41@swanstu.edu','$2a$10$gzGDGhCQ6KU7pyV9uPRp7uIADx0tJR0j4BiWfjvuiZPBTcRsF/.xW'),(2024090042,'谷玲',9,'24gul42@swanstu.edu','$2a$10$2gLoqgiSBhFAIBlCiEAtVOoTc6si7uZ5wm0Hb2IYnu6wD3.P2Ve4y'),(2024090043,'黄志强',9,'24huangz43@swanstu.edu','$2a$10$6a8cqLrASyjNnCoB71kVHuz/ImM.ld00IEX/MYHtzMNzy7ubZ13dW'),(2024090044,'穆丹丹',9,'24mud44@swanstu.edu','$2a$10$LLflHZXjz59Wwm4EQXgof.axZHVbh8HMWHvUT/ZoD9oIEsRcUqlha'),(2024090045,'张海燕',9,'24zhangh45@swanstu.edu','$2a$10$tE2yC0DO8iN/HsiZ1OvRI.8FkqQyRnvsqerzgviFfxGzIMN1XdQEi'),(2024090046,'张洋',9,'24zhangy46@swanstu.edu','$2a$10$44xvkKkWxvNZAsO8aWJIKesWcB.1taK7o6jvQh5e0sKYWZJ7OrRke'),(2024090047,'贾晶',9,'24jiaj47@swanstu.edu','$2a$10$gwywv2DDq2cKXOXzQS8ZQOSL9.lGA7JKlWIsBvrZINvAnriYRQCee'),(2024090048,'顾玉华',9,'24guy48@swanstu.edu','$2a$10$9c18j7BKmUBJKDHay6PMI./FG5Np.fXII/dsuWMRHgu2hfX.LiK3S'),(2024090049,'赵俊',9,'24zhaoj49@swanstu.edu','$2a$10$VbMdsdIX35AuN7eBKA1sMuPcQdy0l99tIXOyI6ICGJTkIA2EQerzm'),(2024090050,'赵桂英',9,'24zhaog50@swanstu.edu','$2a$10$NpVQLezLAw3PPtF0E8CtE.Nzt9zOWEITr6TMbwuLGjy9EaJy38EHq'),(2024090051,'苏玉',9,'24suy51@swanstu.edu','$2a$10$ktfqFj1fhVbq994d9D2n7OIhbFxjJFW7c6SUWFJBsxSzTuKH3Gn.q'),(2024090052,'蔡彬',9,'24caib52@swanstu.edu','$2a$10$JLm9iwDe26udoc3yz64Y8.P3vEZa5sU4b2UsZJRaQwABE0cMDv3ne'),(2024090053,'李琳',9,'24lil53@swanstu.edu','$2a$10$L1Xjy3pnjBtfCeBjExQ23OXLZ8bccwfcwySmJ7b/FDYKWRJORdw6y'),(2024090054,'李欢',9,'24lih54@swanstu.edu','$2a$10$HbMZVwiw47I4BsISkIzZYeGP8owElRfvtAa0MeDMcd/j3nib6drUe'),(2024090055,'张桂花',9,'24zhangg55@swanstu.edu','$2a$10$2TKVh5v3SXWyKqLUYztunO3izD1jPJU.rV1ngAaCTyAG10zYgSZIq');

/*Table structure for table `teacher` */

DROP TABLE IF EXISTS `teacher`;

CREATE TABLE `teacher` (
  `teacher_id` int NOT NULL AUTO_INCREMENT COMMENT '教师唯一ID',
  `name` varchar(50) NOT NULL COMMENT '教师姓名',
  `department_id` int NOT NULL COMMENT '所属院系ID（外键关联department表）',
  `email` varchar(100) NOT NULL COMMENT '教师邮箱（唯一登录账号）',
  `password` varchar(255) NOT NULL COMMENT '登录密码（bcrypt哈希存储）',
  PRIMARY KEY (`teacher_id`),
  UNIQUE KEY `email` (`email`),
  KEY `teacher_ibfk_1` (`department_id`),
  CONSTRAINT `teacher_ibfk_1` FOREIGN KEY (`department_id`) REFERENCES `department` (`department_id`) ON DELETE CASCADE ON UPDATE CASCADE
) ENGINE=InnoDB AUTO_INCREMENT=509002 DEFAULT CHARSET=utf8mb4 COLLATE=utf8mb4_0900_ai_ci COMMENT='教师信息表';

/*Data for the table `teacher` */

insert  into `teacher`(`teacher_id`,`name`,`department_id`,`email`,`password`) values (501004,'李教授',1,'li@example.com','$2a$10$wKJeWvqM7eHNI02bWccto.GtqKW0QYjIaVzJCocM9H7GixM3BdmTa'),(501005,'王教授',1,'wang@example.com','$2a$10$wKJeWvqM7eHNI02bWccto.GtqKW0QYjIaVzJCocM9H7GixM3BdmTa'),(502006,'张教授',2,'zhang@example.com','$2a$10$Kbdv93n6GbzGGYFxDVHbwuZkCtI3O8oHVA.VWb89TyckaKgKv7Haa'),(502066,'刘教授',2,'liu@qq.com','$2a$10$CoEGBE8mQnF/sJuabwFfdO3LIDO2el2fEfmR5xpDmDdXkl9VtdjrW'),(503001,'张飞讲师',3,'zf@swan.edu','$2a$10$ZsyixFfrdn.0SBDCnz.co.7AOd8wGcW0fA4WrYKPJtXy1/BDAFIue'),(504001,'简单助教',4,'s1mple@swan.edu','$2a$10$lPlBQTrPvQsz5pFJxpE3geSmEZ7acZggTNpwOvhQZ8p5Rx08CZIS6'),(505001,'胡康宁教授',5,'hkn@sawn.edu','$2a$10$VRHrCYQ/ya3gM.IZXv7.JeoGKZeJwV14otTLZQer0xry/swZaUIu.'),(506020,'俞敏洪讲师',6,'ymh@swan.edu','$2a$10$7.HS3MPN4.3/.R1PZR98keLNQ9z56MAejYWIy1qaOJUq/Qe/9KZXG'),(507001,'刘亦菲讲师',7,'lyf@swan.edu','$2a$10$jN4lm7/wmMMhIp6Jzd0rNOi/a2aHSyDBzJvhL8QJRMUjUjWbKgD9y'),(508001,'韩金龙助教',8,'hjl@swan.edu','$2a$10$Qz.HPYXqh.B.SRRfLAEQXu1S2gGCwlTjWg7zhHmci0ImYIyrRppoi'),(509001,'马哲教授',9,'mz@swan.edu','$2a$10$wKJeWvqM7eHNI02bWccto.GtqKW0QYjIaVzJCocM9H7GixM3BdmTa');

/*Table structure for table `team` */

DROP TABLE IF EXISTS `team`;

CREATE TABLE `team` (
  `team_id` int NOT NULL AUTO_INCREMENT COMMENT '队伍唯一ID',
  `name` varchar(100) NOT NULL COMMENT '队伍名称',
  `competition_id` int NOT NULL COMMENT '关联竞赛ID（外键competition表）',
  `captain_id` int NOT NULL COMMENT '队长ID（外键student表）',
  `department_id` int DEFAULT NULL COMMENT '队伍所在院系ID',
  `teacher_id` int DEFAULT NULL COMMENT '指导教师ID',
  `member_count` int DEFAULT NULL COMMENT '队伍成员数量',
  `max_member_count` int DEFAULT NULL COMMENT '队伍最大成员数量',
  `created_at` datetime DEFAULT CURRENT_TIMESTAMP COMMENT '创建时间',
  PRIMARY KEY (`team_id`),
  KEY `idx_team_competition` (`competition_id`),
  KEY `team_ibfk_2` (`captain_id`),
  KEY `team_ibfk_3` (`teacher_id`),
  KEY `team_ibfk_4` (`department_id`),
  CONSTRAINT `team_ibfk_1` FOREIGN KEY (`competition_id`) REFERENCES `competition` (`competition_id`) ON DELETE CASCADE ON UPDATE CASCADE,
  CONSTRAINT `team_ibfk_2` FOREIGN KEY (`captain_id`) REFERENCES `student` (`student_id`) ON DELETE CASCADE ON UPDATE CASCADE,
  CONSTRAINT `team_ibfk_3` FOREIGN KEY (`teacher_id`) REFERENCES `teacher` (`teacher_id`) ON DELETE CASCADE ON UPDATE CASCADE,
  CONSTRAINT `team_ibfk_4` FOREIGN KEY (`department_id`) REFERENCES `department` (`department_id`) ON DELETE CASCADE ON UPDATE CASCADE
) ENGINE=InnoDB AUTO_INCREMENT=10013 DEFAULT CHARSET=utf8mb4 COLLATE=utf8mb4_0900_ai_ci COMMENT='竞赛队伍信息表';

/*Data for the table `team` */

insert  into `team`(`team_id`,`name`,`competition_id`,`captain_id`,`department_id`,`teacher_id`,`member_count`,`max_member_count`,`created_at`) values (10000,'测试小队',1001,2023020701,2,502006,3,5,'2025-05-11 18:43:40'),(10003,'test5',1001,2023020704,2,502006,1,5,'2025-05-13 21:56:21'),(10004,'test3',1001,2023020704,2,502006,1,7,'2025-05-13 22:39:42'),(10005,'江山就是人民队',1001,2023010199,2,502066,1,6,'2025-05-15 07:19:34'),(10006,'李琴队',1003,2024080009,8,508001,3,3,'2025-05-17 21:44:23'),(10007,'洛璃花队',1011,2023020004,2,502066,3,3,'2025-05-17 23:04:48'),(10010,'郑玉队',1002,2021010001,1,501004,3,3,'2025-05-18 22:07:17'),(10011,'TeamLiquid',1012,2022040027,4,504001,5,5,'2025-05-18 22:10:04'),(10012,'努力努力队',1014,2022060022,6,506020,2,3,'2025-05-19 20:09:53');

/*Table structure for table `team_member` */

DROP TABLE IF EXISTS `team_member`;

CREATE TABLE `team_member` (
  `team_id` int NOT NULL COMMENT '队伍ID（外键team表）',
  `student_id` int NOT NULL COMMENT '学生成员ID（外键student表）',
  `joined_at` datetime DEFAULT CURRENT_TIMESTAMP COMMENT '加入时间',
  PRIMARY KEY (`team_id`,`student_id`),
  KEY `team_member_ibfk_2` (`student_id`),
  CONSTRAINT `team_member_ibfk_1` FOREIGN KEY (`team_id`) REFERENCES `team` (`team_id`) ON DELETE CASCADE ON UPDATE CASCADE,
  CONSTRAINT `team_member_ibfk_2` FOREIGN KEY (`student_id`) REFERENCES `student` (`student_id`) ON DELETE CASCADE ON UPDATE CASCADE
) ENGINE=InnoDB DEFAULT CHARSET=utf8mb4 COLLATE=utf8mb4_0900_ai_ci COMMENT='队伍成员关系表';

/*Data for the table `team_member` */

insert  into `team_member`(`team_id`,`student_id`,`joined_at`) values (10000,2023020701,'2025-05-11 18:50:16'),(10000,2023020702,'2025-05-11 18:50:47'),(10000,2023020703,'2025-05-11 18:50:45'),(10004,2023020704,'2025-05-14 10:42:57'),(10005,2023010199,'2025-05-17 23:15:33'),(10006,2024080009,'2025-05-17 21:46:36'),(10006,2024080011,'2025-05-17 22:48:32'),(10006,2024080013,'2025-05-18 23:53:46'),(10007,2023020004,'2025-05-17 23:15:37'),(10007,2023020005,'2025-05-17 23:15:40'),(10007,2023020006,'2025-05-17 23:15:42'),(10010,2021010001,'2025-05-18 23:51:08'),(10010,2021010002,'2025-05-18 23:51:05'),(10010,2021010003,'2025-05-18 23:51:03'),(10011,2022040027,'2025-05-18 23:52:10'),(10011,2022040028,'2025-05-18 23:52:08'),(10011,2022040029,'2025-05-18 23:52:06'),(10011,2022040030,'2025-05-18 23:52:03'),(10011,2022040031,'2025-05-18 23:52:01'),(10012,2022060022,'2025-05-19 21:53:02'),(10012,2023060041,'2025-05-19 21:35:44');

/* Trigger structure for table `competition` */

DELIMITER $$

/*!50003 DROP TRIGGER*//*!50032 IF EXISTS */ /*!50003 `update_competition_status_insert` */$$

/*!50003 CREATE */ /*!50017 DEFINER = 'root'@'localhost' */ /*!50003 TRIGGER `update_competition_status_insert` BEFORE INSERT ON `competition` FOR EACH ROW BEGIN
  IF NEW.signup_start_time > NOW() THEN
    SET NEW.status = 'pending';
  ELSEIF NEW.signup_start_time < NOW() THEN
    SET NEW.status = 'available';
  ELSEIF NEW.signup_end_time < NOW() THEN
    SET NEW.status = 'active';
  ELSEIF NEW.competition_end_time < NOW() THEN
    SET NEW.status = 'ended';
  END IF;
END */$$


DELIMITER ;

/* Trigger structure for table `competition` */

DELIMITER $$

/*!50003 DROP TRIGGER*//*!50032 IF EXISTS */ /*!50003 `update_competition_status_update` */$$

/*!50003 CREATE */ /*!50017 DEFINER = 'root'@'localhost' */ /*!50003 TRIGGER `update_competition_status_update` BEFORE UPDATE ON `competition` FOR EACH ROW BEGIN
  IF NEW.signup_start_time > NOW() THEN
    SET NEW.status = 'pending';
  ELSEIF NEW.signup_start_time < NOW() THEN
    SET NEW.status = 'available';
  ELSEIF NEW.signup_end_time < NOW() THEN
    SET NEW.status = 'active';
  ELSEIF NEW.competition_end_time < NOW() THEN
    SET NEW.status = 'ended';
  END IF;
END */$$


DELIMITER ;

/* Trigger structure for table `team_member` */

DELIMITER $$

/*!50003 DROP TRIGGER*//*!50032 IF EXISTS */ /*!50003 `update_member_count_after_insert` */$$

/*!50003 CREATE */ /*!50017 DEFINER = 'root'@'localhost' */ /*!50003 TRIGGER `update_member_count_after_insert` AFTER INSERT ON `team_member` FOR EACH ROW BEGIN
    -- 更新对应team_id的member_count为当前成员数量
    UPDATE team t
    SET t.member_count = (
        SELECT COUNT(*) 
        FROM team_member tm 
        WHERE tm.team_id = NEW.team_id
    )
    WHERE t.team_id = NEW.team_id;
END */$$


DELIMITER ;

/* Trigger structure for table `team_member` */

DELIMITER $$

/*!50003 DROP TRIGGER*//*!50032 IF EXISTS */ /*!50003 `update_member_count_after_delete` */$$

/*!50003 CREATE */ /*!50017 DEFINER = 'root'@'localhost' */ /*!50003 TRIGGER `update_member_count_after_delete` AFTER DELETE ON `team_member` FOR EACH ROW BEGIN
    -- 更新对应team_id的member_count为当前成员数量
    UPDATE team t
    SET t.member_count = (
        SELECT COUNT(*) 
        FROM team_member tm 
        WHERE tm.team_id = OLD.team_id
    )
    WHERE t.team_id = OLD.team_id;
END */$$


DELIMITER ;

/*!50106 set global event_scheduler = 1*/;

/* Event structure for event `auto_update_competition_status` */

/*!50106 DROP EVENT IF EXISTS `auto_update_competition_status`*/;

DELIMITER $$

/*!50106 CREATE DEFINER=`root`@`localhost` EVENT `auto_update_competition_status` ON SCHEDULE EVERY 30 MINUTE STARTS '2025-05-15 06:01:30' ON COMPLETION NOT PRESERVE ENABLE DO BEGIN
    UPDATE competition 
    SET status = CASE 
        WHEN signup_start_time > NOW() THEN 'pending'
        WHEN signup_end_time < NOW() THEN 'active'
        WHEN competition_end_time < NOW() THEN 'ended'
        ELSE status
    END;
END */$$
DELIMITER ;

/*!40101 SET SQL_MODE=@OLD_SQL_MODE */;
/*!40014 SET FOREIGN_KEY_CHECKS=@OLD_FOREIGN_KEY_CHECKS */;
/*!40014 SET UNIQUE_CHECKS=@OLD_UNIQUE_CHECKS */;
/*!40111 SET SQL_NOTES=@OLD_SQL_NOTES */;
