{
	"pages": [
		{
			"path": "pages/index/index",
			"style": {
				"navigationBarTitleText": "首页",
				"enablePullDownRefresh": true
			}
		},
		{
			"path": "pages/competition/list",
			"style": {
				"navigationBarTitleText": "竞赛",
				"enablePullDownRefresh": true
			}
		},
		{
			"path": "pages/user/index",
			"style": {
				"navigationBarTitleText": "我的",
				"enablePullDownRefresh": true
			}
		},
		{
			"path": "pages/login/index",
			"style": {
				"navigationBarTitleText": "登录",
				"navigationStyle": "custom"
			}
		}
	],
	"globalStyle": {
		"navigationBarTextStyle": "white",
		"navigationBarTitleText": "竞赛管理系统",
		"navigationBarBackgroundColor": "#1890ff",
		"backgroundColor": "#F8F8F8"
	},
	"tabBar": {
		"color": "#999999",
		"selectedColor": "#1890ff",
		"backgroundColor": "#ffffff",
		"borderStyle": "black",
		"list": [
			{
				"pagePath": "pages/index/index",
				"text": "首页",
				"iconPath": "static/tabbar/home.png",
				"selectedIconPath": "static/tabbar/home-active.png"
			},
			{
				"pagePath": "pages/competition/list",
				"text": "竞赛",
				"iconPath": "static/tabbar/competition.png",
				"selectedIconPath": "static/tabbar/competition-active.png"
			},
			{
				"pagePath": "pages/user/index",
				"text": "我的",
				"iconPath": "static/tabbar/user.png",
				"selectedIconPath": "static/tabbar/user-active.png"
			}
		]
	},
	"uniIdRouter": {}
}
